# Exported from 3D Builder
mtllib ATC030006.mtl

o Object.1
v 122.086998 910.200928 1139.999878 0 133 112
v 112.592102 910.200928 1140.037842 0 133 112
v 112.592102 940.200928 1140.037842 0 133 112
v 122.086998 940.200928 1139.999878 0 133 112
v 793.990784 910.200928 794.999939 0 133 112
v 793.990784 940.200928 794.999939 0 133 112
v 122.144302 910.200928 449.999939 0 133 112
v 122.144302 940.200928 449.999939 0 133 112
v 112.592201 910.200928 449.961914 0 133 112
v 112.592201 940.200928 449.961914 0 133 112
v 112.592102 910.200928 420.002319 0 133 112
v 112.592102 940.200928 420.002319 0 133 112
v 1541.071289 910.200928 420.002319 0 133 112
v 1541.071289 940.200928 420.002319 0 133 112
v 1541.071289 910.200928 449.997498 0 133 112
v 1541.071289 940.200928 449.997498 0 133 112
v 1531.437500 910.200928 449.999939 0 133 112
v 1531.437500 940.200928 449.999939 0 133 112
v 859.672729 910.200928 794.999939 0 133 112
v 859.672729 940.200928 794.999939 0 133 112
v 1531.404663 910.200928 1139.999878 0 133 112
v 1531.404663 940.200928 1139.999878 0 133 112
v 1541.071289 910.200928 1140.113647 0 133 112
v 1541.071289 940.200928 1140.113647 0 133 112
v 1541.071289 910.200928 1169.961914 0 133 112
v 1541.071289 940.200928 1169.961914 0 133 112
v 112.592201 910.200928 1169.961914 0 133 112
v 112.592201 940.200928 1169.961914 0 133 112
v 1465.987061 910.200928 1139.999878 0 133 112
v 187.607193 910.200928 1139.999878 0 133 112
v 187.607193 940.200928 1139.999878 0 133 112
v 1465.987061 940.200928 1139.999878 0 133 112
v 826.836914 910.200928 811.878540 0 133 112
v 826.836914 940.200928 811.878540 0 133 112
v 826.806702 910.200928 778.087097 0 133 112
v 187.630402 910.200928 449.999939 0 133 112
v 187.630402 940.200928 449.999939 0 133 112
v 826.806702 940.200928 778.087097 0 133 112
v 1466.044434 910.200928 449.999939 0 133 112
v 1466.044434 940.200928 449.999939 0 133 112
v 1609.543579 939.236389 1244.853027 0 133 112
v 1612.238770 925.686707 1244.853027 0 133 112
v 1608.364502 925.686707 1241.102783 0 133 112
v 1605.964233 937.753784 1241.102783 0 133 112
v 1612.661377 940.527893 1248.998291 0 133 112
v 1615.613525 925.686707 1248.998291 0 133 112
v 1615.295410 941.618896 1253.488525 0 133 112
v 1618.464355 925.686707 1253.488525 0 133 112
v 1617.423096 942.500183 1258.273682 0 133 112
v 1620.767578 925.686707 1258.273682 0 133 112
v 1619.022217 943.162598 1263.302979 0 133 112
v 1622.498413 925.686707 1263.302979 0 133 112
v 1620.070557 943.596802 1268.526611 0 133 112
v 1623.633057 925.686707 1268.526611 0 133 112
v 1620.545410 943.793518 1273.893921 0 133 112
v 1624.146973 925.686707 1273.893921 0 133 112
v 1620.429199 943.745422 1279.284424 0 133 112
v 1624.021240 925.686707 1279.284424 0 133 112
v 1619.731445 943.456421 1284.576172 0 133 112
v 1623.266113 925.686707 1284.576172 0 133 112
v 1618.471436 942.934387 1289.717285 0 133 112
v 1621.902100 925.686707 1289.717285 0 133 112
v 1616.667847 942.187378 1294.655762 0 133 112
v 1619.949951 925.686707 1294.655762 0 133 112
v 1614.339844 941.223083 1299.339844 0 133 112
v 1617.430176 925.686707 1299.339844 0 133 112
v 1611.506104 940.049316 1303.717773 0 133 112
v 1614.362915 925.686707 1303.717773 0 133 112
v 1608.185791 938.674011 1307.737305 0 133 112
v 1610.769043 925.686707 1307.737305 0 133 112
v 1604.448730 937.125977 1311.302612 0 133 112
v 1606.724121 925.686707 1311.302612 0 133 112
v 1600.384155 935.442383 1314.338501 0 133 112
v 1602.324707 925.686707 1314.338501 0 133 112
v 1596.040161 933.643127 1316.825195 0 133 112
v 1597.622803 925.686707 1316.825195 0 133 112
v 1591.464844 931.747925 1318.742188 0 133 112
v 1592.670410 925.686707 1318.742188 0 133 112
v 1586.706177 929.776917 1320.069336 0 133 112
v 1587.519775 925.686707 1320.069336 0 133 112
v 1581.812500 927.749817 1320.786987 0 133 112
v 1582.222778 925.686707 1320.786987 0 133 112
v 1576.831665 925.686707 1320.874634 0 133 112
v 1576.831543 925.686707 1320.874634 0 133 112
v 1576.683716 925.625488 0.000000 0 133 112
v 1576.671631 925.686829 0.000000 0 133 112
v 1613.393311 940.831116 0.000000 0 133 112
v 1616.405762 925.686829 0.000000 0 133 112
v 1613.392090 940.830505 1230.105469 0 133 112
v 1616.404297 925.686707 1230.105469 0 133 112
v 1613.334229 940.806580 1230.390137 0 133 112
v 1616.341797 925.686707 1230.390137 0 133 112
v 1613.260742 940.776184 1230.661865 0 133 112
v 1616.262207 925.686707 1230.661865 0 133 112
v 1613.173096 940.739807 1230.924072 0 133 112
v 1616.167358 925.686707 1230.924072 0 133 112
v 1613.072754 940.698181 1231.180176 0 133 112
v 1616.058594 925.686707 1231.180176 0 133 112
v 1612.961182 940.651978 1231.433105 0 133 112
v 1615.937866 925.686707 1231.433105 0 133 112
v 1612.839844 940.601685 1231.686279 0 133 112
v 1615.806519 925.686707 1231.686279 0 133 112
v 1612.710205 940.548096 1231.942993 0 133 112
v 1615.666260 925.686707 1231.942993 0 133 112
v 1612.571533 940.490723 1232.198730 0 133 112
v 1615.516235 925.686707 1232.198730 0 133 112
v 1612.422363 940.428772 1232.447021 0 133 112
v 1615.354736 925.686707 1232.447021 0 133 112
v 1612.262695 940.362671 1232.687256 0 133 112
v 1615.181885 925.686707 1232.687256 0 133 112
v 1612.092896 940.292419 1232.919189 0 133 112
v 1614.998169 925.686707 1232.919189 0 133 112
v 1611.913330 940.218018 1233.142334 0 133 112
v 1614.803711 925.686707 1233.142334 0 133 112
v 1611.724243 940.139709 1233.356323 0 133 112
v 1614.599121 925.686707 1233.356323 0 133 112
v 1611.525879 940.057495 1233.560791 0 133 112
v 1614.384277 925.686707 1233.560791 0 133 112
v 1611.318848 939.971680 1233.755127 0 133 112
v 1614.160156 925.686707 1233.755127 0 133 112
v 1611.103638 939.882629 1233.938599 0 133 112
v 1613.927368 925.686707 1233.938599 0 133 112
v 1610.880859 939.790405 1234.110840 0 133 112
v 1613.686279 925.686707 1234.110840 0 133 112
v 1610.651123 939.695190 1234.271729 0 133 112
v 1613.437500 925.686707 1234.271729 0 133 112
v 1610.414551 939.597229 1234.420898 0 133 112
v 1613.181519 925.686707 1234.420898 0 133 112
v 1610.171875 939.496582 1234.558105 0 133 112
v 1612.918701 925.686707 1234.558105 0 133 112
v 1609.923340 939.393677 1234.683105 0 133 112
v 1612.649658 925.686707 1234.683105 0 133 112
v 1609.597412 939.258728 1234.834229 0 133 112
v 1612.297119 925.686707 1234.834229 0 133 112
v 1609.318848 939.143372 1234.980591 0 133 112
v 1611.995605 925.686707 1234.980591 0 133 112
v 1609.073120 939.041626 1235.131592 0 133 112
v 1611.729492 925.686707 1235.131592 0 133 112
v 1608.845825 938.947388 1235.296387 0 133 112
v 1611.483521 925.686707 1235.296387 0 133 112
v 1608.622437 938.854919 1235.484863 0 133 112
v 1611.241699 925.686707 1235.484863 0 133 112
v 1608.388672 938.757996 1235.705566 0 133 112
v 1610.988525 925.686707 1235.705566 0 133 112
v 1608.129883 938.650818 1235.968506 0 133 112
v 1610.708496 925.686707 1235.968506 0 133 112
v 1607.861328 938.539612 1236.262695 0 133 112
v 1610.417969 925.686707 1236.262695 0 133 112
v 1607.608398 938.434875 1236.571777 0 133 112
v 1610.144165 925.686707 1236.571777 0 133 112
v 1607.371582 938.336670 1236.894775 0 133 112
v 1609.887695 925.686707 1236.894775 0 133 112
v 1607.151123 938.245422 1237.230957 0 133 112
v 1609.649170 925.686707 1237.230957 0 133 112
v 1606.947754 938.161194 1237.579590 0 133 112
v 1609.428955 925.686707 1237.579590 0 133 112
v 1606.761719 938.084229 1237.940186 0 133 112
v 1609.227783 925.686707 1237.940186 0 133 112
v 1606.593750 938.014526 1238.311646 0 133 112
v 1609.045898 925.686707 1238.311646 0 133 112
v 1606.444458 937.952820 1238.692383 0 133 112
v 1608.884277 925.686707 1238.692383 0 133 112
v 1606.314697 937.898987 1239.080566 0 133 112
v 1608.743896 925.686707 1239.080566 0 133 112
v 1606.204590 937.853271 1239.475342 0 133 112
v 1608.624512 925.686707 1239.475342 0 133 112
v 1606.114258 937.815918 1239.875732 0 133 112
v 1608.526855 925.686707 1239.875732 0 133 112
v 1606.043945 937.786804 1240.281250 0 133 112
v 1608.450684 925.686707 1240.281250 0 133 112
v 1605.993896 937.766113 1240.690430 0 133 112
v 1608.396484 925.686707 1240.690430 0 133 112
v 1601.868286 950.723328 1244.853027 0 133 112
v 1599.128784 947.983826 1241.102783 0 133 112
v 1604.254639 953.109619 1248.998291 0 133 112
v 1606.270508 955.125488 1253.488525 0 133 112
v 1607.899048 956.754089 1258.273682 0 133 112
v 1609.123047 957.978027 1263.302979 0 133 112
v 1609.925293 958.780273 1268.526611 0 133 112
v 1610.288696 959.143677 1273.893921 0 133 112
v 1610.199707 959.054810 1279.284424 0 133 112
v 1609.665771 958.520874 1284.576172 0 133 112
v 1608.701416 957.556396 1289.717285 0 133 112
v 1607.321045 956.176025 1294.655762 0 133 112
v 1605.539063 954.394226 1299.339844 0 133 112
v 1603.370361 952.225403 1303.717773 0 133 112
v 1600.829102 949.684082 1307.737305 0 133 112
v 1597.968872 946.823914 1311.302612 0 133 112
v 1594.857910 943.713013 1314.338501 0 133 112
v 1591.533203 940.388184 1316.825195 0 133 112
v 1588.031494 936.886414 1318.742188 0 133 112
v 1584.389404 933.244385 1320.069336 0 133 112
v 1580.643799 929.498779 1320.786987 0 133 112
v 1576.718384 925.573486 0.000000 0 133 112
v 1604.814697 953.669922 0.000000 0 133 112
v 1604.813843 953.668884 1230.105469 0 133 112
v 1604.769531 953.624573 1230.390137 0 133 112
v 1604.713379 953.568420 1230.661865 0 133 112
v 1604.646240 953.501282 1230.924072 0 133 112
v 1604.569336 953.424377 1231.180176 0 133 112
v 1604.483887 953.338989 1231.433105 0 133 112
v 1604.391113 953.246216 1231.686279 0 133 112
v 1604.291992 953.146973 1231.942993 0 133 112
v 1604.185791 953.040894 1232.198730 0 133 112
v 1604.071533 952.926575 1232.447021 0 133 112
v 1603.949463 952.804382 1232.687256 0 133 112
v 1603.819580 952.674622 1232.919189 0 133 112
v 1603.682129 952.537109 1233.142334 0 133 112
v 1603.537354 952.392273 1233.356323 0 133 112
v 1603.385498 952.240479 1233.560791 0 133 112
v 1603.227051 952.081970 1233.755127 0 133 112
v 1603.062256 951.917419 1233.938599 0 133 112
v 1602.891846 951.746887 1234.110840 0 133 112
v 1602.716064 951.570984 1234.271729 0 133 112
v 1602.534912 951.390015 1234.420898 0 133 112
v 1602.349121 951.204224 1234.558105 0 133 112
v 1602.158936 951.013977 1234.683105 0 133 112
v 1601.909546 950.764587 1234.834229 0 133 112
v 1601.696289 950.551392 1234.980591 0 133 112
v 1601.508301 950.363281 1235.131592 0 133 112
v 1601.334229 950.189270 1235.296387 0 133 112
v 1601.163330 950.018372 1235.484863 0 133 112
v 1600.984375 949.839417 1235.705566 0 133 112
v 1600.786255 949.641296 1235.968506 0 133 112
v 1600.580811 949.435913 1236.262695 0 133 112
v 1600.387207 949.242188 1236.571777 0 133 112
v 1600.205933 949.060974 1236.894775 0 133 112
v 1600.037231 948.892273 1237.230957 0 133 112
v 1599.881592 948.736572 1237.579590 0 133 112
v 1599.739258 948.594177 1237.940186 0 133 112
v 1599.610596 948.465576 1238.311646 0 133 112
v 1599.496338 948.351379 1238.692383 0 133 112
v 1599.396973 948.252075 1239.080566 0 133 112
v 1599.312744 948.167725 1239.475342 0 133 112
v 1599.243652 948.098572 1239.875732 0 133 112
v 1599.189697 948.044800 1240.281250 0 133 112
v 1599.151489 948.006470 1240.690430 0 133 112
v 1590.381348 958.398682 1244.853027 0 133 112
v 1588.898804 954.819275 1241.102783 0 133 112
v 1591.672852 961.516479 1248.998291 0 133 112
v 1592.763916 964.150513 1253.488525 0 133 112
v 1593.645264 966.278198 1258.273682 0 133 112
v 1594.307617 967.877380 1263.302979 0 133 112
v 1594.741821 968.925598 1268.526611 0 133 112
v 1594.938477 969.400513 1273.893921 0 133 112
v 1594.890381 969.284180 1279.284424 0 133 112
v 1594.601318 968.586609 1284.576172 0 133 112
v 1594.079468 967.326477 1289.717285 0 133 112
v 1593.332397 965.522888 1294.655762 0 133 112
v 1592.368042 963.194824 1299.339844 0 133 112
v 1591.194336 960.361206 1303.717773 0 133 112
v 1589.819092 957.040894 1307.737305 0 133 112
v 1588.270996 953.303772 1311.302612 0 133 112
v 1586.587402 949.239319 1314.338501 0 133 112
v 1584.788086 944.895325 1316.825195 0 133 112
v 1582.892944 940.319885 1318.742188 0 133 112
v 1580.921875 935.561279 1320.069336 0 133 112
v 1578.894775 930.667480 1320.786987 0 133 112
v 1576.831787 925.686829 1320.874634 0 133 112
v 1576.770264 925.538818 0.000000 0 133 112
v 1591.975830 962.248413 0.000000 0 133 112
v 1591.975586 962.247192 1230.105469 0 133 112
v 1591.951660 962.189392 1230.390137 0 133 112
v 1591.921143 962.115906 1230.661865 0 133 112
v 1591.884766 962.028320 1230.924072 0 133 112
v 1591.843262 961.927917 1231.180176 0 133 112
v 1591.796997 961.816223 1231.433105 0 133 112
v 1591.746826 961.694885 1231.686279 0 133 112
v 1591.693115 961.565308 1231.942993 0 133 112
v 1591.635742 961.426697 1232.198730 0 133 112
v 1591.573853 961.277405 1232.447021 0 133 112
v 1591.507690 961.117798 1232.687256 0 133 112
v 1591.437378 960.948120 1232.919189 0 133 112
v 1591.363037 960.768494 1233.142334 0 133 112
v 1591.284668 960.579285 1233.356323 0 133 112
v 1591.202515 960.380981 1233.560791 0 133 112
v 1591.116699 960.173889 1233.755127 0 133 112
v 1591.027588 959.958679 1233.938599 0 133 112
v 1590.935303 959.736084 1234.110840 0 133 112
v 1590.840088 959.506226 1234.271729 0 133 112
v 1590.742188 959.269714 1234.420898 0 133 112
v 1590.641602 959.026917 1234.558105 0 133 112
v 1590.538696 958.778381 1234.683105 0 133 112
v 1590.403809 958.452515 1234.834229 0 133 112
v 1590.288330 958.174011 1234.980591 0 133 112
v 1590.186523 957.928223 1235.131592 0 133 112
v 1590.092407 957.700928 1235.296387 0 133 112
v 1589.999878 957.477478 1235.484863 0 133 112
v 1589.903076 957.243713 1235.705566 0 133 112
v 1589.795898 956.984924 1235.968506 0 133 112
v 1589.684570 956.716492 1236.262695 0 133 112
v 1589.579834 956.463623 1236.571777 0 133 112
v 1589.481689 956.226685 1236.894775 0 133 112
v 1589.390381 956.006226 1237.230957 0 133 112
v 1589.306152 955.802917 1237.579590 0 133 112
v 1589.229126 955.616882 1237.940186 0 133 112
v 1589.159546 955.448914 1238.311646 0 133 112
v 1589.097656 955.299622 1238.692383 0 133 112
v 1589.043945 955.169800 1239.080566 0 133 112
v 1588.998291 955.059570 1239.475342 0 133 112
v 1588.960938 954.969299 1239.875732 0 133 112
v 1588.931885 954.898987 1240.281250 0 133 112
v 1588.911133 954.848999 1240.690430 0 133 112
v 1576.831787 961.093872 1244.853027 0 133 112
v 1576.831787 957.219727 1241.102783 0 133 112
v 1576.831787 964.468628 1248.998291 0 133 112
v 1576.831787 967.319580 1253.488525 0 133 112
v 1576.831787 969.622681 1258.273682 0 133 112
v 1576.831787 971.353577 1263.302979 0 133 112
v 1576.831787 972.488220 1268.526611 0 133 112
v 1576.831787 973.002197 1273.893921 0 133 112
v 1576.831787 972.876404 1279.284424 0 133 112
v 1576.831787 972.121277 1284.576172 0 133 112
v 1576.831787 970.757385 1289.717285 0 133 112
v 1576.831787 968.805176 1294.655762 0 133 112
v 1576.831787 966.285278 1299.339844 0 133 112
v 1576.831787 963.218079 1303.717773 0 133 112
v 1576.831787 959.624329 1307.737305 0 133 112
v 1576.831787 955.579285 1311.302612 0 133 112
v 1576.831787 951.179810 1314.338501 0 133 112
v 1576.831787 946.477905 1316.825195 0 133 112
v 1576.831787 941.525574 1318.742188 0 133 112
v 1576.831787 936.374878 1320.069336 0 133 112
v 1576.831787 931.078003 1320.786987 0 133 112
v 1576.831543 925.526611 0.000000 0 133 112
v 1576.831543 965.260803 0.000000 0 133 112
v 1576.831787 965.259521 1230.105469 0 133 112
v 1576.831787 965.197021 1230.390137 0 133 112
v 1576.831787 965.117371 1230.661865 0 133 112
v 1576.831787 965.022522 1230.924072 0 133 112
v 1576.831787 964.913879 1231.180176 0 133 112
v 1576.831787 964.793030 1231.433105 0 133 112
v 1576.831787 964.661682 1231.686279 0 133 112
v 1576.831787 964.521423 1231.942993 0 133 112
v 1576.831787 964.371399 1232.198730 0 133 112
v 1576.831787 964.209778 1232.447021 0 133 112
v 1576.831787 964.036987 1232.687256 0 133 112
v 1576.831787 963.853271 1232.919189 0 133 112
v 1576.831787 963.658875 1233.142334 0 133 112
v 1576.831787 963.454285 1233.356323 0 133 112
v 1576.831787 963.239624 1233.560791 0 133 112
v 1576.831787 963.015381 1233.755127 0 133 112
v 1576.831787 962.782471 1233.938599 0 133 112
v 1576.831787 962.541504 1234.110840 0 133 112
v 1576.831787 962.292725 1234.271729 0 133 112
v 1576.831787 962.036682 1234.420898 0 133 112
v 1576.831787 961.773926 1234.558105 0 133 112
v 1576.831787 961.504883 1234.683105 0 133 112
v 1576.831787 961.152222 1234.834229 0 133 112
v 1576.831787 960.850708 1234.980591 0 133 112
v 1576.831787 960.584717 1235.131592 0 133 112
v 1576.831787 960.338684 1235.296387 0 133 112
v 1576.831787 960.096924 1235.484863 0 133 112
v 1576.831787 959.843811 1235.705566 0 133 112
v 1576.831787 959.563721 1235.968506 0 133 112
v 1576.831787 959.273071 1236.262695 0 133 112
v 1576.831787 958.999390 1236.571777 0 133 112
v 1576.831787 958.742981 1236.894775 0 133 112
v 1576.831787 958.504395 1237.230957 0 133 112
v 1576.831787 958.284180 1237.579590 0 133 112
v 1576.831787 958.082886 1237.940186 0 133 112
v 1576.831787 957.901001 1238.311646 0 133 112
v 1576.831787 957.739502 1238.692383 0 133 112
v 1576.831787 957.598999 1239.080566 0 133 112
v 1576.831787 957.479675 1239.475342 0 133 112
v 1576.831787 957.382019 1239.875732 0 133 112
v 1576.831787 957.305908 1240.281250 0 133 112
v 1576.831787 957.251770 1240.690430 0 133 112
v 1563.281982 958.398682 1244.853027 0 133 112
v 1564.764648 954.819397 1241.102783 0 133 112
v 1561.990479 961.516602 1248.998291 0 133 112
v 1560.899414 964.150513 1253.488525 0 133 112
v 1560.018066 966.278320 1258.273682 0 133 112
v 1559.355713 967.877380 1263.302979 0 133 112
v 1558.921631 968.925720 1268.526611 0 133 112
v 1558.724854 969.400574 1273.893921 0 133 112
v 1558.772949 969.284302 1279.284424 0 133 112
v 1559.062012 968.586670 1284.576172 0 133 112
v 1559.583984 967.326599 1289.717285 0 133 112
v 1560.331055 965.523071 1294.655762 0 133 112
v 1561.295410 963.194885 1299.339844 0 133 112
v 1562.468994 960.361328 1303.717773 0 133 112
v 1563.844360 957.041016 1307.737305 0 133 112
v 1565.392334 953.303894 1311.302612 0 133 112
v 1567.075928 949.239319 1314.338501 0 133 112
v 1568.875244 944.895325 1316.825195 0 133 112
v 1570.770508 940.320007 1318.742188 0 133 112
v 1572.741455 935.561401 1320.069336 0 133 112
v 1574.768555 930.667725 1320.786987 0 133 112
v 1576.892822 925.538818 0.000000 0 133 112
v 1561.687134 962.248413 0.000000 0 133 112
v 1561.687866 962.247314 1230.105469 0 133 112
v 1561.711792 962.189514 1230.390137 0 133 112
v 1561.742188 962.116028 1230.661865 0 133 112
v 1561.778564 962.028320 1230.924072 0 133 112
v 1561.820068 961.927917 1231.180176 0 133 112
v 1561.866455 961.816284 1231.433105 0 133 112
v 1561.916626 961.694885 1231.686279 0 133 112
v 1561.970215 961.565430 1231.942993 0 133 112
v 1562.027710 961.426819 1232.198730 0 133 112
v 1562.089600 961.277527 1232.447021 0 133 112
v 1562.155762 961.117920 1232.687256 0 133 112
v 1562.226074 960.948120 1232.919189 0 133 112
v 1562.300293 960.768616 1233.142334 0 133 112
v 1562.378662 960.579407 1233.356323 0 133 112
v 1562.460938 960.380981 1233.560791 0 133 112
v 1562.546631 960.174011 1233.755127 0 133 112
v 1562.635742 959.958923 1233.938599 0 133 112
v 1562.728027 959.736084 1234.110840 0 133 112
v 1562.823242 959.506287 1234.271729 0 133 112
v 1562.921143 959.269775 1234.420898 0 133 112
v 1563.021729 959.026978 1234.558105 0 133 112
v 1563.124756 958.778381 1234.683105 0 133 112
v 1563.259644 958.452576 1234.834229 0 133 112
v 1563.375000 958.174072 1234.980591 0 133 112
v 1563.476807 957.928284 1235.131592 0 133 112
v 1563.571045 957.700989 1235.296387 0 133 112
v 1563.663574 957.477600 1235.484863 0 133 112
v 1563.760376 957.243774 1235.705566 0 133 112
v 1563.867554 956.984985 1235.968506 0 133 112
v 1563.978760 956.716614 1236.262695 0 133 112
v 1564.083496 956.463623 1236.571777 0 133 112
v 1564.181641 956.226685 1236.894775 0 133 112
v 1564.272949 956.006287 1237.230957 0 133 112
v 1564.357178 955.802917 1237.579590 0 133 112
v 1564.434326 955.616882 1237.940186 0 133 112
v 1564.503906 955.448914 1238.311646 0 133 112
v 1564.565674 955.299683 1238.692383 0 133 112
v 1564.619385 955.169922 1239.080566 0 133 112
v 1564.665039 955.059692 1239.475342 0 133 112
v 1564.702393 954.969421 1239.875732 0 133 112
v 1564.731567 954.899109 1240.281250 0 133 112
v 1564.752319 954.849121 1240.690430 0 133 112
v 1551.795044 950.723389 1244.853027 0 133 112
v 1554.534546 947.983887 1241.102783 0 133 112
v 1549.408691 953.109680 1248.998291 0 133 112
v 1547.392822 955.125671 1253.488525 0 133 112
v 1545.764404 956.754211 1258.273682 0 133 112
v 1544.540283 957.978088 1263.302979 0 133 112
v 1543.738037 958.780518 1268.526611 0 133 112
v 1543.374634 959.143921 1273.893921 0 133 112
v 1543.463623 959.054871 1279.284424 0 133 112
v 1543.997559 958.520996 1284.576172 0 133 112
v 1544.961914 957.556580 1289.717285 0 133 112
v 1546.342285 956.176208 1294.655762 0 133 112
v 1548.124268 954.394287 1299.339844 0 133 112
v 1550.292969 952.225525 1303.717773 0 133 112
v 1552.834229 949.684326 1307.737305 0 133 112
v 1555.694458 946.824097 1311.302612 0 133 112
v 1558.805420 943.713196 1314.338501 0 133 112
v 1562.130127 940.388428 1316.825195 0 133 112
v 1565.631958 936.886597 1318.742188 0 133 112
v 1569.274048 933.244507 1320.069336 0 133 112
v 1573.019531 929.499023 1320.786987 0 133 112
v 1576.831665 925.686890 1320.874634 0 133 112
v 1576.944702 925.573425 0.000000 0 133 112
v 1548.848389 953.669678 0.000000 0 133 112
v 1548.849487 953.669006 1230.105469 0 133 112
v 1548.893799 953.624817 1230.390137 0 133 112
v 1548.949951 953.568481 1230.661865 0 133 112
v 1549.017090 953.501404 1230.924072 0 133 112
v 1549.093994 953.424622 1231.180176 0 133 112
v 1549.179443 953.339172 1231.433105 0 133 112
v 1549.272217 953.246277 1231.686279 0 133 112
v 1549.371338 953.147095 1231.942993 0 133 112
v 1549.477539 953.041016 1232.198730 0 133 112
v 1549.591797 952.926819 1232.447021 0 133 112
v 1549.713867 952.804626 1232.687256 0 133 112
v 1549.843872 952.674683 1232.919189 0 133 112
v 1549.981201 952.537170 1233.142334 0 133 112
v 1550.125977 952.392517 1233.356323 0 133 112
v 1550.277832 952.240723 1233.560791 0 133 112
v 1550.436279 952.082214 1233.755127 0 133 112
v 1550.601074 951.917480 1233.938599 0 133 112
v 1550.771484 951.747070 1234.110840 0 133 112
v 1550.947388 951.571228 1234.271729 0 133 112
v 1551.128418 951.390076 1234.420898 0 133 112
v 1551.314209 951.204285 1234.558105 0 133 112
v 1551.504395 951.014099 1234.683105 0 133 112
v 1551.753906 950.764709 1234.834229 0 133 112
v 1551.967041 950.551514 1234.980591 0 133 112
v 1552.155029 950.363403 1235.131592 0 133 112
v 1552.329102 950.189514 1235.296387 0 133 112
v 1552.500000 950.018494 1235.484863 0 133 112
v 1552.678955 949.839478 1235.705566 0 133 112
v 1552.877075 949.641418 1235.968506 0 133 112
v 1553.082520 949.435974 1236.262695 0 133 112
v 1553.276123 949.242371 1236.571777 0 133 112
v 1553.457520 949.061096 1236.894775 0 133 112
v 1553.626099 948.892395 1237.230957 0 133 112
v 1553.781738 948.736694 1237.579590 0 133 112
v 1553.924072 948.594421 1237.940186 0 133 112
v 1554.052734 948.465820 1238.311646 0 133 112
v 1554.166992 948.351624 1238.692383 0 133 112
v 1554.266357 948.252197 1239.080566 0 133 112
v 1554.350586 948.167908 1239.475342 0 133 112
v 1554.419678 948.098816 1239.875732 0 133 112
v 1554.473633 948.044983 1240.281250 0 133 112
v 1554.511963 948.006714 1240.690430 0 133 112
v 1544.119629 939.236572 1244.853027 0 133 112
v 1547.698975 937.754028 1241.102783 0 133 112
v 1541.001953 940.528015 1248.998291 0 133 112
v 1538.367920 941.619080 1253.488525 0 133 112
v 1536.240234 942.500427 1258.273682 0 133 112
v 1534.640991 943.162781 1263.302979 0 133 112
v 1533.592773 943.596985 1268.526611 0 133 112
v 1533.117920 943.793701 1273.893921 0 133 112
v 1533.234131 943.745483 1279.284424 0 133 112
v 1533.931763 943.456604 1284.576172 0 133 112
v 1535.191895 942.934570 1289.717285 0 133 112
v 1536.995361 942.187622 1294.655762 0 133 112
v 1539.323486 941.223328 1299.339844 0 133 112
v 1542.157227 940.049500 1303.717773 0 133 112
v 1545.477539 938.674194 1307.737305 0 133 112
v 1549.214600 937.126282 1311.302612 0 133 112
v 1553.279053 935.442627 1314.338501 0 133 112
v 1557.623169 933.643311 1316.825195 0 133 112
v 1562.198486 931.748230 1318.742188 0 133 112
v 1566.957031 929.777100 1320.069336 0 133 112
v 1571.850830 927.750000 1320.786987 0 133 112
v 1576.979492 925.625305 0.000000 0 133 112
v 1540.269775 940.830872 0.000000 0 133 112
v 1540.271240 940.830688 1230.105469 0 133 112
v 1540.328979 940.806824 1230.390137 0 133 112
v 1540.402466 940.776306 1230.661865 0 133 112
v 1540.490234 940.739990 1230.924072 0 133 112
v 1540.590576 940.698425 1231.180176 0 133 112
v 1540.702148 940.652222 1231.433105 0 133 112
v 1540.823486 940.601929 1231.686279 0 133 112
v 1540.953125 940.548279 1231.942993 0 133 112
v 1541.091675 940.490784 1232.198730 0 133 112
v 1541.240967 940.429016 1232.447021 0 133 112
v 1541.400635 940.362915 1232.687256 0 133 112
v 1541.570313 940.292480 1232.919189 0 133 112
v 1541.750000 940.218201 1233.142334 0 133 112
v 1541.938965 940.139771 1233.356323 0 133 112
v 1542.137451 940.057678 1233.560791 0 133 112
v 1542.344482 939.971924 1233.755127 0 133 112
v 1542.559570 939.882813 1233.938599 0 133 112
v 1542.782349 939.790527 1234.110840 0 133 112
v 1543.012207 939.695374 1234.271729 0 133 112
v 1543.248779 939.597412 1234.420898 0 133 112
v 1543.491455 939.496826 1234.558105 0 133 112
v 1543.739990 939.393921 1234.683105 0 133 112
v 1544.065918 939.258911 1234.834229 0 133 112
v 1544.344482 939.143494 1234.980591 0 133 112
v 1544.590088 939.041687 1235.131592 0 133 112
v 1544.817383 938.947571 1235.296387 0 133 112
v 1545.040771 938.854980 1235.484863 0 133 112
v 1545.274658 938.758179 1235.705566 0 133 112
v 1545.533447 938.651001 1235.968506 0 133 112
v 1545.801880 938.539795 1236.262695 0 133 112
v 1546.054810 938.435120 1236.571777 0 133 112
v 1546.291748 938.336914 1236.894775 0 133 112
v 1546.512207 938.245605 1237.230957 0 133 112
v 1546.715576 938.161377 1237.579590 0 133 112
v 1546.901611 938.084412 1237.940186 0 133 112
v 1547.069580 938.014709 1238.311646 0 133 112
v 1547.218750 937.952881 1238.692383 0 133 112
v 1547.348633 937.899170 1239.080566 0 133 112
v 1547.458740 937.853516 1239.475342 0 133 112
v 1547.549072 937.816101 1239.875732 0 133 112
v 1547.619385 937.786987 1240.281250 0 133 112
v 1547.669434 937.766174 1240.690430 0 133 112
v 1541.424561 925.686890 1244.853027 0 133 112
v 1545.298706 925.686890 1241.102783 0 133 112
v 1538.049805 925.686890 1248.998291 0 133 112
v 1535.198730 925.686890 1253.488525 0 133 112
v 1532.895752 925.686890 1258.273682 0 133 112
v 1531.164795 925.686890 1263.302979 0 133 112
v 1530.030273 925.686890 1268.526611 0 133 112
v 1529.516113 925.686890 1273.893921 0 133 112
v 1529.642090 925.686890 1279.284424 0 133 112
v 1530.397217 925.686890 1284.576172 0 133 112
v 1531.760986 925.686890 1289.717285 0 133 112
v 1533.713135 925.686890 1294.655762 0 133 112
v 1536.233154 925.686890 1299.339844 0 133 112
v 1539.300293 925.686890 1303.717773 0 133 112
v 1542.894043 925.686890 1307.737305 0 133 112
v 1546.939087 925.686890 1311.302612 0 133 112
v 1551.338623 925.686890 1314.338501 0 133 112
v 1556.040527 925.686890 1316.825195 0 133 112
v 1560.992798 925.686890 1318.742188 0 133 112
v 1566.143433 925.686890 1320.069336 0 133 112
v 1571.440430 925.686890 1320.786987 0 133 112
v 1576.831543 925.686890 1320.874634 0 133 112
v 1576.991699 925.686523 0.000000 0 133 112
v 1537.257446 925.686523 0.000000 0 133 112
v 1537.258789 925.686890 1230.105469 0 133 112
v 1537.321411 925.686890 1230.390137 0 133 112
v 1537.400879 925.686890 1230.661865 0 133 112
v 1537.495850 925.686890 1230.924072 0 133 112
v 1537.604492 925.686890 1231.180176 0 133 112
v 1537.725342 925.686890 1231.433105 0 133 112
v 1537.856689 925.686890 1231.686279 0 133 112
v 1537.996948 925.686890 1231.942993 0 133 112
v 1538.146973 925.686890 1232.198730 0 133 112
v 1538.308594 925.686890 1232.447021 0 133 112
v 1538.481323 925.686890 1232.687256 0 133 112
v 1538.665039 925.686890 1232.919189 0 133 112
v 1538.859375 925.686890 1233.142334 0 133 112
v 1539.064209 925.686890 1233.356323 0 133 112
v 1539.278809 925.686890 1233.560791 0 133 112
v 1539.502930 925.686890 1233.755127 0 133 112
v 1539.735840 925.686890 1233.938599 0 133 112
v 1539.976807 925.686890 1234.110840 0 133 112
v 1540.225586 925.686890 1234.271729 0 133 112
v 1540.481689 925.686890 1234.420898 0 133 112
v 1540.744385 925.686890 1234.558105 0 133 112
v 1541.013428 925.686890 1234.683105 0 133 112
v 1541.366211 925.686890 1234.834229 0 133 112
v 1541.667725 925.686890 1234.980591 0 133 112
v 1541.933594 925.686890 1235.131592 0 133 112
v 1542.179688 925.686890 1235.296387 0 133 112
v 1542.421509 925.686890 1235.484863 0 133 112
v 1542.674561 925.686890 1235.705566 0 133 112
v 1542.954712 925.686890 1235.968506 0 133 112
v 1543.245239 925.686890 1236.262695 0 133 112
v 1543.519043 925.686890 1236.571777 0 133 112
v 1543.775391 925.686890 1236.894775 0 133 112
v 1544.013916 925.686890 1237.230957 0 133 112
v 1544.234131 925.686890 1237.579590 0 133 112
v 1544.435547 925.686890 1237.940186 0 133 112
v 1544.617432 925.686890 1238.311646 0 133 112
v 1544.778809 925.686890 1238.692383 0 133 112
v 1544.919434 925.686890 1239.080566 0 133 112
v 1545.038574 925.686890 1239.475342 0 133 112
v 1545.136475 925.686890 1239.875732 0 133 112
v 1545.212402 925.686890 1240.281250 0 133 112
v 1545.266602 925.686890 1240.690430 0 133 112
v 1544.119629 912.137085 1244.853027 0 133 112
v 1547.698975 913.619812 1241.102783 0 133 112
v 1541.001831 910.845703 1248.998291 0 133 112
v 1538.367920 909.754700 1253.488525 0 133 112
v 1536.240112 908.873413 1258.273682 0 133 112
v 1534.640869 908.210876 1263.302979 0 133 112
v 1533.592773 907.776794 1268.526611 0 133 112
v 1533.117920 907.580078 1273.893921 0 133 112
v 1533.234131 907.628174 1279.284424 0 133 112
v 1533.931641 907.917175 1284.576172 0 133 112
v 1535.191772 908.439087 1289.717285 0 133 112
v 1536.995361 909.186218 1294.655762 0 133 112
v 1539.323486 910.150513 1299.339844 0 133 112
v 1542.157104 911.324280 1303.717773 0 133 112
v 1545.477417 912.699585 1307.737305 0 133 112
v 1549.214478 914.247498 1311.302612 0 133 112
v 1553.279053 915.931213 1314.338501 0 133 112
v 1557.623047 917.730530 1316.825195 0 133 112
v 1562.198486 919.625671 1318.742188 0 133 112
v 1566.957031 921.596680 1320.069336 0 133 112
v 1571.850830 923.623779 1320.786987 0 133 112
v 1576.979492 925.747803 0.000000 0 133 112
v 1540.269897 910.542175 0.000000 0 133 112
v 1540.271118 910.543030 1230.105469 0 133 112
v 1540.328857 910.567017 1230.390137 0 133 112
v 1540.402344 910.597412 1230.661865 0 133 112
v 1540.489990 910.633728 1230.924072 0 133 112
v 1540.590454 910.675293 1231.180176 0 133 112
v 1540.702148 910.721619 1231.433105 0 133 112
v 1540.823486 910.771790 1231.686279 0 133 112
v 1540.953003 910.825500 1231.942993 0 133 112
v 1541.091553 910.882874 1232.198730 0 133 112
v 1541.240967 910.944702 1232.447021 0 133 112
v 1541.400513 911.010925 1232.687256 0 133 112
v 1541.570313 911.081177 1232.919189 0 133 112
v 1541.749878 911.155518 1233.142334 0 133 112
v 1541.938965 911.233887 1233.356323 0 133 112
v 1542.137329 911.315979 1233.560791 0 133 112
v 1542.344482 911.401917 1233.755127 0 133 112
v 1542.559570 911.491028 1233.938599 0 133 112
v 1542.782227 911.583191 1234.110840 0 133 112
v 1543.012085 911.678406 1234.271729 0 133 112
v 1543.248535 911.776428 1234.420898 0 133 112
v 1543.491455 911.876892 1234.558105 0 133 112
v 1543.739990 911.979919 1234.683105 0 133 112
v 1544.065796 912.114929 1234.834229 0 133 112
v 1544.344360 912.230225 1234.980591 0 133 112
v 1544.590088 912.331970 1235.131592 0 133 112
v 1544.817383 912.426086 1235.296387 0 133 112
v 1545.040771 912.518677 1235.484863 0 133 112
v 1545.274658 912.615479 1235.705566 0 133 112
v 1545.533447 912.722717 1235.968506 0 133 112
v 1545.801758 912.833923 1236.262695 0 133 112
v 1546.054688 912.938721 1236.571777 0 133 112
v 1546.291626 913.036804 1236.894775 0 133 112
v 1546.512085 913.128113 1237.230957 0 133 112
v 1546.715576 913.212402 1237.579590 0 133 112
v 1546.901367 913.289429 1237.940186 0 133 112
v 1547.069580 913.359009 1238.311646 0 133 112
v 1547.218750 913.420776 1238.692383 0 133 112
v 1547.348511 913.474609 1239.080566 0 133 112
v 1547.458740 913.520203 1239.475342 0 133 112
v 1547.549072 913.557617 1239.875732 0 133 112
v 1547.619385 913.586670 1240.281250 0 133 112
v 1547.669434 913.607483 1240.690430 0 133 112
v 1551.794922 900.650208 1244.853027 0 133 112
v 1554.534424 903.389709 1241.102783 0 133 112
v 1549.408691 898.263977 1248.998291 0 133 112
v 1547.392700 896.247986 1253.488525 0 133 112
v 1545.764160 894.619507 1258.273682 0 133 112
v 1544.540283 893.395630 1263.302979 0 133 112
v 1543.738037 892.593323 1268.526611 0 133 112
v 1543.374512 892.229797 1273.893921 0 133 112
v 1543.463379 892.318787 1279.284424 0 133 112
v 1543.997314 892.852722 1284.576172 0 133 112
v 1544.961914 893.817078 1289.717285 0 133 112
v 1546.342285 895.197571 1294.655762 0 133 112
v 1548.124023 896.979370 1299.339844 0 133 112
v 1550.292847 899.148193 1303.717773 0 133 112
v 1552.834106 901.689514 1307.737305 0 133 112
v 1555.694336 904.549683 1311.302612 0 133 112
v 1558.805176 907.660583 1314.338501 0 133 112
v 1562.130005 910.985413 1316.825195 0 133 112
v 1565.631836 914.487122 1318.742188 0 133 112
v 1569.273926 918.129211 1320.069336 0 133 112
v 1573.019287 921.874817 1320.786987 0 133 112
v 1576.944824 925.799683 0.000000 0 133 112
v 1548.848511 897.703430 0.000000 0 133 112
v 1548.849365 897.704712 1230.105469 0 133 112
v 1548.893555 897.748901 1230.390137 0 133 112
v 1548.949829 897.805176 1230.661865 0 133 112
v 1549.016968 897.872314 1230.924072 0 133 112
v 1549.093750 897.949097 1231.180176 0 133 112
v 1549.179199 898.034485 1231.433105 0 133 112
v 1549.272095 898.127380 1231.686279 0 133 112
v 1549.371338 898.226624 1231.942993 0 133 112
v 1549.477295 898.332703 1232.198730 0 133 112
v 1549.591553 898.446899 1232.447021 0 133 112
v 1549.713867 898.569092 1232.687256 0 133 112
v 1549.843750 898.698975 1232.919189 0 133 112
v 1549.981201 898.836487 1233.142334 0 133 112
v 1550.125977 898.981201 1233.356323 0 133 112
v 1550.277710 899.133118 1233.560791 0 133 112
v 1550.436279 899.291626 1233.755127 0 133 112
v 1550.600830 899.456177 1233.938599 0 133 112
v 1550.771240 899.626587 1234.110840 0 133 112
v 1550.947266 899.802612 1234.271729 0 133 112
v 1551.128174 899.983582 1234.420898 0 133 112
v 1551.314087 900.169373 1234.558105 0 133 112
v 1551.504272 900.359619 1234.683105 0 133 112
v 1551.753662 900.609009 1234.834229 0 133 112
v 1551.966797 900.822205 1234.980591 0 133 112
v 1552.155029 901.010315 1235.131592 0 133 112
v 1552.328857 901.184326 1235.296387 0 133 112
v 1552.500000 901.355225 1235.484863 0 133 112
v 1552.678955 901.534180 1235.705566 0 133 112
v 1552.876953 901.732178 1235.968506 0 133 112
v 1553.082397 901.937683 1236.262695 0 133 112
v 1553.276001 902.131287 1236.571777 0 133 112
v 1553.457275 902.312622 1236.894775 0 133 112
v 1553.625977 902.481323 1237.230957 0 133 112
v 1553.781738 902.637024 1237.579590 0 133 112
v 1553.924072 902.779419 1237.940186 0 133 112
v 1554.052612 902.908020 1238.311646 0 133 112
v 1554.166870 903.022217 1238.692383 0 133 112
v 1554.266113 903.121521 1239.080566 0 133 112
v 1554.350586 903.205811 1239.475342 0 133 112
v 1554.419678 903.275024 1239.875732 0 133 112
v 1554.473389 903.328674 1240.281250 0 133 112
v 1554.511719 903.367126 1240.690430 0 133 112
v 1563.281738 892.974915 1244.853027 0 133 112
v 1564.764404 896.554199 1241.102783 0 133 112
v 1561.990356 889.857117 1248.998291 0 133 112
v 1560.899414 887.223083 1253.488525 0 133 112
v 1560.018066 885.095276 1258.273682 0 133 112
v 1559.355591 883.496216 1263.302979 0 133 112
v 1558.921387 882.447998 1268.526611 0 133 112
v 1558.724609 881.973083 1273.893921 0 133 112
v 1558.772827 882.089294 1279.284424 0 133 112
v 1559.061768 882.786987 1284.576172 0 133 112
v 1559.583740 884.047119 1289.717285 0 133 112
v 1560.330811 885.850586 1294.655762 0 133 112
v 1561.295166 888.178711 1299.339844 0 133 112
v 1562.468872 891.012390 1303.717773 0 133 112
v 1563.844238 894.332703 1307.737305 0 133 112
v 1565.392090 898.069824 1311.302612 0 133 112
v 1567.075684 902.134277 1314.338501 0 133 112
v 1568.875000 906.478271 1316.825195 0 133 112
v 1570.770264 911.053711 1318.742188 0 133 112
v 1572.741333 915.812317 1320.069336 0 133 112
v 1574.768311 920.706116 1320.786987 0 133 112
v 1576.831543 925.686829 1320.874634 0 133 112
v 1576.892944 925.834473 0.000000 0 133 112
v 1561.687256 889.124817 0.000000 0 133 112
v 1561.687744 889.126282 1230.105469 0 133 112
v 1561.711670 889.184082 1230.390137 0 133 112
v 1561.742065 889.257629 1230.661865 0 133 112
v 1561.778320 889.345276 1230.924072 0 133 112
v 1561.820068 889.445679 1231.180176 0 133 112
v 1561.866211 889.557373 1231.433105 0 133 112
v 1561.916504 889.678711 1231.686279 0 133 112
v 1561.970215 889.808289 1231.942993 0 133 112
v 1562.027588 889.946899 1232.198730 0 133 112
v 1562.089355 890.096130 1232.447021 0 133 112
v 1562.155518 890.255798 1232.687256 0 133 112
v 1562.225830 890.425476 1232.919189 0 133 112
v 1562.300293 890.605103 1233.142334 0 133 112
v 1562.378540 890.794189 1233.356323 0 133 112
v 1562.460693 890.992615 1233.560791 0 133 112
v 1562.546509 891.199707 1233.755127 0 133 112
v 1562.635620 891.414795 1233.938599 0 133 112
v 1562.727783 891.637512 1234.110840 0 133 112
v 1562.822998 891.867310 1234.271729 0 133 112
v 1562.921021 892.103882 1234.420898 0 133 112
v 1563.021484 892.346619 1234.558105 0 133 112
v 1563.124512 892.595215 1234.683105 0 133 112
v 1563.259521 892.921021 1234.834229 0 133 112
v 1563.374878 893.199585 1234.980591 0 133 112
v 1563.476685 893.445313 1235.131592 0 133 112
v 1563.570801 893.672729 1235.296387 0 133 112
v 1563.663330 893.895996 1235.484863 0 133 112
v 1563.760254 894.129883 1235.705566 0 133 112
v 1563.867432 894.388611 1235.968506 0 133 112
v 1563.978516 894.657104 1236.262695 0 133 112
v 1564.083374 894.909973 1236.571777 0 133 112
v 1564.181396 895.146912 1236.894775 0 133 112
v 1564.272705 895.367310 1237.230957 0 133 112
v 1564.357056 895.570679 1237.579590 0 133 112
v 1564.434082 895.756714 1237.940186 0 133 112
v 1564.503662 895.924683 1238.311646 0 133 112
v 1564.565430 896.073975 1238.692383 0 133 112
v 1564.619263 896.203796 1239.080566 0 133 112
v 1564.664795 896.313904 1239.475342 0 133 112
v 1564.702271 896.404175 1239.875732 0 133 112
v 1564.731445 896.474487 1240.281250 0 133 112
v 1564.752197 896.524597 1240.690430 0 133 112
v 1576.831543 890.279724 1244.853027 0 133 112
v 1576.831543 894.153870 1241.102783 0 133 112
v 1576.831543 886.905029 1248.998291 0 133 112
v 1576.831543 884.054016 1253.488525 0 133 112
v 1576.831543 881.750916 1258.273682 0 133 112
v 1576.831543 880.020020 1263.302979 0 133 112
v 1576.831543 878.885376 1268.526611 0 133 112
v 1576.831543 878.371399 1273.893921 0 133 112
v 1576.831543 878.497192 1279.284424 0 133 112
v 1576.831543 879.252319 1284.576172 0 133 112
v 1576.831543 880.616211 1289.717285 0 133 112
v 1576.831543 882.568420 1294.655762 0 133 112
v 1576.831543 885.088318 1299.339844 0 133 112
v 1576.831543 888.155518 1303.717773 0 133 112
v 1576.831543 891.749329 1307.737305 0 133 112
v 1576.831543 895.794312 1311.302612 0 133 112
v 1576.831543 900.193726 1314.338501 0 133 112
v 1576.831543 904.895691 1316.825195 0 133 112
v 1576.831543 909.848022 1318.742188 0 133 112
v 1576.831543 914.998718 1320.069336 0 133 112
v 1576.831543 920.295593 1320.786987 0 133 112
v 1576.831787 925.846680 0.000000 0 133 112
v 1576.831787 886.112488 0.000000 0 133 112
v 1576.831543 886.114014 1230.105469 0 133 112
v 1576.831543 886.176575 1230.390137 0 133 112
v 1576.831543 886.256104 1230.661865 0 133 112
v 1576.831543 886.351013 1230.924072 0 133 112
v 1576.831543 886.459717 1231.180176 0 133 112
v 1576.831543 886.580505 1231.433105 0 133 112
v 1576.831543 886.711914 1231.686279 0 133 112
v 1576.831543 886.852112 1231.942993 0 133 112
v 1576.831543 887.002075 1232.198730 0 133 112
v 1576.831543 887.163696 1232.447021 0 133 112
v 1576.831543 887.336487 1232.687256 0 133 112
v 1576.831543 887.520325 1232.919189 0 133 112
v 1576.831543 887.714600 1233.142334 0 133 112
v 1576.831543 887.919312 1233.356323 0 133 112
v 1576.831543 888.133972 1233.560791 0 133 112
v 1576.831543 888.358215 1233.755127 0 133 112
v 1576.831543 888.591003 1233.938599 0 133 112
v 1576.831543 888.832092 1234.110840 0 133 112
v 1576.831543 889.080872 1234.271729 0 133 112
v 1576.831543 889.336914 1234.420898 0 133 112
v 1576.831543 889.599609 1234.558105 0 133 112
v 1576.831543 889.868713 1234.683105 0 133 112
v 1576.831543 890.221313 1234.834229 0 133 112
v 1576.831543 890.522888 1234.980591 0 133 112
v 1576.831543 890.788818 1235.131592 0 133 112
v 1576.831543 891.034912 1235.296387 0 133 112
v 1576.831543 891.276672 1235.484863 0 133 112
v 1576.831543 891.529785 1235.705566 0 133 112
v 1576.831543 891.809875 1235.968506 0 133 112
v 1576.831543 892.100525 1236.262695 0 133 112
v 1576.831543 892.374207 1236.571777 0 133 112
v 1576.831543 892.630615 1236.894775 0 133 112
v 1576.831543 892.869202 1237.230957 0 133 112
v 1576.831543 893.089417 1237.579590 0 133 112
v 1576.831543 893.290588 1237.940186 0 133 112
v 1576.831543 893.472473 1238.311646 0 133 112
v 1576.831543 893.634094 1238.692383 0 133 112
v 1576.831543 893.774475 1239.080566 0 133 112
v 1576.831543 893.893799 1239.475342 0 133 112
v 1576.831543 893.991577 1239.875732 0 133 112
v 1576.831543 894.067627 1240.281250 0 133 112
v 1576.831543 894.121826 1240.690430 0 133 112
v 1590.381226 892.974915 1244.853027 0 133 112
v 1588.898682 896.554077 1241.102783 0 133 112
v 1591.672607 889.856995 1248.998291 0 133 112
v 1592.763672 887.223022 1253.488525 0 133 112
v 1593.645020 885.095276 1258.273682 0 133 112
v 1594.307373 883.496216 1263.302979 0 133 112
v 1594.741699 882.447876 1268.526611 0 133 112
v 1594.938354 881.973022 1273.893921 0 133 112
v 1594.890137 882.089172 1279.284424 0 133 112
v 1594.601196 882.786926 1284.576172 0 133 112
v 1594.079346 884.046997 1289.717285 0 133 112
v 1593.332275 885.850525 1294.655762 0 133 112
v 1592.367920 888.178589 1299.339844 0 133 112
v 1591.194092 891.012329 1303.717773 0 133 112
v 1589.818848 894.332581 1307.737305 0 133 112
v 1588.270874 898.069702 1311.302612 0 133 112
v 1586.587280 902.134277 1314.338501 0 133 112
v 1584.787842 906.478271 1316.825195 0 133 112
v 1582.892822 911.053589 1318.742188 0 133 112
v 1580.921631 915.812195 1320.069336 0 133 112
v 1578.894531 920.705872 1320.786987 0 133 112
v 1576.770508 925.834473 0.000000 0 133 112
v 1591.976074 889.124878 0.000000 0 133 112
v 1591.975342 889.126282 1230.105469 0 133 112
v 1591.951416 889.184082 1230.390137 0 133 112
v 1591.920898 889.257629 1230.661865 0 133 112
v 1591.884644 889.345276 1230.924072 0 133 112
v 1591.843018 889.445679 1231.180176 0 133 112
v 1591.796875 889.557312 1231.433105 0 133 112
v 1591.746582 889.678589 1231.686279 0 133 112
v 1591.692871 889.808228 1231.942993 0 133 112
v 1591.635498 889.946777 1232.198730 0 133 112
v 1591.573730 890.096130 1232.447021 0 133 112
v 1591.507568 890.255676 1232.687256 0 133 112
v 1591.437256 890.425476 1232.919189 0 133 112
v 1591.362793 890.604980 1233.142334 0 133 112
v 1591.284424 890.794128 1233.356323 0 133 112
v 1591.202393 890.992615 1233.560791 0 133 112
v 1591.116577 891.199585 1233.755127 0 133 112
v 1591.027466 891.414673 1233.938599 0 133 112
v 1590.935181 891.637512 1234.110840 0 133 112
v 1590.840088 891.867188 1234.271729 0 133 112
v 1590.741943 892.103821 1234.420898 0 133 112
v 1590.641479 892.346619 1234.558105 0 133 112
v 1590.538574 892.595093 1234.683105 0 133 112
v 1590.403564 892.921021 1234.834229 0 133 112
v 1590.288086 893.199524 1234.980591 0 133 112
v 1590.186401 893.445313 1235.131592 0 133 112
v 1590.092285 893.672485 1235.296387 0 133 112
v 1589.999756 893.895874 1235.484863 0 133 112
v 1589.902832 894.129822 1235.705566 0 133 112
v 1589.795654 894.388489 1235.968506 0 133 112
v 1589.684448 894.656982 1236.262695 0 133 112
v 1589.579712 894.909912 1236.571777 0 133 112
v 1589.481567 895.146912 1236.894775 0 133 112
v 1589.390259 895.367188 1237.230957 0 133 112
v 1589.306030 895.570679 1237.579590 0 133 112
v 1589.229004 895.756714 1237.940186 0 133 112
v 1589.159424 895.924683 1238.311646 0 133 112
v 1589.097534 896.073914 1238.692383 0 133 112
v 1589.043823 896.203674 1239.080566 0 133 112
v 1588.998169 896.313782 1239.475342 0 133 112
v 1588.960693 896.404175 1239.875732 0 133 112
v 1588.931641 896.474487 1240.281250 0 133 112
v 1588.910889 896.524475 1240.690430 0 133 112
v 1601.868164 900.650085 1244.853027 0 133 112
v 1599.128662 903.389587 1241.102783 0 133 112
v 1604.254395 898.263794 1248.998291 0 133 112
v 1606.270386 896.247925 1253.488525 0 133 112
v 1607.898926 894.619385 1258.273682 0 133 112
v 1609.122803 893.395386 1263.302979 0 133 112
v 1609.925049 892.593079 1268.526611 0 133 112
v 1610.288574 892.229675 1273.893921 0 133 112
v 1610.199707 892.318726 1279.284424 0 133 112
v 1609.665649 892.852600 1284.576172 0 133 112
v 1608.701172 893.817017 1289.717285 0 133 112
v 1607.320801 895.197388 1294.655762 0 133 112
v 1605.539063 896.979187 1299.339844 0 133 112
v 1603.370117 899.148071 1303.717773 0 133 112
v 1600.828979 901.689270 1307.737305 0 133 112
v 1597.968750 904.549500 1311.302612 0 133 112
v 1594.857910 907.660400 1314.338501 0 133 112
v 1591.533081 910.985229 1316.825195 0 133 112
v 1588.031250 914.487000 1318.742188 0 133 112
v 1584.389160 918.129028 1320.069336 0 133 112
v 1580.643677 921.874573 1320.786987 0 133 112
v 1576.718506 925.799927 0.000000 0 133 112
v 1604.814819 897.703613 0.000000 0 133 112
v 1604.813721 897.704590 1230.105469 0 133 112
v 1604.769531 897.748779 1230.390137 0 133 112
v 1604.713257 897.805115 1230.661865 0 133 112
v 1604.646118 897.872070 1230.924072 0 133 112
v 1604.569336 897.948975 1231.180176 0 133 112
v 1604.483887 898.034424 1231.433105 0 133 112
v 1604.390991 898.127319 1231.686279 0 133 112
v 1604.291748 898.226379 1231.942993 0 133 112
v 1604.185791 898.332581 1232.198730 0 133 112
v 1604.071533 898.446777 1232.447021 0 133 112
v 1603.949219 898.568970 1232.687256 0 133 112
v 1603.819336 898.698914 1232.919189 0 133 112
v 1603.681885 898.836426 1233.142334 0 133 112
v 1603.537109 898.981079 1233.356323 0 133 112
v 1603.385376 899.132874 1233.560791 0 133 112
v 1603.226807 899.291382 1233.755127 0 133 112
v 1603.062256 899.456116 1233.938599 0 133 112
v 1602.891846 899.626526 1234.110840 0 133 112
v 1602.715820 899.802429 1234.271729 0 133 112
v 1602.534790 899.983521 1234.420898 0 133 112
v 1602.348999 900.169312 1234.558105 0 133 112
v 1602.158691 900.359497 1234.683105 0 133 112
v 1601.909424 900.608887 1234.834229 0 133 112
v 1601.696167 900.822083 1234.980591 0 133 112
v 1601.508057 901.010071 1235.131592 0 133 112
v 1601.334106 901.184082 1235.296387 0 133 112
v 1601.163086 901.355103 1235.484863 0 133 112
v 1600.984131 901.534119 1235.705566 0 133 112
v 1600.786133 901.732117 1235.968506 0 133 112
v 1600.580688 901.937622 1236.262695 0 133 112
v 1600.387085 902.131226 1236.571777 0 133 112
v 1600.205811 902.312500 1236.894775 0 133 112
v 1600.037109 902.481201 1237.230957 0 133 112
v 1599.881348 902.636902 1237.579590 0 133 112
v 1599.739014 902.779175 1237.940186 0 133 112
v 1599.610474 902.907776 1238.311646 0 133 112
v 1599.496216 903.021973 1238.692383 0 133 112
v 1599.396973 903.121399 1239.080566 0 133 112
v 1599.312500 903.205688 1239.475342 0 133 112
v 1599.243408 903.274780 1239.875732 0 133 112
v 1599.189697 903.328613 1240.281250 0 133 112
v 1599.151367 903.366882 1240.690430 0 133 112
v 1609.543457 912.137024 1244.853027 0 133 112
v 1605.964111 913.619629 1241.102783 0 133 112
v 1612.661377 910.845520 1248.998291 0 133 112
v 1615.295288 909.754517 1253.488525 0 133 112
v 1617.423096 908.873230 1258.273682 0 133 112
v 1619.022217 908.210815 1263.302979 0 133 112
v 1620.070435 907.776611 1268.526611 0 133 112
v 1620.545288 907.579895 1273.893921 0 133 112
v 1620.429077 907.627991 1279.284424 0 133 112
v 1619.731445 907.916992 1284.576172 0 133 112
v 1618.471313 908.438904 1289.717285 0 133 112
v 1616.667725 909.185974 1294.655762 0 133 112
v 1614.339600 910.150330 1299.339844 0 133 112
v 1611.505981 911.324097 1303.717773 0 133 112
v 1608.185791 912.699402 1307.737305 0 133 112
v 1604.448730 914.247314 1311.302612 0 133 112
v 1600.384033 915.930908 1314.338501 0 133 112
v 1596.040039 917.730286 1316.825195 0 133 112
v 1591.464722 919.625427 1318.742188 0 133 112
v 1586.706055 921.596497 1320.069336 0 133 112
v 1581.812378 923.623596 1320.786987 0 133 112
v 1576.683838 925.747986 0.000000 0 133 112
v 1613.393311 910.542419 0.000000 0 133 112
v 1613.392090 910.542786 1230.105469 0 133 112
v 1613.334229 910.566772 1230.390137 0 133 112
v 1613.260742 910.597229 1230.661865 0 133 112
v 1613.173096 910.633484 1230.924072 0 133 112
v 1613.072754 910.675171 1231.180176 0 133 112
v 1612.961060 910.721375 1231.433105 0 133 112
v 1612.839722 910.771729 1231.686279 0 133 112
v 1612.710205 910.825317 1231.942993 0 133 112
v 1612.571533 910.882813 1232.198730 0 133 112
v 1612.422241 910.944580 1232.447021 0 133 112
v 1612.262573 911.010681 1232.687256 0 133 112
v 1612.092773 911.080994 1232.919189 0 133 112
v 1611.913330 911.155396 1233.142334 0 133 112
v 1611.724121 911.233704 1233.356323 0 133 112
v 1611.525879 911.315918 1233.560791 0 133 112
v 1611.318726 911.401672 1233.755127 0 133 112
v 1611.103516 911.490784 1233.938599 0 133 112
v 1610.880859 911.583008 1234.110840 0 133 112
v 1610.651123 911.678223 1234.271729 0 133 112
v 1610.414551 911.776184 1234.420898 0 133 112
v 1610.171753 911.876709 1234.558105 0 133 112
v 1609.923218 911.979675 1234.683105 0 133 112
v 1609.597412 912.114685 1234.834229 0 133 112
v 1609.318848 912.229980 1234.980591 0 133 112
v 1609.072998 912.331787 1235.131592 0 133 112
v 1608.845703 912.426025 1235.296387 0 133 112
v 1608.622314 912.518494 1235.484863 0 133 112
v 1608.388550 912.615417 1235.705566 0 133 112
v 1608.129761 912.722473 1235.968506 0 133 112
v 1607.861328 912.833679 1236.262695 0 133 112
v 1607.608398 912.938477 1236.571777 0 133 112
v 1607.371460 913.036621 1236.894775 0 133 112
v 1607.151123 913.127930 1237.230957 0 133 112
v 1606.947632 913.212219 1237.579590 0 133 112
v 1606.761719 913.289185 1237.940186 0 133 112
v 1606.593628 913.358826 1238.311646 0 133 112
v 1606.444336 913.420715 1238.692383 0 133 112
v 1606.314697 913.474426 1239.080566 0 133 112
v 1606.204468 913.520020 1239.475342 0 133 112
v 1606.114136 913.557373 1239.875732 0 133 112
v 1606.043823 913.586487 1240.281250 0 133 112
v 1605.993774 913.607300 1240.690430 0 133 112
v 109.543800 939.236389 1244.853027 0 133 112
v 112.238899 925.686707 1244.853027 0 133 112
v 108.364700 925.686707 1241.102783 0 133 112
v 105.964401 937.753784 1241.102783 0 133 112
v 112.661598 940.527893 1248.998291 0 133 112
v 115.613602 925.686707 1248.998291 0 133 112
v 115.295502 941.618896 1253.488525 0 133 112
v 118.464600 925.686707 1253.488525 0 133 112
v 117.423302 942.500183 1258.273682 0 133 112
v 120.767700 925.686707 1258.273682 0 133 112
v 119.022499 943.162598 1263.302979 0 133 112
v 122.498596 925.686707 1263.302979 0 133 112
v 120.070702 943.596802 1268.526611 0 133 112
v 123.633202 925.686707 1268.526611 0 133 112
v 120.545502 943.793518 1273.893921 0 133 112
v 124.147202 925.686707 1273.893921 0 133 112
v 120.429298 943.745422 1279.284424 0 133 112
v 124.021400 925.686707 1279.284424 0 133 112
v 119.731697 943.456421 1284.576172 0 133 112
v 123.266197 925.686707 1284.576172 0 133 112
v 118.471603 942.934387 1289.717285 0 133 112
v 121.902298 925.686707 1289.717285 0 133 112
v 116.667999 942.187378 1294.655762 0 133 112
v 119.950203 925.686707 1294.655762 0 133 112
v 114.339897 941.223083 1299.339844 0 133 112
v 117.430298 925.686707 1299.339844 0 133 112
v 111.506302 940.049316 1303.717773 0 133 112
v 114.363098 925.686707 1303.717773 0 133 112
v 108.185997 938.674011 1307.737305 0 133 112
v 110.769302 925.686707 1307.737305 0 133 112
v 104.448898 937.125977 1311.302612 0 133 112
v 106.724297 925.686707 1311.302612 0 133 112
v 100.384300 935.442383 1314.338501 0 133 112
v 102.324799 925.686707 1314.338501 0 133 112
v 96.040298 933.643127 1316.825195 0 133 112
v 97.622902 925.686707 1316.825195 0 133 112
v 91.464996 931.747925 1318.742188 0 133 112
v 92.670601 925.686707 1318.742188 0 133 112
v 86.706398 929.776917 1320.069336 0 133 112
v 87.519997 925.686707 1320.069336 0 133 112
v 81.812599 927.749817 1320.786987 0 133 112
v 82.223000 925.686707 1320.786987 0 133 112
v 76.831802 925.686707 1320.874634 0 133 112
v 76.683899 925.625488 0.000000 0 133 112
v 76.671799 925.686829 0.000000 0 133 112
v 113.393501 940.831116 0.000000 0 133 112
v 116.405899 925.686829 0.000000 0 133 112
v 113.392303 940.830505 1230.105469 0 133 112
v 116.404503 925.686707 1230.105469 0 133 112
v 113.334503 940.806580 1230.390137 0 133 112
v 116.342003 925.686707 1230.390137 0 133 112
v 113.261002 940.776184 1230.661865 0 133 112
v 116.262497 925.686707 1230.661865 0 133 112
v 113.173302 940.739807 1230.924072 0 133 112
v 116.167503 925.686707 1230.924072 0 133 112
v 113.072899 940.698181 1231.180176 0 133 112
v 116.058800 925.686707 1231.180176 0 133 112
v 112.961304 940.651978 1231.433105 0 133 112
v 115.938004 925.686707 1231.433105 0 133 112
v 112.839996 940.601685 1231.686279 0 133 112
v 115.806702 925.686707 1231.686279 0 133 112
v 112.710403 940.548096 1231.942993 0 133 112
v 115.666397 925.686707 1231.942993 0 133 112
v 112.571800 940.490723 1232.198730 0 133 112
v 115.516403 925.686707 1232.198730 0 133 112
v 112.422501 940.428772 1232.447021 0 133 112
v 115.354897 925.686707 1232.447021 0 133 112
v 112.262901 940.362671 1232.687256 0 133 112
v 115.182098 925.686707 1232.687256 0 133 112
v 112.093102 940.292419 1232.919189 0 133 112
v 114.998398 925.686707 1232.919189 0 133 112
v 111.913498 940.218018 1233.142334 0 133 112
v 114.804001 925.686707 1233.142334 0 133 112
v 111.724403 940.139709 1233.356323 0 133 112
v 114.599297 925.686707 1233.356323 0 133 112
v 111.526100 940.057495 1233.560791 0 133 112
v 114.384499 925.686707 1233.560791 0 133 112
v 111.319000 939.971680 1233.755127 0 133 112
v 114.160400 925.686707 1233.755127 0 133 112
v 111.103798 939.882629 1233.938599 0 133 112
v 113.927597 925.686707 1233.938599 0 133 112
v 110.881104 939.790405 1234.110840 0 133 112
v 113.686501 925.686707 1234.110840 0 133 112
v 110.651299 939.695190 1234.271729 0 133 112
v 113.437698 925.686707 1234.271729 0 133 112
v 110.414803 939.597229 1234.420898 0 133 112
v 113.181702 925.686707 1234.420898 0 133 112
v 110.171997 939.496582 1234.558105 0 133 112
v 112.918900 925.686707 1234.558105 0 133 112
v 109.923500 939.393677 1234.683105 0 133 112
v 112.649902 925.686707 1234.683105 0 133 112
v 109.597603 939.258728 1234.834229 0 133 112
v 112.297203 925.686707 1234.834229 0 133 112
v 109.319000 939.143372 1234.980591 0 133 112
v 111.995697 925.686707 1234.980591 0 133 112
v 109.073303 939.041626 1235.131592 0 133 112
v 111.729698 925.686707 1235.131592 0 133 112
v 108.846001 938.947388 1235.296387 0 133 112
v 111.483704 925.686707 1235.296387 0 133 112
v 108.622597 938.854919 1235.484863 0 133 112
v 111.241898 925.686707 1235.484863 0 133 112
v 108.388802 938.757996 1235.705566 0 133 112
v 110.988800 925.686707 1235.705566 0 133 112
v 108.129997 938.650818 1235.968506 0 133 112
v 110.708702 925.686707 1235.968506 0 133 112
v 107.861603 938.539612 1236.262695 0 133 112
v 110.418198 925.686707 1236.262695 0 133 112
v 107.608597 938.434875 1236.571777 0 133 112
v 110.144302 925.686707 1236.571777 0 133 112
v 107.371803 938.336670 1236.894775 0 133 112
v 109.887901 925.686707 1236.894775 0 133 112
v 107.151299 938.245422 1237.230957 0 133 112
v 109.649399 925.686707 1237.230957 0 133 112
v 106.947899 938.161194 1237.579590 0 133 112
v 109.429199 925.686707 1237.579590 0 133 112
v 106.762001 938.084229 1237.940186 0 133 112
v 109.227898 925.686707 1237.940186 0 133 112
v 106.593903 938.014526 1238.311646 0 133 112
v 109.045998 925.686707 1238.311646 0 133 112
v 106.444603 937.952820 1238.692383 0 133 112
v 108.884499 925.686707 1238.692383 0 133 112
v 106.314903 937.898987 1239.080566 0 133 112
v 108.744003 925.686707 1239.080566 0 133 112
v 106.204697 937.853271 1239.475342 0 133 112
v 108.624802 925.686707 1239.475342 0 133 112
v 106.114403 937.815918 1239.875732 0 133 112
v 108.527000 925.686707 1239.875732 0 133 112
v 106.044098 937.786804 1240.281250 0 133 112
v 108.450897 925.686707 1240.281250 0 133 112
v 105.994003 937.766113 1240.690430 0 133 112
v 108.396698 925.686707 1240.690430 0 133 112
v 101.868500 950.723328 1244.853027 0 133 112
v 99.128998 947.983826 1241.102783 0 133 112
v 104.254799 953.109619 1248.998291 0 133 112
v 106.270699 955.125488 1253.488525 0 133 112
v 107.899200 956.754089 1258.273682 0 133 112
v 109.123199 957.978027 1263.302979 0 133 112
v 109.925400 958.780273 1268.526611 0 133 112
v 110.288902 959.143677 1273.893921 0 133 112
v 110.199997 959.054810 1279.284424 0 133 112
v 109.666000 958.520874 1284.576172 0 133 112
v 108.701500 957.556396 1289.717285 0 133 112
v 107.321198 956.176025 1294.655762 0 133 112
v 105.539299 954.394226 1299.339844 0 133 112
v 103.370499 952.225403 1303.717773 0 133 112
v 100.829300 949.684082 1307.737305 0 133 112
v 97.969101 946.823914 1311.302612 0 133 112
v 94.858200 943.713013 1314.338501 0 133 112
v 91.533401 940.388184 1316.825195 0 133 112
v 88.031601 936.886414 1318.742188 0 133 112
v 84.389503 933.244385 1320.069336 0 133 112
v 80.643997 929.498779 1320.786987 0 133 112
v 76.718597 925.573486 0.000000 0 133 112
v 104.814903 953.669922 0.000000 0 133 112
v 104.814003 953.668884 1230.105469 0 133 112
v 104.769798 953.624573 1230.390137 0 133 112
v 104.713600 953.568420 1230.661865 0 133 112
v 104.646400 953.501282 1230.924072 0 133 112
v 104.569603 953.424377 1231.180176 0 133 112
v 104.484100 953.338989 1231.433105 0 133 112
v 104.391296 953.246216 1231.686279 0 133 112
v 104.292099 953.146973 1231.942993 0 133 112
v 104.185997 953.040894 1232.198730 0 133 112
v 104.071800 952.926575 1232.447021 0 133 112
v 103.949600 952.804382 1232.687256 0 133 112
v 103.819702 952.674622 1232.919189 0 133 112
v 103.682297 952.537109 1233.142334 0 133 112
v 103.537498 952.392273 1233.356323 0 133 112
v 103.385696 952.240479 1233.560791 0 133 112
v 103.227203 952.081970 1233.755127 0 133 112
v 103.062500 951.917419 1233.938599 0 133 112
v 102.892097 951.746887 1234.110840 0 133 112
v 102.716202 951.570984 1234.271729 0 133 112
v 102.535202 951.390015 1234.420898 0 133 112
v 102.349297 951.204224 1234.558105 0 133 112
v 102.159103 951.013977 1234.683105 0 133 112
v 101.909698 950.764587 1234.834229 0 133 112
v 101.696503 950.551392 1234.980591 0 133 112
v 101.508400 950.363281 1235.131592 0 133 112
v 101.334503 950.189270 1235.296387 0 133 112
v 101.163498 950.018372 1235.484863 0 133 112
v 100.984497 949.839417 1235.705566 0 133 112
v 100.786400 949.641296 1235.968506 0 133 112
v 100.581001 949.435913 1236.262695 0 133 112
v 100.387398 949.242188 1236.571777 0 133 112
v 100.206100 949.060974 1236.894775 0 133 112
v 100.037399 948.892273 1237.230957 0 133 112
v 99.881699 948.736572 1237.579590 0 133 112
v 99.739403 948.594177 1237.940186 0 133 112
v 99.610802 948.465576 1238.311646 0 133 112
v 99.496498 948.351379 1238.692383 0 133 112
v 99.397202 948.252075 1239.080566 0 133 112
v 99.312897 948.167725 1239.475342 0 133 112
v 99.243797 948.098572 1239.875732 0 133 112
v 99.189903 948.044800 1240.281250 0 133 112
v 99.151703 948.006470 1240.690430 0 133 112
v 90.381599 958.398682 1244.853027 0 133 112
v 88.899002 954.819275 1241.102783 0 133 112
v 91.672997 961.516479 1248.998291 0 133 112
v 92.764099 964.150513 1253.488525 0 133 112
v 93.645401 966.278198 1258.273682 0 133 112
v 94.307800 967.877380 1263.302979 0 133 112
v 94.741997 968.925598 1268.526611 0 133 112
v 94.938698 969.400513 1273.893921 0 133 112
v 94.890602 969.284180 1279.284424 0 133 112
v 94.601601 968.586609 1284.576172 0 133 112
v 94.079697 967.326477 1289.717285 0 133 112
v 93.332603 965.522888 1294.655762 0 133 112
v 92.368202 963.194824 1299.339844 0 133 112
v 91.194504 960.361206 1303.717773 0 133 112
v 89.819199 957.040894 1307.737305 0 133 112
v 88.271202 953.303772 1311.302612 0 133 112
v 86.587601 949.239319 1314.338501 0 133 112
v 84.788300 944.895325 1316.825195 0 133 112
v 82.893097 940.319885 1318.742188 0 133 112
v 80.922096 935.561279 1320.069336 0 133 112
v 78.894997 930.667480 1320.786987 0 133 112
v 76.831902 925.686829 1320.874634 0 133 112
v 76.770401 925.538818 0.000000 0 133 112
v 91.976097 962.248413 0.000000 0 133 112
v 91.975700 962.247192 1230.105469 0 133 112
v 91.951797 962.189392 1230.390137 0 133 112
v 91.921303 962.115906 1230.661865 0 133 112
v 91.885002 962.028320 1230.924072 0 133 112
v 91.843399 961.927917 1231.180176 0 133 112
v 91.797203 961.816223 1231.433105 0 133 112
v 91.746902 961.694885 1231.686279 0 133 112
v 91.693199 961.565308 1231.942993 0 133 112
v 91.635902 961.426697 1232.198730 0 133 112
v 91.573997 961.277405 1232.447021 0 133 112
v 91.507896 961.117798 1232.687256 0 133 112
v 91.437599 960.948120 1232.919189 0 133 112
v 91.363197 960.768494 1233.142334 0 133 112
v 91.284897 960.579285 1233.356323 0 133 112
v 91.202698 960.380981 1233.560791 0 133 112
v 91.116898 960.173889 1233.755127 0 133 112
v 91.027802 959.958679 1233.938599 0 133 112
v 90.935501 959.736084 1234.110840 0 133 112
v 90.840302 959.506226 1234.271729 0 133 112
v 90.742401 959.269714 1234.420898 0 133 112
v 90.641800 959.026917 1234.558105 0 133 112
v 90.538902 958.778381 1234.683105 0 133 112
v 90.403900 958.452515 1234.834229 0 133 112
v 90.288498 958.174011 1234.980591 0 133 112
v 90.186798 957.928223 1235.131592 0 133 112
v 90.092598 957.700928 1235.296387 0 133 112
v 90.000099 957.477478 1235.484863 0 133 112
v 89.903198 957.243713 1235.705566 0 133 112
v 89.795998 956.984924 1235.968506 0 133 112
v 89.684799 956.716492 1236.262695 0 133 112
v 89.580101 956.463623 1236.571777 0 133 112
v 89.481903 956.226685 1236.894775 0 133 112
v 89.390602 956.006226 1237.230957 0 133 112
v 89.306297 955.802917 1237.579590 0 133 112
v 89.229301 955.616882 1237.940186 0 133 112
v 89.159698 955.448914 1238.311646 0 133 112
v 89.097900 955.299622 1238.692383 0 133 112
v 89.044098 955.169800 1239.080566 0 133 112
v 88.998497 955.059570 1239.475342 0 133 112
v 88.961098 954.969299 1239.875732 0 133 112
v 88.931999 954.898987 1240.281250 0 133 112
v 88.911301 954.848999 1240.690430 0 133 112
v 76.831902 961.093872 1244.853027 0 133 112
v 76.831902 957.219727 1241.102783 0 133 112
v 76.831902 964.468628 1248.998291 0 133 112
v 76.831902 967.319580 1253.488525 0 133 112
v 76.831902 969.622681 1258.273682 0 133 112
v 76.831902 971.353577 1263.302979 0 133 112
v 76.831902 972.488220 1268.526611 0 133 112
v 76.831902 973.002197 1273.893921 0 133 112
v 76.831902 972.876404 1279.284424 0 133 112
v 76.831902 972.121277 1284.576172 0 133 112
v 76.831902 970.757385 1289.717285 0 133 112
v 76.831902 968.805176 1294.655762 0 133 112
v 76.831902 966.285278 1299.339844 0 133 112
v 76.831902 963.218079 1303.717773 0 133 112
v 76.831902 959.624329 1307.737305 0 133 112
v 76.831902 955.579285 1311.302612 0 133 112
v 76.831902 951.179810 1314.338501 0 133 112
v 76.831902 946.477905 1316.825195 0 133 112
v 76.831902 941.525574 1318.742188 0 133 112
v 76.831902 936.374878 1320.069336 0 133 112
v 76.831902 931.078003 1320.786987 0 133 112
v 76.831703 925.526611 0.000000 0 133 112
v 76.831703 965.260803 0.000000 0 133 112
v 76.831902 965.259521 1230.105469 0 133 112
v 76.831902 965.197021 1230.390137 0 133 112
v 76.831902 965.117371 1230.661865 0 133 112
v 76.831902 965.022522 1230.924072 0 133 112
v 76.831902 964.913879 1231.180176 0 133 112
v 76.831902 964.793030 1231.433105 0 133 112
v 76.831902 964.661682 1231.686279 0 133 112
v 76.831902 964.521423 1231.942993 0 133 112
v 76.831902 964.371399 1232.198730 0 133 112
v 76.831902 964.209778 1232.447021 0 133 112
v 76.831902 964.036987 1232.687256 0 133 112
v 76.831902 963.853271 1232.919189 0 133 112
v 76.831902 963.658875 1233.142334 0 133 112
v 76.831902 963.454285 1233.356323 0 133 112
v 76.831902 963.239624 1233.560791 0 133 112
v 76.831902 963.015381 1233.755127 0 133 112
v 76.831902 962.782471 1233.938599 0 133 112
v 76.831902 962.541504 1234.110840 0 133 112
v 76.831902 962.292725 1234.271729 0 133 112
v 76.831902 962.036682 1234.420898 0 133 112
v 76.831902 961.773926 1234.558105 0 133 112
v 76.831902 961.504883 1234.683105 0 133 112
v 76.831902 961.152222 1234.834229 0 133 112
v 76.831902 960.850708 1234.980591 0 133 112
v 76.831902 960.584717 1235.131592 0 133 112
v 76.831902 960.338684 1235.296387 0 133 112
v 76.831902 960.096924 1235.484863 0 133 112
v 76.831902 959.843811 1235.705566 0 133 112
v 76.831902 959.563721 1235.968506 0 133 112
v 76.831902 959.273071 1236.262695 0 133 112
v 76.831902 958.999390 1236.571777 0 133 112
v 76.831902 958.742981 1236.894775 0 133 112
v 76.831902 958.504395 1237.230957 0 133 112
v 76.831902 958.284180 1237.579590 0 133 112
v 76.831902 958.082886 1237.940186 0 133 112
v 76.831902 957.901001 1238.311646 0 133 112
v 76.831902 957.739502 1238.692383 0 133 112
v 76.831902 957.598999 1239.080566 0 133 112
v 76.831902 957.479675 1239.475342 0 133 112
v 76.831902 957.382019 1239.875732 0 133 112
v 76.831902 957.305908 1240.281250 0 133 112
v 76.831902 957.251770 1240.690430 0 133 112
v 63.282200 958.398682 1244.853027 0 133 112
v 64.764801 954.819397 1241.102783 0 133 112
v 61.990700 961.516602 1248.998291 0 133 112
v 60.899700 964.150513 1253.488525 0 133 112
v 60.018398 966.278320 1258.273682 0 133 112
v 59.355999 967.877380 1263.302979 0 133 112
v 58.921799 968.925720 1268.526611 0 133 112
v 58.724998 969.400574 1273.893921 0 133 112
v 58.773201 969.284302 1279.284424 0 133 112
v 59.062199 968.586670 1284.576172 0 133 112
v 59.584099 967.326599 1289.717285 0 133 112
v 60.331200 965.523071 1294.655762 0 133 112
v 61.295502 963.194885 1299.339844 0 133 112
v 62.469200 960.361328 1303.717773 0 133 112
v 63.844501 957.041016 1307.737305 0 133 112
v 65.392502 953.303894 1311.302612 0 133 112
v 67.076103 949.239319 1314.338501 0 133 112
v 68.875504 944.895325 1316.825195 0 133 112
v 70.770599 940.320007 1318.742188 0 133 112
v 72.741699 935.561401 1320.069336 0 133 112
v 74.768799 930.667725 1320.786987 0 133 112
v 76.892899 925.538818 0.000000 0 133 112
v 61.687302 962.248413 0.000000 0 133 112
v 61.688000 962.247314 1230.105469 0 133 112
v 61.712002 962.189514 1230.390137 0 133 112
v 61.742401 962.116028 1230.661865 0 133 112
v 61.778702 962.028320 1230.924072 0 133 112
v 61.820301 961.927917 1231.180176 0 133 112
v 61.866600 961.816284 1231.433105 0 133 112
v 61.916801 961.694885 1231.686279 0 133 112
v 61.970501 961.565430 1231.942993 0 133 112
v 62.027901 961.426819 1232.198730 0 133 112
v 62.089699 961.277527 1232.447021 0 133 112
v 62.155899 961.117920 1232.687256 0 133 112
v 62.226200 960.948120 1232.919189 0 133 112
v 62.300499 960.768616 1233.142334 0 133 112
v 62.378899 960.579407 1233.356323 0 133 112
v 62.461102 960.380981 1233.560791 0 133 112
v 62.546799 960.174011 1233.755127 0 133 112
v 62.635899 959.958923 1233.938599 0 133 112
v 62.728199 959.736084 1234.110840 0 133 112
v 62.823399 959.506287 1234.271729 0 133 112
v 62.921398 959.269775 1234.420898 0 133 112
v 63.021900 959.026978 1234.558105 0 133 112
v 63.124901 958.778381 1234.683105 0 133 112
v 63.259800 958.452576 1234.834229 0 133 112
v 63.375198 958.174072 1234.980591 0 133 112
v 63.477001 957.928284 1235.131592 0 133 112
v 63.571201 957.700989 1235.296387 0 133 112
v 63.663700 957.477600 1235.484863 0 133 112
v 63.760601 957.243774 1235.705566 0 133 112
v 63.867699 956.984985 1235.968506 0 133 112
v 63.978901 956.716614 1236.262695 0 133 112
v 64.083702 956.463623 1236.571777 0 133 112
v 64.181801 956.226685 1236.894775 0 133 112
v 64.273102 956.006287 1237.230957 0 133 112
v 64.357399 955.802917 1237.579590 0 133 112
v 64.434402 955.616882 1237.940186 0 133 112
v 64.503998 955.448914 1238.311646 0 133 112
v 64.565903 955.299683 1238.692383 0 133 112
v 64.619598 955.169922 1239.080566 0 133 112
v 64.665199 955.059692 1239.475342 0 133 112
v 64.702599 954.969421 1239.875732 0 133 112
v 64.731796 954.899109 1240.281250 0 133 112
v 64.752502 954.849121 1240.690430 0 133 112
v 51.795200 950.723389 1244.853027 0 133 112
v 54.534698 947.983887 1241.102783 0 133 112
v 49.408901 953.109680 1248.998291 0 133 112
v 47.393002 955.125671 1253.488525 0 133 112
v 45.764500 956.754211 1258.273682 0 133 112
v 44.540501 957.978088 1263.302979 0 133 112
v 43.738300 958.780518 1268.526611 0 133 112
v 43.374802 959.143921 1273.893921 0 133 112
v 43.463799 959.054871 1279.284424 0 133 112
v 43.997700 958.520996 1284.576172 0 133 112
v 44.962200 957.556580 1289.717285 0 133 112
v 46.342499 956.176208 1294.655762 0 133 112
v 48.124401 954.394287 1299.339844 0 133 112
v 50.293201 952.225525 1303.717773 0 133 112
v 52.834400 949.684326 1307.737305 0 133 112
v 55.694599 946.824097 1311.302612 0 133 112
v 58.805500 943.713196 1314.338501 0 133 112
v 62.130299 940.388428 1316.825195 0 133 112
v 65.632103 936.886597 1318.742188 0 133 112
v 69.274200 933.244507 1320.069336 0 133 112
v 73.019699 929.499023 1320.786987 0 133 112
v 76.831802 925.686890 1320.874634 0 133 112
v 76.944901 925.573425 0.000000 0 133 112
v 48.848598 953.669678 0.000000 0 133 112
v 48.849701 953.669006 1230.105469 0 133 112
v 48.893902 953.624817 1230.390137 0 133 112
v 48.950100 953.568481 1230.661865 0 133 112
v 49.017300 953.501404 1230.924072 0 133 112
v 49.094101 953.424622 1231.180176 0 133 112
v 49.179600 953.339172 1231.433105 0 133 112
v 49.272400 953.246277 1231.686279 0 133 112
v 49.371601 953.147095 1231.942993 0 133 112
v 49.477699 953.041016 1232.198730 0 133 112
v 49.591900 952.926819 1232.447021 0 133 112
v 49.714100 952.804626 1232.687256 0 133 112
v 49.844101 952.674683 1232.919189 0 133 112
v 49.981400 952.537170 1233.142334 0 133 112
v 50.126202 952.392517 1233.356323 0 133 112
v 50.278099 952.240723 1233.560791 0 133 112
v 50.436501 952.082214 1233.755127 0 133 112
v 50.601200 951.917480 1233.938599 0 133 112
v 50.771702 951.747070 1234.110840 0 133 112
v 50.947601 951.571228 1234.271729 0 133 112
v 51.128601 951.390076 1234.420898 0 133 112
v 51.314400 951.204285 1234.558105 0 133 112
v 51.504601 951.014099 1234.683105 0 133 112
v 51.754002 950.764709 1234.834229 0 133 112
v 51.967201 950.551514 1234.980591 0 133 112
v 52.155300 950.363403 1235.131592 0 133 112
v 52.329300 950.189514 1235.296387 0 133 112
v 52.500198 950.018494 1235.484863 0 133 112
v 52.679199 949.839478 1235.705566 0 133 112
v 52.877300 949.641418 1235.968506 0 133 112
v 53.082699 949.435974 1236.262695 0 133 112
v 53.276299 949.242371 1236.571777 0 133 112
v 53.457600 949.061096 1236.894775 0 133 112
v 53.626301 948.892395 1237.230957 0 133 112
v 53.782001 948.736694 1237.579590 0 133 112
v 53.924301 948.594421 1237.940186 0 133 112
v 54.052898 948.465820 1238.311646 0 133 112
v 54.167198 948.351624 1238.692383 0 133 112
v 54.266499 948.252197 1239.080566 0 133 112
v 54.350800 948.167908 1239.475342 0 133 112
v 54.419998 948.098816 1239.875732 0 133 112
v 54.473801 948.044983 1240.281250 0 133 112
v 54.512100 948.006714 1240.690430 0 133 112
v 44.119900 939.236572 1244.853027 0 133 112
v 47.699200 937.754028 1241.102783 0 133 112
v 41.002102 940.528015 1248.998291 0 133 112
v 38.368099 941.619080 1253.488525 0 133 112
v 36.240398 942.500427 1258.273682 0 133 112
v 34.641201 943.162781 1263.302979 0 133 112
v 33.592999 943.596985 1268.526611 0 133 112
v 33.118099 943.793701 1273.893921 0 133 112
v 33.234299 943.745483 1279.284424 0 133 112
v 33.931900 943.456604 1284.576172 0 133 112
v 35.192101 942.934570 1289.717285 0 133 112
v 36.995602 942.187622 1294.655762 0 133 112
v 39.323700 941.223328 1299.339844 0 133 112
v 42.157398 940.049500 1303.717773 0 133 112
v 45.477699 938.674194 1307.737305 0 133 112
v 49.214699 937.126282 1311.302612 0 133 112
v 53.279301 935.442627 1314.338501 0 133 112
v 57.623402 933.643311 1316.825195 0 133 112
v 62.198700 931.748230 1318.742188 0 133 112
v 66.957298 929.777100 1320.069336 0 133 112
v 71.850998 927.750000 1320.786987 0 133 112
v 76.979599 925.625305 0.000000 0 133 112
v 40.270000 940.830872 0.000000 0 133 112
v 40.271400 940.830688 1230.105469 0 133 112
v 40.329201 940.806824 1230.390137 0 133 112
v 40.402599 940.776306 1230.661865 0 133 112
v 40.490299 940.739990 1230.924072 0 133 112
v 40.590801 940.698425 1231.180176 0 133 112
v 40.702301 940.652222 1231.433105 0 133 112
v 40.823700 940.601929 1231.686279 0 133 112
v 40.953201 940.548279 1231.942993 0 133 112
v 41.091900 940.490784 1232.198730 0 133 112
v 41.241100 940.429016 1232.447021 0 133 112
v 41.400799 940.362915 1232.687256 0 133 112
v 41.570599 940.292480 1232.919189 0 133 112
v 41.750099 940.218201 1233.142334 0 133 112
v 41.939201 940.139771 1233.356323 0 133 112
v 42.137600 940.057678 1233.560791 0 133 112
v 42.344700 939.971924 1233.755127 0 133 112
v 42.559799 939.882813 1233.938599 0 133 112
v 42.782501 939.790527 1234.110840 0 133 112
v 43.012299 939.695374 1234.271729 0 133 112
v 43.248798 939.597412 1234.420898 0 133 112
v 43.491600 939.496826 1234.558105 0 133 112
v 43.740200 939.393921 1234.683105 0 133 112
v 44.066002 939.258911 1234.834229 0 133 112
v 44.344601 939.143494 1234.980591 0 133 112
v 44.590302 939.041687 1235.131592 0 133 112
v 44.817600 938.947571 1235.296387 0 133 112
v 45.041000 938.854980 1235.484863 0 133 112
v 45.274799 938.758179 1235.705566 0 133 112
v 45.533600 938.651001 1235.968506 0 133 112
v 45.802101 938.539795 1236.262695 0 133 112
v 46.055000 938.435120 1236.571777 0 133 112
v 46.291901 938.336914 1236.894775 0 133 112
v 46.512299 938.245605 1237.230957 0 133 112
v 46.715801 938.161377 1237.579590 0 133 112
v 46.901699 938.084412 1237.940186 0 133 112
v 47.069801 938.014709 1238.311646 0 133 112
v 47.219002 937.952881 1238.692383 0 133 112
v 47.348801 937.899170 1239.080566 0 133 112
v 47.458900 937.853516 1239.475342 0 133 112
v 47.549301 937.816101 1239.875732 0 133 112
v 47.619598 937.786987 1240.281250 0 133 112
v 47.669601 937.766174 1240.690430 0 133 112
v 41.424702 925.686890 1244.853027 0 133 112
v 45.298901 925.686890 1241.102783 0 133 112
v 38.049900 925.686890 1248.998291 0 133 112
v 35.199001 925.686890 1253.488525 0 133 112
v 32.895901 925.686890 1258.273682 0 133 112
v 31.165001 925.686890 1263.302979 0 133 112
v 30.030399 925.686890 1268.526611 0 133 112
v 29.516399 925.686890 1273.893921 0 133 112
v 29.642200 925.686890 1279.284424 0 133 112
v 30.397301 925.686890 1284.576172 0 133 112
v 31.761200 925.686890 1289.717285 0 133 112
v 33.713402 925.686890 1294.655762 0 133 112
v 36.233299 925.686890 1299.339844 0 133 112
v 39.300499 925.686890 1303.717773 0 133 112
v 42.894299 925.686890 1307.737305 0 133 112
v 46.939301 925.686890 1311.302612 0 133 112
v 51.338699 925.686890 1314.338501 0 133 112
v 56.040600 925.686890 1316.825195 0 133 112
v 60.993000 925.686890 1318.742188 0 133 112
v 66.143600 925.686890 1320.069336 0 133 112
v 71.440598 925.686890 1320.786987 0 133 112
v 76.991798 925.686523 0.000000 0 133 112
v 37.257599 925.686523 0.000000 0 133 112
v 37.258999 925.686890 1230.105469 0 133 112
v 37.321602 925.686890 1230.390137 0 133 112
v 37.401100 925.686890 1230.661865 0 133 112
v 37.495998 925.686890 1230.924072 0 133 112
v 37.604698 925.686890 1231.180176 0 133 112
v 37.725498 925.686890 1231.433105 0 133 112
v 37.856899 925.686890 1231.686279 0 133 112
v 37.997101 925.686890 1231.942993 0 133 112
v 38.147202 925.686890 1232.198730 0 133 112
v 38.308701 925.686890 1232.447021 0 133 112
v 38.481499 925.686890 1232.687256 0 133 112
v 38.665199 925.686890 1232.919189 0 133 112
v 38.859600 925.686890 1233.142334 0 133 112
v 39.064301 925.686890 1233.356323 0 133 112
v 39.279099 925.686890 1233.560791 0 133 112
v 39.503201 925.686890 1233.755127 0 133 112
v 39.736000 925.686890 1233.938599 0 133 112
v 39.977100 925.686890 1234.110840 0 133 112
v 40.225800 925.686890 1234.271729 0 133 112
v 40.481899 925.686890 1234.420898 0 133 112
v 40.744598 925.686890 1234.558105 0 133 112
v 41.013699 925.686890 1234.683105 0 133 112
v 41.366299 925.686890 1234.834229 0 133 112
v 41.667801 925.686890 1234.980591 0 133 112
v 41.933800 925.686890 1235.131592 0 133 112
v 42.179901 925.686890 1235.296387 0 133 112
v 42.421700 925.686890 1235.484863 0 133 112
v 42.674801 925.686890 1235.705566 0 133 112
v 42.954899 925.686890 1235.968506 0 133 112
v 43.245399 925.686890 1236.262695 0 133 112
v 43.519199 925.686890 1236.571777 0 133 112
v 43.775600 925.686890 1236.894775 0 133 112
v 44.014198 925.686890 1237.230957 0 133 112
v 44.234402 925.686890 1237.579590 0 133 112
v 44.435699 925.686890 1237.940186 0 133 112
v 44.617599 925.686890 1238.311646 0 133 112
v 44.779099 925.686890 1238.692383 0 133 112
v 44.919601 925.686890 1239.080566 0 133 112
v 45.038799 925.686890 1239.475342 0 133 112
v 45.136501 925.686890 1239.875732 0 133 112
v 45.212601 925.686890 1240.281250 0 133 112
v 45.266800 925.686890 1240.690430 0 133 112
v 44.119801 912.137085 1244.853027 0 133 112
v 47.699200 913.619812 1241.102783 0 133 112
v 41.001999 910.845703 1248.998291 0 133 112
v 38.368000 909.754700 1253.488525 0 133 112
v 36.240299 908.873413 1258.273682 0 133 112
v 34.641102 908.210876 1263.302979 0 133 112
v 33.592899 907.776794 1268.526611 0 133 112
v 33.118000 907.580078 1273.893921 0 133 112
v 33.234299 907.628174 1279.284424 0 133 112
v 33.931900 907.917175 1284.576172 0 133 112
v 35.192001 908.439087 1289.717285 0 133 112
v 36.995499 909.186218 1294.655762 0 133 112
v 39.323700 910.150513 1299.339844 0 133 112
v 42.157299 911.324280 1303.717773 0 133 112
v 45.477600 912.699585 1307.737305 0 133 112
v 49.214699 914.247498 1311.302612 0 133 112
v 53.279202 915.931213 1314.338501 0 133 112
v 57.623199 917.730530 1316.825195 0 133 112
v 62.198601 919.625671 1318.742188 0 133 112
v 66.957199 921.596680 1320.069336 0 133 112
v 71.850998 923.623779 1320.786987 0 133 112
v 76.831703 925.686890 1320.874634 0 133 112
v 76.979698 925.747803 0.000000 0 133 112
v 40.270100 910.542175 0.000000 0 133 112
v 40.271301 910.543030 1230.105469 0 133 112
v 40.329102 910.567017 1230.390137 0 133 112
v 40.402599 910.597412 1230.661865 0 133 112
v 40.490200 910.633728 1230.924072 0 133 112
v 40.590599 910.675293 1231.180176 0 133 112
v 40.702301 910.721619 1231.433105 0 133 112
v 40.823601 910.771790 1231.686279 0 133 112
v 40.953201 910.825500 1231.942993 0 133 112
v 41.091801 910.882874 1232.198730 0 133 112
v 41.241100 910.944702 1232.447021 0 133 112
v 41.400700 911.010925 1232.687256 0 133 112
v 41.570499 911.081177 1232.919189 0 133 112
v 41.750099 911.155518 1233.142334 0 133 112
v 41.939098 911.233887 1233.356323 0 133 112
v 42.137501 911.315979 1233.560791 0 133 112
v 42.344601 911.401917 1233.755127 0 133 112
v 42.559799 911.491028 1233.938599 0 133 112
v 42.782501 911.583191 1234.110840 0 133 112
v 43.012299 911.678406 1234.271729 0 133 112
v 43.248798 911.776428 1234.420898 0 133 112
v 43.491600 911.876892 1234.558105 0 133 112
v 43.740101 911.979919 1234.683105 0 133 112
v 44.066002 912.114929 1234.834229 0 133 112
v 44.344501 912.230225 1234.980591 0 133 112
v 44.590302 912.331970 1235.131592 0 133 112
v 44.817600 912.426086 1235.296387 0 133 112
v 45.041000 912.518677 1235.484863 0 133 112
v 45.274799 912.615479 1235.705566 0 133 112
v 45.533600 912.722717 1235.968506 0 133 112
v 45.801998 912.833923 1236.262695 0 133 112
v 46.054901 912.938721 1236.571777 0 133 112
v 46.291801 913.036804 1236.894775 0 133 112
v 46.512299 913.128113 1237.230957 0 133 112
v 46.715698 913.212402 1237.579590 0 133 112
v 46.901699 913.289429 1237.940186 0 133 112
v 47.069599 913.359009 1238.311646 0 133 112
v 47.218899 913.420776 1238.692383 0 133 112
v 47.348701 913.474609 1239.080566 0 133 112
v 47.458900 913.520203 1239.475342 0 133 112
v 47.549198 913.557617 1239.875732 0 133 112
v 47.619400 913.586670 1240.281250 0 133 112
v 47.669601 913.607483 1240.690430 0 133 112
v 51.795101 900.650208 1244.853027 0 133 112
v 54.534599 903.389709 1241.102783 0 133 112
v 49.408798 898.263977 1248.998291 0 133 112
v 47.392899 896.247986 1253.488525 0 133 112
v 45.764301 894.619507 1258.273682 0 133 112
v 44.540401 893.395630 1263.302979 0 133 112
v 43.738201 892.593323 1268.526611 0 133 112
v 43.374699 892.229797 1273.893921 0 133 112
v 43.463600 892.318787 1279.284424 0 133 112
v 43.997601 892.852722 1284.576172 0 133 112
v 44.962002 893.817078 1289.717285 0 133 112
v 46.342400 895.197571 1294.655762 0 133 112
v 48.124298 896.979370 1299.339844 0 133 112
v 50.292999 899.148193 1303.717773 0 133 112
v 52.834301 901.689514 1307.737305 0 133 112
v 55.694500 904.549683 1311.302612 0 133 112
v 58.805401 907.660583 1314.338501 0 133 112
v 62.130199 910.985413 1316.825195 0 133 112
v 65.632004 914.487122 1318.742188 0 133 112
v 69.274002 918.129211 1320.069336 0 133 112
v 73.019600 921.874817 1320.786987 0 133 112
v 76.945000 925.799683 0.000000 0 133 112
v 48.848701 897.703430 0.000000 0 133 112
v 48.849499 897.704712 1230.105469 0 133 112
v 48.893799 897.748901 1230.390137 0 133 112
v 48.950001 897.805176 1230.661865 0 133 112
v 49.017200 897.872314 1230.924072 0 133 112
v 49.094002 897.949097 1231.180176 0 133 112
v 49.179401 898.034485 1231.433105 0 133 112
v 49.272301 898.127380 1231.686279 0 133 112
v 49.371498 898.226624 1231.942993 0 133 112
v 49.477501 898.332703 1232.198730 0 133 112
v 49.591801 898.446899 1232.447021 0 133 112
v 49.714001 898.569092 1232.687256 0 133 112
v 49.843899 898.698975 1232.919189 0 133 112
v 49.981300 898.836487 1233.142334 0 133 112
v 50.126099 898.981201 1233.356323 0 133 112
v 50.277901 899.133118 1233.560791 0 133 112
v 50.436401 899.291626 1233.755127 0 133 112
v 50.601101 899.456177 1233.938599 0 133 112
v 50.771500 899.626587 1234.110840 0 133 112
v 50.947399 899.802612 1234.271729 0 133 112
v 51.128399 899.983582 1234.420898 0 133 112
v 51.314301 900.169373 1234.558105 0 133 112
v 51.504501 900.359619 1234.683105 0 133 112
v 51.753799 900.609009 1234.834229 0 133 112
v 51.967098 900.822205 1234.980591 0 133 112
v 52.155201 901.010315 1235.131592 0 133 112
v 52.329201 901.184326 1235.296387 0 133 112
v 52.500099 901.355225 1235.484863 0 133 112
v 52.679100 901.534180 1235.705566 0 133 112
v 52.877102 901.732178 1235.968506 0 133 112
v 53.082600 901.937683 1236.262695 0 133 112
v 53.276199 902.131287 1236.571777 0 133 112
v 53.457500 902.312622 1236.894775 0 133 112
v 53.626202 902.481323 1237.230957 0 133 112
v 53.781898 902.637024 1237.579590 0 133 112
v 53.924198 902.779419 1237.940186 0 133 112
v 54.052799 902.908020 1238.311646 0 133 112
v 54.167099 903.022217 1238.692383 0 133 112
v 54.266399 903.121521 1239.080566 0 133 112
v 54.350700 903.205811 1239.475342 0 133 112
v 54.419800 903.275024 1239.875732 0 133 112
v 54.473598 903.328674 1240.281250 0 133 112
v 54.511902 903.367126 1240.690430 0 133 112
v 63.282001 892.974915 1244.853027 0 133 112
v 64.764603 896.554199 1241.102783 0 133 112
v 61.990501 889.857117 1248.998291 0 133 112
v 60.899502 887.223083 1253.488525 0 133 112
v 60.018200 885.095276 1258.273682 0 133 112
v 59.355801 883.496216 1263.302979 0 133 112
v 58.921600 882.447998 1268.526611 0 133 112
v 58.724899 881.973083 1273.893921 0 133 112
v 58.772999 882.089294 1279.284424 0 133 112
v 59.062000 882.786987 1284.576172 0 133 112
v 59.583900 884.047119 1289.717285 0 133 112
v 60.331001 885.850586 1294.655762 0 133 112
v 61.295300 888.178711 1299.339844 0 133 112
v 62.469101 891.012390 1303.717773 0 133 112
v 63.844398 894.332703 1307.737305 0 133 112
v 65.392303 898.069824 1311.302612 0 133 112
v 67.075897 902.134277 1314.338501 0 133 112
v 68.875298 906.478271 1316.825195 0 133 112
v 70.770401 911.053711 1318.742188 0 133 112
v 72.741501 915.812317 1320.069336 0 133 112
v 74.768600 920.706116 1320.786987 0 133 112
v 76.831703 925.686829 1320.874634 0 133 112
v 76.893097 925.834473 0.000000 0 133 112
v 61.687500 889.124817 0.000000 0 133 112
v 61.687901 889.126282 1230.105469 0 133 112
v 61.711800 889.184082 1230.390137 0 133 112
v 61.742199 889.257629 1230.661865 0 133 112
v 61.778599 889.345276 1230.924072 0 133 112
v 61.820099 889.445679 1231.180176 0 133 112
v 61.866402 889.557373 1231.433105 0 133 112
v 61.916698 889.678711 1231.686279 0 133 112
v 61.970299 889.808289 1231.942993 0 133 112
v 62.027802 889.946899 1232.198730 0 133 112
v 62.089500 890.096130 1232.447021 0 133 112
v 62.155701 890.255798 1232.687256 0 133 112
v 62.226002 890.425476 1232.919189 0 133 112
v 62.300400 890.605103 1233.142334 0 133 112
v 62.378700 890.794189 1233.356323 0 133 112
v 62.460899 890.992615 1233.560791 0 133 112
v 62.546700 891.199707 1233.755127 0 133 112
v 62.635799 891.414795 1233.938599 0 133 112
v 62.728001 891.637512 1234.110840 0 133 112
v 62.823200 891.867310 1234.271729 0 133 112
v 62.921200 892.103882 1234.420898 0 133 112
v 63.021702 892.346619 1234.558105 0 133 112
v 63.124699 892.595215 1234.683105 0 133 112
v 63.259701 892.921021 1234.834229 0 133 112
v 63.375099 893.199585 1234.980591 0 133 112
v 63.476898 893.445313 1235.131592 0 133 112
v 63.570999 893.672729 1235.296387 0 133 112
v 63.663502 893.895996 1235.484863 0 133 112
v 63.760399 894.129883 1235.705566 0 133 112
v 63.867599 894.388611 1235.968506 0 133 112
v 63.978802 894.657104 1236.262695 0 133 112
v 64.083603 894.909973 1236.571777 0 133 112
v 64.181602 895.146912 1236.894775 0 133 112
v 64.272903 895.367310 1237.230957 0 133 112
v 64.357201 895.570679 1237.579590 0 133 112
v 64.434303 895.756714 1237.940186 0 133 112
v 64.503799 895.924683 1238.311646 0 133 112
v 64.565697 896.073975 1238.692383 0 133 112
v 64.619400 896.203796 1239.080566 0 133 112
v 64.665001 896.313904 1239.475342 0 133 112
v 64.702499 896.404175 1239.875732 0 133 112
v 64.731598 896.474487 1240.281250 0 133 112
v 64.752296 896.524597 1240.690430 0 133 112
v 76.831703 890.279724 1244.853027 0 133 112
v 76.831703 894.153870 1241.102783 0 133 112
v 76.831703 886.905029 1248.998291 0 133 112
v 76.831703 884.054016 1253.488525 0 133 112
v 76.831703 881.750916 1258.273682 0 133 112
v 76.831703 880.020020 1263.302979 0 133 112
v 76.831703 878.885376 1268.526611 0 133 112
v 76.831703 878.371399 1273.893921 0 133 112
v 76.831703 878.497192 1279.284424 0 133 112
v 76.831703 879.252319 1284.576172 0 133 112
v 76.831703 880.616211 1289.717285 0 133 112
v 76.831703 882.568420 1294.655762 0 133 112
v 76.831703 885.088318 1299.339844 0 133 112
v 76.831703 888.155518 1303.717773 0 133 112
v 76.831703 891.749329 1307.737305 0 133 112
v 76.831703 895.794312 1311.302612 0 133 112
v 76.831703 900.193726 1314.338501 0 133 112
v 76.831703 904.895691 1316.825195 0 133 112
v 76.831703 909.848022 1318.742188 0 133 112
v 76.831703 914.998718 1320.069336 0 133 112
v 76.831703 920.295593 1320.786987 0 133 112
v 76.831902 925.846680 0.000000 0 133 112
v 76.831902 886.112488 0.000000 0 133 112
v 76.831703 886.114014 1230.105469 0 133 112
v 76.831703 886.176575 1230.390137 0 133 112
v 76.831703 886.256104 1230.661865 0 133 112
v 76.831703 886.351013 1230.924072 0 133 112
v 76.831703 886.459717 1231.180176 0 133 112
v 76.831703 886.580505 1231.433105 0 133 112
v 76.831703 886.711914 1231.686279 0 133 112
v 76.831703 886.852112 1231.942993 0 133 112
v 76.831703 887.002075 1232.198730 0 133 112
v 76.831703 887.163696 1232.447021 0 133 112
v 76.831703 887.336487 1232.687256 0 133 112
v 76.831703 887.520325 1232.919189 0 133 112
v 76.831703 887.714600 1233.142334 0 133 112
v 76.831703 887.919312 1233.356323 0 133 112
v 76.831703 888.133972 1233.560791 0 133 112
v 76.831703 888.358215 1233.755127 0 133 112
v 76.831703 888.591003 1233.938599 0 133 112
v 76.831703 888.832092 1234.110840 0 133 112
v 76.831703 889.080872 1234.271729 0 133 112
v 76.831703 889.336914 1234.420898 0 133 112
v 76.831703 889.599609 1234.558105 0 133 112
v 76.831703 889.868713 1234.683105 0 133 112
v 76.831703 890.221313 1234.834229 0 133 112
v 76.831703 890.522888 1234.980591 0 133 112
v 76.831703 890.788818 1235.131592 0 133 112
v 76.831703 891.034912 1235.296387 0 133 112
v 76.831703 891.276672 1235.484863 0 133 112
v 76.831703 891.529785 1235.705566 0 133 112
v 76.831703 891.809875 1235.968506 0 133 112
v 76.831703 892.100525 1236.262695 0 133 112
v 76.831703 892.374207 1236.571777 0 133 112
v 76.831703 892.630615 1236.894775 0 133 112
v 76.831703 892.869202 1237.230957 0 133 112
v 76.831703 893.089417 1237.579590 0 133 112
v 76.831703 893.290588 1237.940186 0 133 112
v 76.831703 893.472473 1238.311646 0 133 112
v 76.831703 893.634094 1238.692383 0 133 112
v 76.831703 893.774475 1239.080566 0 133 112
v 76.831703 893.893799 1239.475342 0 133 112
v 76.831703 893.991577 1239.875732 0 133 112
v 76.831703 894.067627 1240.281250 0 133 112
v 76.831703 894.121826 1240.690430 0 133 112
v 90.381401 892.974915 1244.853027 0 133 112
v 88.898804 896.554077 1241.102783 0 133 112
v 91.672897 889.856995 1248.998291 0 133 112
v 92.763901 887.223022 1253.488525 0 133 112
v 93.645302 885.095276 1258.273682 0 133 112
v 94.307602 883.496216 1263.302979 0 133 112
v 94.741798 882.447876 1268.526611 0 133 112
v 94.938499 881.973022 1273.893921 0 133 112
v 94.890404 882.089172 1279.284424 0 133 112
v 94.601402 882.786926 1284.576172 0 133 112
v 94.079498 884.046997 1289.717285 0 133 112
v 93.332397 885.850525 1294.655762 0 133 112
v 92.367996 888.178589 1299.339844 0 133 112
v 91.194298 891.012329 1303.717773 0 133 112
v 89.819000 894.332581 1307.737305 0 133 112
v 88.271103 898.069702 1311.302612 0 133 112
v 86.587502 902.134277 1314.338501 0 133 112
v 84.788101 906.478271 1316.825195 0 133 112
v 82.892899 911.053589 1318.742188 0 133 112
v 80.921898 915.812195 1320.069336 0 133 112
v 78.894798 920.705872 1320.786987 0 133 112
v 76.770599 925.834473 0.000000 0 133 112
v 91.976303 889.124878 0.000000 0 133 112
v 91.975502 889.126282 1230.105469 0 133 112
v 91.951599 889.184082 1230.390137 0 133 112
v 91.921097 889.257629 1230.661865 0 133 112
v 91.884804 889.345276 1230.924072 0 133 112
v 91.843300 889.445679 1231.180176 0 133 112
v 91.796997 889.557312 1231.433105 0 133 112
v 91.746803 889.678589 1231.686279 0 133 112
v 91.693100 889.808228 1231.942993 0 133 112
v 91.635696 889.946777 1232.198730 0 133 112
v 91.573898 890.096130 1232.447021 0 133 112
v 91.507698 890.255676 1232.687256 0 133 112
v 91.437401 890.425476 1232.919189 0 133 112
v 91.362999 890.604980 1233.142334 0 133 112
v 91.284698 890.794128 1233.356323 0 133 112
v 91.202499 890.992615 1233.560791 0 133 112
v 91.116798 891.199585 1233.755127 0 133 112
v 91.027603 891.414673 1233.938599 0 133 112
v 90.935402 891.637512 1234.110840 0 133 112
v 90.840202 891.867188 1234.271729 0 133 112
v 90.742203 892.103821 1234.420898 0 133 112
v 90.641701 892.346619 1234.558105 0 133 112
v 90.538696 892.595093 1234.683105 0 133 112
v 90.403702 892.921021 1234.834229 0 133 112
v 90.288300 893.199524 1234.980591 0 133 112
v 90.186600 893.445313 1235.131592 0 133 112
v 90.092400 893.672485 1235.296387 0 133 112
v 89.999901 893.895874 1235.484863 0 133 112
v 89.903000 894.129822 1235.705566 0 133 112
v 89.795799 894.388489 1235.968506 0 133 112
v 89.684601 894.656982 1236.262695 0 133 112
v 89.579903 894.909912 1236.571777 0 133 112
v 89.481796 895.146912 1236.894775 0 133 112
v 89.390404 895.367188 1237.230957 0 133 112
v 89.306198 895.570679 1237.579590 0 133 112
v 89.229202 895.756714 1237.940186 0 133 112
v 89.159500 895.924683 1238.311646 0 133 112
v 89.097702 896.073914 1238.692383 0 133 112
v 89.043999 896.203674 1239.080566 0 133 112
v 88.998398 896.313782 1239.475342 0 133 112
v 88.960899 896.404175 1239.875732 0 133 112
v 88.931801 896.474487 1240.281250 0 133 112
v 88.911102 896.524475 1240.690430 0 133 112
v 101.868301 900.650085 1244.853027 0 133 112
v 99.128799 903.389587 1241.102783 0 133 112
v 104.254601 898.263794 1248.998291 0 133 112
v 106.270599 896.247925 1253.488525 0 133 112
v 107.899101 894.619385 1258.273682 0 133 112
v 109.123001 893.395386 1263.302979 0 133 112
v 109.925301 892.593079 1268.526611 0 133 112
v 110.288803 892.229675 1273.893921 0 133 112
v 110.199799 892.318726 1279.284424 0 133 112
v 109.665802 892.852600 1284.576172 0 133 112
v 108.701401 893.817017 1289.717285 0 133 112
v 107.320999 895.197388 1294.655762 0 133 112
v 105.539200 896.979187 1299.339844 0 133 112
v 103.370399 899.148071 1303.717773 0 133 112
v 100.829201 901.689270 1307.737305 0 133 112
v 97.968903 904.549500 1311.302612 0 133 112
v 94.858002 907.660400 1314.338501 0 133 112
v 91.533302 910.985229 1316.825195 0 133 112
v 88.031403 914.487000 1318.742188 0 133 112
v 84.389297 918.129028 1320.069336 0 133 112
v 80.643898 921.874573 1320.786987 0 133 112
v 76.831703 925.686707 1320.874634 0 133 112
v 76.718697 925.799927 0.000000 0 133 112
v 104.815002 897.703613 0.000000 0 133 112
v 104.813904 897.704590 1230.105469 0 133 112
v 104.769699 897.748779 1230.390137 0 133 112
v 104.713402 897.805115 1230.661865 0 133 112
v 104.646301 897.872070 1230.924072 0 133 112
v 104.569504 897.948975 1231.180176 0 133 112
v 104.484001 898.034424 1231.433105 0 133 112
v 104.391197 898.127319 1231.686279 0 133 112
v 104.292000 898.226379 1231.942993 0 133 112
v 104.185898 898.332581 1232.198730 0 133 112
v 104.071701 898.446777 1232.447021 0 133 112
v 103.949501 898.568970 1232.687256 0 133 112
v 103.819504 898.698914 1232.919189 0 133 112
v 103.682098 898.836426 1233.142334 0 133 112
v 103.537399 898.981079 1233.356323 0 133 112
v 103.385597 899.132874 1233.560791 0 133 112
v 103.227097 899.291382 1233.755127 0 133 112
v 103.062401 899.456116 1233.938599 0 133 112
v 102.891998 899.626526 1234.110840 0 133 112
v 102.716003 899.802429 1234.271729 0 133 112
v 102.535004 899.983521 1234.420898 0 133 112
v 102.349197 900.169312 1234.558105 0 133 112
v 102.158897 900.359497 1234.683105 0 133 112
v 101.909599 900.608887 1234.834229 0 133 112
v 101.696404 900.822083 1234.980591 0 133 112
v 101.508301 901.010071 1235.131592 0 133 112
v 101.334297 901.184082 1235.296387 0 133 112
v 101.163300 901.355103 1235.484863 0 133 112
v 100.984398 901.534119 1235.705566 0 133 112
v 100.786301 901.732117 1235.968506 0 133 112
v 100.580902 901.937622 1236.262695 0 133 112
v 100.387299 902.131226 1236.571777 0 133 112
v 100.206001 902.312500 1236.894775 0 133 112
v 100.037300 902.481201 1237.230957 0 133 112
v 99.881599 902.636902 1237.579590 0 133 112
v 99.739304 902.779175 1237.940186 0 133 112
v 99.610703 902.907776 1238.311646 0 133 112
v 99.496399 903.021973 1238.692383 0 133 112
v 99.397102 903.121399 1239.080566 0 133 112
v 99.312698 903.205688 1239.475342 0 133 112
v 99.243698 903.274780 1239.875732 0 133 112
v 99.189796 903.328613 1240.281250 0 133 112
v 99.151604 903.366882 1240.690430 0 133 112
v 109.543602 912.137024 1244.853027 0 133 112
v 105.964401 913.619629 1241.102783 0 133 112
v 112.661499 910.845520 1248.998291 0 133 112
v 115.295502 909.754517 1253.488525 0 133 112
v 117.423203 908.873230 1258.273682 0 133 112
v 119.022400 908.210815 1263.302979 0 133 112
v 120.070602 907.776611 1268.526611 0 133 112
v 120.545502 907.579895 1273.893921 0 133 112
v 120.429298 907.627991 1279.284424 0 133 112
v 119.731598 907.916992 1284.576172 0 133 112
v 118.471497 908.438904 1289.717285 0 133 112
v 116.667999 909.185974 1294.655762 0 133 112
v 114.339798 910.150330 1299.339844 0 133 112
v 111.506203 911.324097 1303.717773 0 133 112
v 108.185898 912.699402 1307.737305 0 133 112
v 104.448898 914.247314 1311.302612 0 133 112
v 100.384300 915.930908 1314.338501 0 133 112
v 96.040199 917.730286 1316.825195 0 133 112
v 91.464897 919.625427 1318.742188 0 133 112
v 86.706299 921.596497 1320.069336 0 133 112
v 81.812599 923.623596 1320.786987 0 133 112
v 76.683998 925.747986 0.000000 0 133 112
v 113.393600 910.542419 0.000000 0 133 112
v 113.392197 910.542786 1230.105469 0 133 112
v 113.334396 910.566772 1230.390137 0 133 112
v 113.260902 910.597229 1230.661865 0 133 112
v 113.173203 910.633484 1230.924072 0 133 112
v 113.072800 910.675171 1231.180176 0 133 112
v 112.961197 910.721375 1231.433105 0 133 112
v 112.839897 910.771729 1231.686279 0 133 112
v 112.710297 910.825317 1231.942993 0 133 112
v 112.571701 910.882813 1232.198730 0 133 112
v 112.422401 910.944580 1232.447021 0 133 112
v 112.262802 911.010681 1232.687256 0 133 112
v 112.093002 911.080994 1232.919189 0 133 112
v 111.913498 911.155396 1233.142334 0 133 112
v 111.724403 911.233704 1233.356323 0 133 112
v 111.526001 911.315918 1233.560791 0 133 112
v 111.318901 911.401672 1233.755127 0 133 112
v 111.103798 911.490784 1233.938599 0 133 112
v 110.880997 911.583008 1234.110840 0 133 112
v 110.651199 911.678223 1234.271729 0 133 112
v 110.414703 911.776184 1234.420898 0 133 112
v 110.171898 911.876709 1234.558105 0 133 112
v 109.923401 911.979675 1234.683105 0 133 112
v 109.597504 912.114685 1234.834229 0 133 112
v 109.319000 912.229980 1234.980591 0 133 112
v 109.073196 912.331787 1235.131592 0 133 112
v 108.845901 912.426025 1235.296387 0 133 112
v 108.622597 912.518494 1235.484863 0 133 112
v 108.388702 912.615417 1235.705566 0 133 112
v 108.129898 912.722473 1235.968506 0 133 112
v 107.861504 912.833679 1236.262695 0 133 112
v 107.608597 912.938477 1236.571777 0 133 112
v 107.371597 913.036621 1236.894775 0 133 112
v 107.151199 913.127930 1237.230957 0 133 112
v 106.947800 913.212219 1237.579590 0 133 112
v 106.761803 913.289185 1237.940186 0 133 112
v 106.593803 913.358826 1238.311646 0 133 112
v 106.444603 913.420715 1238.692383 0 133 112
v 106.314796 913.474426 1239.080566 0 133 112
v 106.204697 913.520020 1239.475342 0 133 112
v 106.114304 913.557373 1239.875732 0 133 112
v 106.043999 913.586487 1240.281250 0 133 112
v 105.994003 913.607300 1240.690430 0 133 112

v 112.592102 940.200928 1140.037842 0 133 112
v 122.086998 910.200928 1139.999878 0 133 112
v 122.086998 910.200928 1139.999878 0 133 112
v 122.086998 940.200928 1139.999878 0 133 112
v 122.086998 940.200928 1139.999878 0 133 112
v 793.990784 910.200928 794.999939 0 133 112
v 793.990784 910.200928 794.999939 0 133 112
v 793.990784 940.200928 794.999939 0 133 112
v 793.990784 940.200928 794.999939 0 133 112
v 122.144302 910.200928 449.999939 0 133 112
v 122.144302 910.200928 449.999939 0 133 112
v 122.144302 940.200928 449.999939 0 133 112
v 122.144302 940.200928 449.999939 0 133 112
v 112.592201 910.200928 449.961914 0 133 112
v 112.592201 910.200928 449.961914 0 133 112
v 112.592201 940.200928 449.961914 0 133 112
v 112.592201 940.200928 449.961914 0 133 112
v 112.592102 910.200928 420.002319 0 133 112
v 112.592102 910.200928 420.002319 0 133 112
v 112.592102 940.200928 420.002319 0 133 112
v 112.592102 940.200928 420.002319 0 133 112
v 1541.071289 910.200928 420.002319 0 133 112
v 1541.071289 910.200928 420.002319 0 133 112
v 1541.071289 940.200928 420.002319 0 133 112
v 1541.071289 940.200928 420.002319 0 133 112
v 1541.071289 910.200928 449.997498 0 133 112
v 1541.071289 910.200928 449.997498 0 133 112
v 1541.071289 940.200928 449.997498 0 133 112
v 1541.071289 940.200928 449.997498 0 133 112
v 1531.437500 910.200928 449.999939 0 133 112
v 1531.437500 910.200928 449.999939 0 133 112
v 1531.437500 940.200928 449.999939 0 133 112
v 1531.437500 940.200928 449.999939 0 133 112
v 859.672729 910.200928 794.999939 0 133 112
v 859.672729 910.200928 794.999939 0 133 112
v 859.672729 940.200928 794.999939 0 133 112
v 859.672729 940.200928 794.999939 0 133 112
v 1531.404663 910.200928 1139.999878 0 133 112
v 1531.404663 910.200928 1139.999878 0 133 112
v 1531.404663 940.200928 1139.999878 0 133 112
v 1531.404663 940.200928 1139.999878 0 133 112
v 1541.071289 910.200928 1140.113647 0 133 112
v 1541.071289 910.200928 1140.113647 0 133 112
v 1541.071289 940.200928 1140.113647 0 133 112
v 1541.071289 940.200928 1140.113647 0 133 112
v 1541.071289 910.200928 1169.961914 0 133 112
v 1541.071289 910.200928 1169.961914 0 133 112
v 1541.071289 940.200928 1169.961914 0 133 112
v 1541.071289 940.200928 1169.961914 0 133 112
v 112.592201 910.200928 1169.961914 0 133 112
v 112.592102 910.200928 1140.037842 0 133 112
v 112.592201 910.200928 1169.961914 0 133 112
v 112.592201 940.200928 1169.961914 0 133 112
v 112.592201 940.200928 1169.961914 0 133 112
v 112.592102 940.200928 1140.037842 0 133 112
v 112.592102 910.200928 1140.037842 0 133 112
v 187.607193 940.200928 1139.999878 0 133 112
v 1465.987061 910.200928 1139.999878 0 133 112
v 1465.987061 910.200928 1139.999878 0 133 112
v 1465.987061 940.200928 1139.999878 0 133 112
v 1465.987061 940.200928 1139.999878 0 133 112
v 826.836914 910.200928 811.878540 0 133 112
v 187.607193 910.200928 1139.999878 0 133 112
v 826.836914 910.200928 811.878540 0 133 112
v 826.836914 940.200928 811.878540 0 133 112
v 826.836914 940.200928 811.878540 0 133 112
v 187.607193 940.200928 1139.999878 0 133 112
v 187.607193 910.200928 1139.999878 0 133 112
v 187.630402 940.200928 449.999939 0 133 112
v 826.806702 910.200928 778.087097 0 133 112
v 826.806702 910.200928 778.087097 0 133 112
v 826.806702 940.200928 778.087097 0 133 112
v 826.806702 940.200928 778.087097 0 133 112
v 1466.044434 910.200928 449.999939 0 133 112
v 187.630402 910.200928 449.999939 0 133 112
v 1466.044434 910.200928 449.999939 0 133 112
v 1466.044434 940.200928 449.999939 0 133 112
v 1466.044434 940.200928 449.999939 0 133 112
v 187.630402 940.200928 449.999939 0 133 112
v 187.630402 910.200928 449.999939 0 133 112
v 1466.044434 940.200928 449.999939 0 133 112
v 826.806702 940.200928 778.087097 0 133 112
v 859.672729 940.200928 794.999939 0 133 112
v 1466.044434 940.200928 449.999939 0 133 112
v 859.672729 940.200928 794.999939 0 133 112
v 1531.437500 940.200928 449.999939 0 133 112
v 1466.044434 940.200928 449.999939 0 133 112
v 1531.437500 940.200928 449.999939 0 133 112
v 1541.071289 940.200928 449.997498 0 133 112
v 1466.044434 940.200928 449.999939 0 133 112
v 1541.071289 940.200928 449.997498 0 133 112
v 1541.071289 940.200928 420.002319 0 133 112
v 187.630402 940.200928 449.999939 0 133 112
v 1466.044434 940.200928 449.999939 0 133 112
v 1541.071289 940.200928 420.002319 0 133 112
v 1541.071289 940.200928 420.002319 0 133 112
v 112.592102 940.200928 420.002319 0 133 112
v 112.592201 940.200928 449.961914 0 133 112
v 1541.071289 940.200928 420.002319 0 133 112
v 112.592201 940.200928 449.961914 0 133 112
v 122.144302 940.200928 449.999939 0 133 112
v 187.630402 940.200928 449.999939 0 133 112
v 1541.071289 940.200928 420.002319 0 133 112
v 122.144302 940.200928 449.999939 0 133 112
v 187.630402 940.200928 449.999939 0 133 112
v 122.144302 940.200928 449.999939 0 133 112
v 793.990784 940.200928 794.999939 0 133 112
v 122.086998 940.200928 1139.999878 0 133 112
v 112.592102 940.200928 1140.037842 0 133 112
v 112.592201 940.200928 1169.961914 0 133 112
v 122.086998 940.200928 1139.999878 0 133 112
v 112.592201 940.200928 1169.961914 0 133 112
v 187.607193 940.200928 1139.999878 0 133 112
v 793.990784 940.200928 794.999939 0 133 112
v 122.086998 940.200928 1139.999878 0 133 112
v 187.607193 940.200928 1139.999878 0 133 112
v 793.990784 940.200928 794.999939 0 133 112
v 187.607193 940.200928 1139.999878 0 133 112
v 826.836914 940.200928 811.878540 0 133 112
v 187.630402 940.200928 449.999939 0 133 112
v 793.990784 940.200928 794.999939 0 133 112
v 826.836914 940.200928 811.878540 0 133 112
v 187.630402 940.200928 449.999939 0 133 112
v 826.836914 940.200928 811.878540 0 133 112
v 1465.987061 940.200928 1139.999878 0 133 112
v 826.806702 940.200928 778.087097 0 133 112
v 187.630402 940.200928 449.999939 0 133 112
v 1465.987061 940.200928 1139.999878 0 133 112
v 859.672729 940.200928 794.999939 0 133 112
v 826.806702 940.200928 778.087097 0 133 112
v 1465.987061 940.200928 1139.999878 0 133 112
v 1531.404663 940.200928 1139.999878 0 133 112
v 859.672729 940.200928 794.999939 0 133 112
v 1465.987061 940.200928 1139.999878 0 133 112
v 1465.987061 940.200928 1139.999878 0 133 112
v 187.607193 940.200928 1139.999878 0 133 112
v 112.592201 940.200928 1169.961914 0 133 112
v 1531.404663 940.200928 1139.999878 0 133 112
v 1465.987061 940.200928 1139.999878 0 133 112
v 112.592201 940.200928 1169.961914 0 133 112
v 1541.071289 940.200928 1140.113647 0 133 112
v 1531.404663 940.200928 1139.999878 0 133 112
v 112.592201 940.200928 1169.961914 0 133 112
v 1541.071289 940.200928 1140.113647 0 133 112
v 112.592201 940.200928 1169.961914 0 133 112
v 1541.071289 940.200928 1169.961914 0 133 112
v 1541.071289 910.200928 1140.113647 0 133 112
v 1541.071289 910.200928 1169.961914 0 133 112
v 112.592201 910.200928 1169.961914 0 133 112
v 112.592201 910.200928 1169.961914 0 133 112
v 187.607193 910.200928 1139.999878 0 133 112
v 1465.987061 910.200928 1139.999878 0 133 112
v 112.592201 910.200928 1169.961914 0 133 112
v 112.592102 910.200928 1140.037842 0 133 112
v 122.086998 910.200928 1139.999878 0 133 112
v 187.607193 910.200928 1139.999878 0 133 112
v 112.592201 910.200928 1169.961914 0 133 112
v 122.086998 910.200928 1139.999878 0 133 112
v 187.607193 910.200928 1139.999878 0 133 112
v 122.086998 910.200928 1139.999878 0 133 112
v 793.990784 910.200928 794.999939 0 133 112
v 826.836914 910.200928 811.878540 0 133 112
v 187.607193 910.200928 1139.999878 0 133 112
v 793.990784 910.200928 794.999939 0 133 112
v 112.592201 910.200928 449.961914 0 133 112
v 112.592102 910.200928 420.002319 0 133 112
v 1541.071289 910.200928 420.002319 0 133 112
v 122.144302 910.200928 449.999939 0 133 112
v 112.592201 910.200928 449.961914 0 133 112
v 1541.071289 910.200928 420.002319 0 133 112
v 859.672729 910.200928 794.999939 0 133 112
v 826.806702 910.200928 778.087097 0 133 112
v 1466.044434 910.200928 449.999939 0 133 112
v 1531.437500 910.200928 449.999939 0 133 112
v 859.672729 910.200928 794.999939 0 133 112
v 1466.044434 910.200928 449.999939 0 133 112
v 1541.071289 910.200928 449.997498 0 133 112
v 1531.437500 910.200928 449.999939 0 133 112
v 1466.044434 910.200928 449.999939 0 133 112
v 1541.071289 910.200928 420.002319 0 133 112
v 1541.071289 910.200928 449.997498 0 133 112
v 1466.044434 910.200928 449.999939 0 133 112
v 1541.071289 910.200928 420.002319 0 133 112
v 1466.044434 910.200928 449.999939 0 133 112
v 187.630402 910.200928 449.999939 0 133 112
v 122.144302 910.200928 449.999939 0 133 112
v 1541.071289 910.200928 420.002319 0 133 112
v 187.630402 910.200928 449.999939 0 133 112
v 793.990784 910.200928 794.999939 0 133 112
v 122.144302 910.200928 449.999939 0 133 112
v 187.630402 910.200928 449.999939 0 133 112
v 826.836914 910.200928 811.878540 0 133 112
v 793.990784 910.200928 794.999939 0 133 112
v 187.630402 910.200928 449.999939 0 133 112
v 1465.987061 910.200928 1139.999878 0 133 112
v 826.836914 910.200928 811.878540 0 133 112
v 187.630402 910.200928 449.999939 0 133 112
v 1465.987061 910.200928 1139.999878 0 133 112
v 187.630402 910.200928 449.999939 0 133 112
v 826.806702 910.200928 778.087097 0 133 112
v 1465.987061 910.200928 1139.999878 0 133 112
v 826.806702 910.200928 778.087097 0 133 112
v 859.672729 910.200928 794.999939 0 133 112
v 1465.987061 910.200928 1139.999878 0 133 112
v 859.672729 910.200928 794.999939 0 133 112
v 1531.404663 910.200928 1139.999878 0 133 112
v 112.592201 910.200928 1169.961914 0 133 112
v 1465.987061 910.200928 1139.999878 0 133 112
v 1531.404663 910.200928 1139.999878 0 133 112
v 1541.071289 910.200928 1140.113647 0 133 112
v 112.592201 910.200928 1169.961914 0 133 112
v 1531.404663 910.200928 1139.999878 0 133 112
v 1608.364502 925.686707 1241.102783 0 133 112
v 1609.543579 939.236389 1244.853027 0 133 112
v 1612.238770 925.686707 1244.853027 0 133 112
v 1612.238770 925.686707 1244.853027 0 133 112
v 1609.543579 939.236389 1244.853027 0 133 112
v 1612.661377 940.527893 1248.998291 0 133 112
v 1615.613525 925.686707 1248.998291 0 133 112
v 1615.613525 925.686707 1248.998291 0 133 112
v 1612.661377 940.527893 1248.998291 0 133 112
v 1615.295410 941.618896 1253.488525 0 133 112
v 1618.464355 925.686707 1253.488525 0 133 112
v 1618.464355 925.686707 1253.488525 0 133 112
v 1615.295410 941.618896 1253.488525 0 133 112
v 1617.423096 942.500183 1258.273682 0 133 112
v 1620.767578 925.686707 1258.273682 0 133 112
v 1620.767578 925.686707 1258.273682 0 133 112
v 1617.423096 942.500183 1258.273682 0 133 112
v 1619.022217 943.162598 1263.302979 0 133 112
v 1622.498413 925.686707 1263.302979 0 133 112
v 1622.498413 925.686707 1263.302979 0 133 112
v 1619.022217 943.162598 1263.302979 0 133 112
v 1620.070557 943.596802 1268.526611 0 133 112
v 1623.633057 925.686707 1268.526611 0 133 112
v 1623.633057 925.686707 1268.526611 0 133 112
v 1620.070557 943.596802 1268.526611 0 133 112
v 1620.545410 943.793518 1273.893921 0 133 112
v 1624.146973 925.686707 1273.893921 0 133 112
v 1624.146973 925.686707 1273.893921 0 133 112
v 1620.545410 943.793518 1273.893921 0 133 112
v 1620.429199 943.745422 1279.284424 0 133 112
v 1624.021240 925.686707 1279.284424 0 133 112
v 1624.021240 925.686707 1279.284424 0 133 112
v 1620.429199 943.745422 1279.284424 0 133 112
v 1619.731445 943.456421 1284.576172 0 133 112
v 1623.266113 925.686707 1284.576172 0 133 112
v 1623.266113 925.686707 1284.576172 0 133 112
v 1619.731445 943.456421 1284.576172 0 133 112
v 1618.471436 942.934387 1289.717285 0 133 112
v 1621.902100 925.686707 1289.717285 0 133 112
v 1621.902100 925.686707 1289.717285 0 133 112
v 1618.471436 942.934387 1289.717285 0 133 112
v 1616.667847 942.187378 1294.655762 0 133 112
v 1619.949951 925.686707 1294.655762 0 133 112
v 1619.949951 925.686707 1294.655762 0 133 112
v 1616.667847 942.187378 1294.655762 0 133 112
v 1614.339844 941.223083 1299.339844 0 133 112
v 1617.430176 925.686707 1299.339844 0 133 112
v 1617.430176 925.686707 1299.339844 0 133 112
v 1614.339844 941.223083 1299.339844 0 133 112
v 1611.506104 940.049316 1303.717773 0 133 112
v 1614.362915 925.686707 1303.717773 0 133 112
v 1614.362915 925.686707 1303.717773 0 133 112
v 1611.506104 940.049316 1303.717773 0 133 112
v 1608.185791 938.674011 1307.737305 0 133 112
v 1610.769043 925.686707 1307.737305 0 133 112
v 1610.769043 925.686707 1307.737305 0 133 112
v 1608.185791 938.674011 1307.737305 0 133 112
v 1604.448730 937.125977 1311.302612 0 133 112
v 1606.724121 925.686707 1311.302612 0 133 112
v 1606.724121 925.686707 1311.302612 0 133 112
v 1604.448730 937.125977 1311.302612 0 133 112
v 1600.384155 935.442383 1314.338501 0 133 112
v 1602.324707 925.686707 1314.338501 0 133 112
v 1602.324707 925.686707 1314.338501 0 133 112
v 1600.384155 935.442383 1314.338501 0 133 112
v 1596.040161 933.643127 1316.825195 0 133 112
v 1597.622803 925.686707 1316.825195 0 133 112
v 1597.622803 925.686707 1316.825195 0 133 112
v 1596.040161 933.643127 1316.825195 0 133 112
v 1591.464844 931.747925 1318.742188 0 133 112
v 1592.670410 925.686707 1318.742188 0 133 112
v 1592.670410 925.686707 1318.742188 0 133 112
v 1591.464844 931.747925 1318.742188 0 133 112
v 1586.706177 929.776917 1320.069336 0 133 112
v 1587.519775 925.686707 1320.069336 0 133 112
v 1587.519775 925.686707 1320.069336 0 133 112
v 1586.706177 929.776917 1320.069336 0 133 112
v 1581.812500 927.749817 1320.786987 0 133 112
v 1582.222778 925.686707 1320.786987 0 133 112
v 1582.222778 925.686707 1320.786987 0 133 112
v 1581.812500 927.749817 1320.786987 0 133 112
v 1576.831665 925.686707 1320.874634 0 133 112
v 1576.831543 925.686707 1320.874634 0 133 112
v 1576.831543 925.686707 1320.874634 0 133 112
v 1576.831665 925.686707 1320.874634 0 133 112
v 1576.683716 925.625488 0.000000 0 133 112
v 1576.671631 925.686829 0.000000 0 133 112
v 1576.671631 925.686829 0.000000 0 133 112
v 1576.683716 925.625488 0.000000 0 133 112
v 1613.393311 940.831116 0.000000 0 133 112
v 1616.405762 925.686829 0.000000 0 133 112
v 1616.405762 925.686829 0.000000 0 133 112
v 1613.393311 940.831116 0.000000 0 133 112
v 1613.392090 940.830505 1230.105469 0 133 112
v 1616.404297 925.686707 1230.105469 0 133 112
v 1616.404297 925.686707 1230.105469 0 133 112
v 1613.392090 940.830505 1230.105469 0 133 112
v 1613.334229 940.806580 1230.390137 0 133 112
v 1616.341797 925.686707 1230.390137 0 133 112
v 1616.341797 925.686707 1230.390137 0 133 112
v 1613.334229 940.806580 1230.390137 0 133 112
v 1613.260742 940.776184 1230.661865 0 133 112
v 1616.262207 925.686707 1230.661865 0 133 112
v 1616.262207 925.686707 1230.661865 0 133 112
v 1613.260742 940.776184 1230.661865 0 133 112
v 1613.173096 940.739807 1230.924072 0 133 112
v 1616.167358 925.686707 1230.924072 0 133 112
v 1616.167358 925.686707 1230.924072 0 133 112
v 1613.173096 940.739807 1230.924072 0 133 112
v 1613.072754 940.698181 1231.180176 0 133 112
v 1616.058594 925.686707 1231.180176 0 133 112
v 1616.058594 925.686707 1231.180176 0 133 112
v 1613.072754 940.698181 1231.180176 0 133 112
v 1612.961182 940.651978 1231.433105 0 133 112
v 1615.937866 925.686707 1231.433105 0 133 112
v 1615.937866 925.686707 1231.433105 0 133 112
v 1612.961182 940.651978 1231.433105 0 133 112
v 1612.839844 940.601685 1231.686279 0 133 112
v 1615.806519 925.686707 1231.686279 0 133 112
v 1615.806519 925.686707 1231.686279 0 133 112
v 1612.839844 940.601685 1231.686279 0 133 112
v 1612.710205 940.548096 1231.942993 0 133 112
v 1615.666260 925.686707 1231.942993 0 133 112
v 1615.666260 925.686707 1231.942993 0 133 112
v 1612.710205 940.548096 1231.942993 0 133 112
v 1612.571533 940.490723 1232.198730 0 133 112
v 1615.516235 925.686707 1232.198730 0 133 112
v 1615.516235 925.686707 1232.198730 0 133 112
v 1612.571533 940.490723 1232.198730 0 133 112
v 1612.422363 940.428772 1232.447021 0 133 112
v 1615.354736 925.686707 1232.447021 0 133 112
v 1615.354736 925.686707 1232.447021 0 133 112
v 1612.422363 940.428772 1232.447021 0 133 112
v 1612.262695 940.362671 1232.687256 0 133 112
v 1615.181885 925.686707 1232.687256 0 133 112
v 1615.181885 925.686707 1232.687256 0 133 112
v 1612.262695 940.362671 1232.687256 0 133 112
v 1612.092896 940.292419 1232.919189 0 133 112
v 1614.998169 925.686707 1232.919189 0 133 112
v 1614.998169 925.686707 1232.919189 0 133 112
v 1612.092896 940.292419 1232.919189 0 133 112
v 1611.913330 940.218018 1233.142334 0 133 112
v 1614.803711 925.686707 1233.142334 0 133 112
v 1614.803711 925.686707 1233.142334 0 133 112
v 1611.913330 940.218018 1233.142334 0 133 112
v 1611.724243 940.139709 1233.356323 0 133 112
v 1614.599121 925.686707 1233.356323 0 133 112
v 1614.599121 925.686707 1233.356323 0 133 112
v 1611.724243 940.139709 1233.356323 0 133 112
v 1611.525879 940.057495 1233.560791 0 133 112
v 1614.384277 925.686707 1233.560791 0 133 112
v 1614.384277 925.686707 1233.560791 0 133 112
v 1611.525879 940.057495 1233.560791 0 133 112
v 1611.318848 939.971680 1233.755127 0 133 112
v 1614.160156 925.686707 1233.755127 0 133 112
v 1614.160156 925.686707 1233.755127 0 133 112
v 1611.318848 939.971680 1233.755127 0 133 112
v 1611.103638 939.882629 1233.938599 0 133 112
v 1613.927368 925.686707 1233.938599 0 133 112
v 1613.927368 925.686707 1233.938599 0 133 112
v 1611.103638 939.882629 1233.938599 0 133 112
v 1610.880859 939.790405 1234.110840 0 133 112
v 1613.686279 925.686707 1234.110840 0 133 112
v 1613.686279 925.686707 1234.110840 0 133 112
v 1610.880859 939.790405 1234.110840 0 133 112
v 1610.651123 939.695190 1234.271729 0 133 112
v 1613.437500 925.686707 1234.271729 0 133 112
v 1613.437500 925.686707 1234.271729 0 133 112
v 1610.651123 939.695190 1234.271729 0 133 112
v 1610.414551 939.597229 1234.420898 0 133 112
v 1613.181519 925.686707 1234.420898 0 133 112
v 1613.181519 925.686707 1234.420898 0 133 112
v 1610.414551 939.597229 1234.420898 0 133 112
v 1610.171875 939.496582 1234.558105 0 133 112
v 1612.918701 925.686707 1234.558105 0 133 112
v 1612.918701 925.686707 1234.558105 0 133 112
v 1610.171875 939.496582 1234.558105 0 133 112
v 1609.923340 939.393677 1234.683105 0 133 112
v 1612.649658 925.686707 1234.683105 0 133 112
v 1612.649658 925.686707 1234.683105 0 133 112
v 1609.923340 939.393677 1234.683105 0 133 112
v 1609.597412 939.258728 1234.834229 0 133 112
v 1612.297119 925.686707 1234.834229 0 133 112
v 1612.297119 925.686707 1234.834229 0 133 112
v 1609.597412 939.258728 1234.834229 0 133 112
v 1609.318848 939.143372 1234.980591 0 133 112
v 1611.995605 925.686707 1234.980591 0 133 112
v 1611.995605 925.686707 1234.980591 0 133 112
v 1609.318848 939.143372 1234.980591 0 133 112
v 1609.073120 939.041626 1235.131592 0 133 112
v 1611.729492 925.686707 1235.131592 0 133 112
v 1611.729492 925.686707 1235.131592 0 133 112
v 1609.073120 939.041626 1235.131592 0 133 112
v 1608.845825 938.947388 1235.296387 0 133 112
v 1611.483521 925.686707 1235.296387 0 133 112
v 1611.483521 925.686707 1235.296387 0 133 112
v 1608.845825 938.947388 1235.296387 0 133 112
v 1608.622437 938.854919 1235.484863 0 133 112
v 1611.241699 925.686707 1235.484863 0 133 112
v 1611.241699 925.686707 1235.484863 0 133 112
v 1608.622437 938.854919 1235.484863 0 133 112
v 1608.388672 938.757996 1235.705566 0 133 112
v 1610.988525 925.686707 1235.705566 0 133 112
v 1610.988525 925.686707 1235.705566 0 133 112
v 1608.388672 938.757996 1235.705566 0 133 112
v 1608.129883 938.650818 1235.968506 0 133 112
v 1610.708496 925.686707 1235.968506 0 133 112
v 1610.708496 925.686707 1235.968506 0 133 112
v 1608.129883 938.650818 1235.968506 0 133 112
v 1607.861328 938.539612 1236.262695 0 133 112
v 1610.417969 925.686707 1236.262695 0 133 112
v 1610.417969 925.686707 1236.262695 0 133 112
v 1607.861328 938.539612 1236.262695 0 133 112
v 1607.608398 938.434875 1236.571777 0 133 112
v 1610.144165 925.686707 1236.571777 0 133 112
v 1610.144165 925.686707 1236.571777 0 133 112
v 1607.608398 938.434875 1236.571777 0 133 112
v 1607.371582 938.336670 1236.894775 0 133 112
v 1609.887695 925.686707 1236.894775 0 133 112
v 1609.887695 925.686707 1236.894775 0 133 112
v 1607.371582 938.336670 1236.894775 0 133 112
v 1607.151123 938.245422 1237.230957 0 133 112
v 1609.649170 925.686707 1237.230957 0 133 112
v 1609.649170 925.686707 1237.230957 0 133 112
v 1607.151123 938.245422 1237.230957 0 133 112
v 1606.947754 938.161194 1237.579590 0 133 112
v 1609.428955 925.686707 1237.579590 0 133 112
v 1609.428955 925.686707 1237.579590 0 133 112
v 1606.947754 938.161194 1237.579590 0 133 112
v 1606.761719 938.084229 1237.940186 0 133 112
v 1609.227783 925.686707 1237.940186 0 133 112
v 1609.227783 925.686707 1237.940186 0 133 112
v 1606.761719 938.084229 1237.940186 0 133 112
v 1606.593750 938.014526 1238.311646 0 133 112
v 1609.045898 925.686707 1238.311646 0 133 112
v 1609.045898 925.686707 1238.311646 0 133 112
v 1606.593750 938.014526 1238.311646 0 133 112
v 1606.444458 937.952820 1238.692383 0 133 112
v 1608.884277 925.686707 1238.692383 0 133 112
v 1608.884277 925.686707 1238.692383 0 133 112
v 1606.444458 937.952820 1238.692383 0 133 112
v 1606.314697 937.898987 1239.080566 0 133 112
v 1608.743896 925.686707 1239.080566 0 133 112
v 1608.743896 925.686707 1239.080566 0 133 112
v 1606.314697 937.898987 1239.080566 0 133 112
v 1606.204590 937.853271 1239.475342 0 133 112
v 1608.624512 925.686707 1239.475342 0 133 112
v 1608.624512 925.686707 1239.475342 0 133 112
v 1606.204590 937.853271 1239.475342 0 133 112
v 1606.114258 937.815918 1239.875732 0 133 112
v 1608.526855 925.686707 1239.875732 0 133 112
v 1608.526855 925.686707 1239.875732 0 133 112
v 1606.114258 937.815918 1239.875732 0 133 112
v 1606.043945 937.786804 1240.281250 0 133 112
v 1608.450684 925.686707 1240.281250 0 133 112
v 1608.450684 925.686707 1240.281250 0 133 112
v 1606.043945 937.786804 1240.281250 0 133 112
v 1605.993896 937.766113 1240.690430 0 133 112
v 1605.964233 937.753784 1241.102783 0 133 112
v 1608.364502 925.686707 1241.102783 0 133 112
v 1608.396484 925.686707 1240.690430 0 133 112
v 1608.396484 925.686707 1240.690430 0 133 112
v 1605.993896 937.766113 1240.690430 0 133 112
v 1605.964233 937.753784 1241.102783 0 133 112
v 1609.543579 939.236389 1244.853027 0 133 112
v 1605.964233 937.753784 1241.102783 0 133 112
v 1605.964233 937.753784 1241.102783 0 133 112
v 1601.868286 950.723328 1244.853027 0 133 112
v 1612.661377 940.527893 1248.998291 0 133 112
v 1609.543579 939.236389 1244.853027 0 133 112
v 1609.543579 939.236389 1244.853027 0 133 112
v 1601.868286 950.723328 1244.853027 0 133 112
v 1604.254639 953.109619 1248.998291 0 133 112
v 1615.295410 941.618896 1253.488525 0 133 112
v 1612.661377 940.527893 1248.998291 0 133 112
v 1612.661377 940.527893 1248.998291 0 133 112
v 1604.254639 953.109619 1248.998291 0 133 112
v 1606.270508 955.125488 1253.488525 0 133 112
v 1617.423096 942.500183 1258.273682 0 133 112
v 1615.295410 941.618896 1253.488525 0 133 112
v 1615.295410 941.618896 1253.488525 0 133 112
v 1606.270508 955.125488 1253.488525 0 133 112
v 1607.899048 956.754089 1258.273682 0 133 112
v 1619.022217 943.162598 1263.302979 0 133 112
v 1617.423096 942.500183 1258.273682 0 133 112
v 1617.423096 942.500183 1258.273682 0 133 112
v 1607.899048 956.754089 1258.273682 0 133 112
v 1609.123047 957.978027 1263.302979 0 133 112
v 1620.070557 943.596802 1268.526611 0 133 112
v 1619.022217 943.162598 1263.302979 0 133 112
v 1619.022217 943.162598 1263.302979 0 133 112
v 1609.123047 957.978027 1263.302979 0 133 112
v 1609.925293 958.780273 1268.526611 0 133 112
v 1620.545410 943.793518 1273.893921 0 133 112
v 1620.070557 943.596802 1268.526611 0 133 112
v 1620.070557 943.596802 1268.526611 0 133 112
v 1609.925293 958.780273 1268.526611 0 133 112
v 1610.288696 959.143677 1273.893921 0 133 112
v 1620.429199 943.745422 1279.284424 0 133 112
v 1620.545410 943.793518 1273.893921 0 133 112
v 1620.545410 943.793518 1273.893921 0 133 112
v 1610.288696 959.143677 1273.893921 0 133 112
v 1610.199707 959.054810 1279.284424 0 133 112
v 1619.731445 943.456421 1284.576172 0 133 112
v 1620.429199 943.745422 1279.284424 0 133 112
v 1620.429199 943.745422 1279.284424 0 133 112
v 1610.199707 959.054810 1279.284424 0 133 112
v 1609.665771 958.520874 1284.576172 0 133 112
v 1618.471436 942.934387 1289.717285 0 133 112
v 1619.731445 943.456421 1284.576172 0 133 112
v 1619.731445 943.456421 1284.576172 0 133 112
v 1609.665771 958.520874 1284.576172 0 133 112
v 1608.701416 957.556396 1289.717285 0 133 112
v 1616.667847 942.187378 1294.655762 0 133 112
v 1618.471436 942.934387 1289.717285 0 133 112
v 1618.471436 942.934387 1289.717285 0 133 112
v 1608.701416 957.556396 1289.717285 0 133 112
v 1607.321045 956.176025 1294.655762 0 133 112
v 1614.339844 941.223083 1299.339844 0 133 112
v 1616.667847 942.187378 1294.655762 0 133 112
v 1616.667847 942.187378 1294.655762 0 133 112
v 1607.321045 956.176025 1294.655762 0 133 112
v 1605.539063 954.394226 1299.339844 0 133 112
v 1611.506104 940.049316 1303.717773 0 133 112
v 1614.339844 941.223083 1299.339844 0 133 112
v 1614.339844 941.223083 1299.339844 0 133 112
v 1605.539063 954.394226 1299.339844 0 133 112
v 1603.370361 952.225403 1303.717773 0 133 112
v 1608.185791 938.674011 1307.737305 0 133 112
v 1611.506104 940.049316 1303.717773 0 133 112
v 1611.506104 940.049316 1303.717773 0 133 112
v 1603.370361 952.225403 1303.717773 0 133 112
v 1600.829102 949.684082 1307.737305 0 133 112
v 1604.448730 937.125977 1311.302612 0 133 112
v 1608.185791 938.674011 1307.737305 0 133 112
v 1608.185791 938.674011 1307.737305 0 133 112
v 1600.829102 949.684082 1307.737305 0 133 112
v 1597.968872 946.823914 1311.302612 0 133 112
v 1600.384155 935.442383 1314.338501 0 133 112
v 1604.448730 937.125977 1311.302612 0 133 112
v 1604.448730 937.125977 1311.302612 0 133 112
v 1597.968872 946.823914 1311.302612 0 133 112
v 1594.857910 943.713013 1314.338501 0 133 112
v 1596.040161 933.643127 1316.825195 0 133 112
v 1600.384155 935.442383 1314.338501 0 133 112
v 1600.384155 935.442383 1314.338501 0 133 112
v 1594.857910 943.713013 1314.338501 0 133 112
v 1591.533203 940.388184 1316.825195 0 133 112
v 1591.464844 931.747925 1318.742188 0 133 112
v 1596.040161 933.643127 1316.825195 0 133 112
v 1596.040161 933.643127 1316.825195 0 133 112
v 1591.533203 940.388184 1316.825195 0 133 112
v 1588.031494 936.886414 1318.742188 0 133 112
v 1586.706177 929.776917 1320.069336 0 133 112
v 1591.464844 931.747925 1318.742188 0 133 112
v 1591.464844 931.747925 1318.742188 0 133 112
v 1588.031494 936.886414 1318.742188 0 133 112
v 1584.389404 933.244385 1320.069336 0 133 112
v 1581.812500 927.749817 1320.786987 0 133 112
v 1586.706177 929.776917 1320.069336 0 133 112
v 1586.706177 929.776917 1320.069336 0 133 112
v 1584.389404 933.244385 1320.069336 0 133 112
v 1580.643799 929.498779 1320.786987 0 133 112
v 1576.831665 925.686707 1320.874634 0 133 112
v 1576.831665 925.686707 1320.874634 0 133 112
v 1581.812500 927.749817 1320.786987 0 133 112
v 1581.812500 927.749817 1320.786987 0 133 112
v 1580.643799 929.498779 1320.786987 0 133 112
v 1576.831665 925.686707 1320.874634 0 133 112
v 1576.683716 925.625488 0.000000 0 133 112
v 1576.831665 925.686707 1320.874634 0 133 112
v 1576.831665 925.686707 1320.874634 0 133 112
v 1576.831665 925.686707 1320.874634 0 133 112
v 1576.718384 925.573486 0.000000 0 133 112
v 1613.393311 940.831116 0.000000 0 133 112
v 1576.683716 925.625488 0.000000 0 133 112
v 1576.683716 925.625488 0.000000 0 133 112
v 1576.718384 925.573486 0.000000 0 133 112
v 1604.814697 953.669922 0.000000 0 133 112
v 1613.392090 940.830505 1230.105469 0 133 112
v 1613.393311 940.831116 0.000000 0 133 112
v 1613.393311 940.831116 0.000000 0 133 112
v 1604.814697 953.669922 0.000000 0 133 112
v 1604.813843 953.668884 1230.105469 0 133 112
v 1613.334229 940.806580 1230.390137 0 133 112
v 1613.392090 940.830505 1230.105469 0 133 112
v 1613.392090 940.830505 1230.105469 0 133 112
v 1604.813843 953.668884 1230.105469 0 133 112
v 1604.769531 953.624573 1230.390137 0 133 112
v 1613.260742 940.776184 1230.661865 0 133 112
v 1613.334229 940.806580 1230.390137 0 133 112
v 1613.334229 940.806580 1230.390137 0 133 112
v 1604.769531 953.624573 1230.390137 0 133 112
v 1604.713379 953.568420 1230.661865 0 133 112
v 1613.173096 940.739807 1230.924072 0 133 112
v 1613.260742 940.776184 1230.661865 0 133 112
v 1613.260742 940.776184 1230.661865 0 133 112
v 1604.713379 953.568420 1230.661865 0 133 112
v 1604.646240 953.501282 1230.924072 0 133 112
v 1613.072754 940.698181 1231.180176 0 133 112
v 1613.173096 940.739807 1230.924072 0 133 112
v 1613.173096 940.739807 1230.924072 0 133 112
v 1604.646240 953.501282 1230.924072 0 133 112
v 1604.569336 953.424377 1231.180176 0 133 112
v 1612.961182 940.651978 1231.433105 0 133 112
v 1613.072754 940.698181 1231.180176 0 133 112
v 1613.072754 940.698181 1231.180176 0 133 112
v 1604.569336 953.424377 1231.180176 0 133 112
v 1604.483887 953.338989 1231.433105 0 133 112
v 1612.839844 940.601685 1231.686279 0 133 112
v 1612.961182 940.651978 1231.433105 0 133 112
v 1612.961182 940.651978 1231.433105 0 133 112
v 1604.483887 953.338989 1231.433105 0 133 112
v 1604.391113 953.246216 1231.686279 0 133 112
v 1612.710205 940.548096 1231.942993 0 133 112
v 1612.839844 940.601685 1231.686279 0 133 112
v 1612.839844 940.601685 1231.686279 0 133 112
v 1604.391113 953.246216 1231.686279 0 133 112
v 1604.291992 953.146973 1231.942993 0 133 112
v 1612.571533 940.490723 1232.198730 0 133 112
v 1612.710205 940.548096 1231.942993 0 133 112
v 1612.710205 940.548096 1231.942993 0 133 112
v 1604.291992 953.146973 1231.942993 0 133 112
v 1604.185791 953.040894 1232.198730 0 133 112
v 1612.422363 940.428772 1232.447021 0 133 112
v 1612.571533 940.490723 1232.198730 0 133 112
v 1612.571533 940.490723 1232.198730 0 133 112
v 1604.185791 953.040894 1232.198730 0 133 112
v 1604.071533 952.926575 1232.447021 0 133 112
v 1612.262695 940.362671 1232.687256 0 133 112
v 1612.422363 940.428772 1232.447021 0 133 112
v 1612.422363 940.428772 1232.447021 0 133 112
v 1604.071533 952.926575 1232.447021 0 133 112
v 1603.949463 952.804382 1232.687256 0 133 112
v 1612.092896 940.292419 1232.919189 0 133 112
v 1612.262695 940.362671 1232.687256 0 133 112
v 1612.262695 940.362671 1232.687256 0 133 112
v 1603.949463 952.804382 1232.687256 0 133 112
v 1603.819580 952.674622 1232.919189 0 133 112
v 1611.913330 940.218018 1233.142334 0 133 112
v 1612.092896 940.292419 1232.919189 0 133 112
v 1612.092896 940.292419 1232.919189 0 133 112
v 1603.819580 952.674622 1232.919189 0 133 112
v 1603.682129 952.537109 1233.142334 0 133 112
v 1611.724243 940.139709 1233.356323 0 133 112
v 1611.913330 940.218018 1233.142334 0 133 112
v 1611.913330 940.218018 1233.142334 0 133 112
v 1603.682129 952.537109 1233.142334 0 133 112
v 1603.537354 952.392273 1233.356323 0 133 112
v 1611.525879 940.057495 1233.560791 0 133 112
v 1611.724243 940.139709 1233.356323 0 133 112
v 1611.724243 940.139709 1233.356323 0 133 112
v 1603.537354 952.392273 1233.356323 0 133 112
v 1603.385498 952.240479 1233.560791 0 133 112
v 1611.318848 939.971680 1233.755127 0 133 112
v 1611.525879 940.057495 1233.560791 0 133 112
v 1611.525879 940.057495 1233.560791 0 133 112
v 1603.385498 952.240479 1233.560791 0 133 112
v 1603.227051 952.081970 1233.755127 0 133 112
v 1611.103638 939.882629 1233.938599 0 133 112
v 1611.318848 939.971680 1233.755127 0 133 112
v 1611.318848 939.971680 1233.755127 0 133 112
v 1603.227051 952.081970 1233.755127 0 133 112
v 1603.062256 951.917419 1233.938599 0 133 112
v 1610.880859 939.790405 1234.110840 0 133 112
v 1611.103638 939.882629 1233.938599 0 133 112
v 1611.103638 939.882629 1233.938599 0 133 112
v 1603.062256 951.917419 1233.938599 0 133 112
v 1602.891846 951.746887 1234.110840 0 133 112
v 1610.651123 939.695190 1234.271729 0 133 112
v 1610.880859 939.790405 1234.110840 0 133 112
v 1610.880859 939.790405 1234.110840 0 133 112
v 1602.891846 951.746887 1234.110840 0 133 112
v 1602.716064 951.570984 1234.271729 0 133 112
v 1610.414551 939.597229 1234.420898 0 133 112
v 1610.651123 939.695190 1234.271729 0 133 112
v 1610.651123 939.695190 1234.271729 0 133 112
v 1602.716064 951.570984 1234.271729 0 133 112
v 1602.534912 951.390015 1234.420898 0 133 112
v 1610.171875 939.496582 1234.558105 0 133 112
v 1610.414551 939.597229 1234.420898 0 133 112
v 1610.414551 939.597229 1234.420898 0 133 112
v 1602.534912 951.390015 1234.420898 0 133 112
v 1602.349121 951.204224 1234.558105 0 133 112
v 1609.923340 939.393677 1234.683105 0 133 112
v 1610.171875 939.496582 1234.558105 0 133 112
v 1610.171875 939.496582 1234.558105 0 133 112
v 1602.349121 951.204224 1234.558105 0 133 112
v 1602.158936 951.013977 1234.683105 0 133 112
v 1609.597412 939.258728 1234.834229 0 133 112
v 1609.923340 939.393677 1234.683105 0 133 112
v 1609.923340 939.393677 1234.683105 0 133 112
v 1602.158936 951.013977 1234.683105 0 133 112
v 1601.909546 950.764587 1234.834229 0 133 112
v 1609.318848 939.143372 1234.980591 0 133 112
v 1609.597412 939.258728 1234.834229 0 133 112
v 1609.597412 939.258728 1234.834229 0 133 112
v 1601.909546 950.764587 1234.834229 0 133 112
v 1601.696289 950.551392 1234.980591 0 133 112
v 1609.073120 939.041626 1235.131592 0 133 112
v 1609.318848 939.143372 1234.980591 0 133 112
v 1609.318848 939.143372 1234.980591 0 133 112
v 1601.696289 950.551392 1234.980591 0 133 112
v 1601.508301 950.363281 1235.131592 0 133 112
v 1608.845825 938.947388 1235.296387 0 133 112
v 1609.073120 939.041626 1235.131592 0 133 112
v 1609.073120 939.041626 1235.131592 0 133 112
v 1601.508301 950.363281 1235.131592 0 133 112
v 1601.334229 950.189270 1235.296387 0 133 112
v 1608.622437 938.854919 1235.484863 0 133 112
v 1608.845825 938.947388 1235.296387 0 133 112
v 1608.845825 938.947388 1235.296387 0 133 112
v 1601.334229 950.189270 1235.296387 0 133 112
v 1601.163330 950.018372 1235.484863 0 133 112
v 1608.388672 938.757996 1235.705566 0 133 112
v 1608.622437 938.854919 1235.484863 0 133 112
v 1608.622437 938.854919 1235.484863 0 133 112
v 1601.163330 950.018372 1235.484863 0 133 112
v 1600.984375 949.839417 1235.705566 0 133 112
v 1608.129883 938.650818 1235.968506 0 133 112
v 1608.388672 938.757996 1235.705566 0 133 112
v 1608.388672 938.757996 1235.705566 0 133 112
v 1600.984375 949.839417 1235.705566 0 133 112
v 1600.786255 949.641296 1235.968506 0 133 112
v 1607.861328 938.539612 1236.262695 0 133 112
v 1608.129883 938.650818 1235.968506 0 133 112
v 1608.129883 938.650818 1235.968506 0 133 112
v 1600.786255 949.641296 1235.968506 0 133 112
v 1600.580811 949.435913 1236.262695 0 133 112
v 1607.608398 938.434875 1236.571777 0 133 112
v 1607.861328 938.539612 1236.262695 0 133 112
v 1607.861328 938.539612 1236.262695 0 133 112
v 1600.580811 949.435913 1236.262695 0 133 112
v 1600.387207 949.242188 1236.571777 0 133 112
v 1607.371582 938.336670 1236.894775 0 133 112
v 1607.608398 938.434875 1236.571777 0 133 112
v 1607.608398 938.434875 1236.571777 0 133 112
v 1600.387207 949.242188 1236.571777 0 133 112
v 1600.205933 949.060974 1236.894775 0 133 112
v 1607.151123 938.245422 1237.230957 0 133 112
v 1607.371582 938.336670 1236.894775 0 133 112
v 1607.371582 938.336670 1236.894775 0 133 112
v 1600.205933 949.060974 1236.894775 0 133 112
v 1600.037231 948.892273 1237.230957 0 133 112
v 1606.947754 938.161194 1237.579590 0 133 112
v 1607.151123 938.245422 1237.230957 0 133 112
v 1607.151123 938.245422 1237.230957 0 133 112
v 1600.037231 948.892273 1237.230957 0 133 112
v 1599.881592 948.736572 1237.579590 0 133 112
v 1606.761719 938.084229 1237.940186 0 133 112
v 1606.947754 938.161194 1237.579590 0 133 112
v 1606.947754 938.161194 1237.579590 0 133 112
v 1599.881592 948.736572 1237.579590 0 133 112
v 1599.739258 948.594177 1237.940186 0 133 112
v 1606.593750 938.014526 1238.311646 0 133 112
v 1606.761719 938.084229 1237.940186 0 133 112
v 1606.761719 938.084229 1237.940186 0 133 112
v 1599.739258 948.594177 1237.940186 0 133 112
v 1599.610596 948.465576 1238.311646 0 133 112
v 1606.444458 937.952820 1238.692383 0 133 112
v 1606.593750 938.014526 1238.311646 0 133 112
v 1606.593750 938.014526 1238.311646 0 133 112
v 1599.610596 948.465576 1238.311646 0 133 112
v 1599.496338 948.351379 1238.692383 0 133 112
v 1606.314697 937.898987 1239.080566 0 133 112
v 1606.444458 937.952820 1238.692383 0 133 112
v 1606.444458 937.952820 1238.692383 0 133 112
v 1599.496338 948.351379 1238.692383 0 133 112
v 1599.396973 948.252075 1239.080566 0 133 112
v 1606.204590 937.853271 1239.475342 0 133 112
v 1606.314697 937.898987 1239.080566 0 133 112
v 1606.314697 937.898987 1239.080566 0 133 112
v 1599.396973 948.252075 1239.080566 0 133 112
v 1599.312744 948.167725 1239.475342 0 133 112
v 1606.114258 937.815918 1239.875732 0 133 112
v 1606.204590 937.853271 1239.475342 0 133 112
v 1606.204590 937.853271 1239.475342 0 133 112
v 1599.312744 948.167725 1239.475342 0 133 112
v 1599.243652 948.098572 1239.875732 0 133 112
v 1606.043945 937.786804 1240.281250 0 133 112
v 1606.114258 937.815918 1239.875732 0 133 112
v 1606.114258 937.815918 1239.875732 0 133 112
v 1599.243652 948.098572 1239.875732 0 133 112
v 1599.189697 948.044800 1240.281250 0 133 112
v 1605.993896 937.766113 1240.690430 0 133 112
v 1606.043945 937.786804 1240.281250 0 133 112
v 1606.043945 937.786804 1240.281250 0 133 112
v 1599.189697 948.044800 1240.281250 0 133 112
v 1599.151489 948.006470 1240.690430 0 133 112
v 1599.128784 947.983826 1241.102783 0 133 112
v 1605.964233 937.753784 1241.102783 0 133 112
v 1605.993896 937.766113 1240.690430 0 133 112
v 1605.993896 937.766113 1240.690430 0 133 112
v 1599.151489 948.006470 1240.690430 0 133 112
v 1599.128784 947.983826 1241.102783 0 133 112
v 1601.868286 950.723328 1244.853027 0 133 112
v 1599.128784 947.983826 1241.102783 0 133 112
v 1599.128784 947.983826 1241.102783 0 133 112
v 1590.381348 958.398682 1244.853027 0 133 112
v 1604.254639 953.109619 1248.998291 0 133 112
v 1601.868286 950.723328 1244.853027 0 133 112
v 1601.868286 950.723328 1244.853027 0 133 112
v 1590.381348 958.398682 1244.853027 0 133 112
v 1591.672852 961.516479 1248.998291 0 133 112
v 1606.270508 955.125488 1253.488525 0 133 112
v 1604.254639 953.109619 1248.998291 0 133 112
v 1604.254639 953.109619 1248.998291 0 133 112
v 1591.672852 961.516479 1248.998291 0 133 112
v 1592.763916 964.150513 1253.488525 0 133 112
v 1607.899048 956.754089 1258.273682 0 133 112
v 1606.270508 955.125488 1253.488525 0 133 112
v 1606.270508 955.125488 1253.488525 0 133 112
v 1592.763916 964.150513 1253.488525 0 133 112
v 1593.645264 966.278198 1258.273682 0 133 112
v 1609.123047 957.978027 1263.302979 0 133 112
v 1607.899048 956.754089 1258.273682 0 133 112
v 1607.899048 956.754089 1258.273682 0 133 112
v 1593.645264 966.278198 1258.273682 0 133 112
v 1594.307617 967.877380 1263.302979 0 133 112
v 1609.925293 958.780273 1268.526611 0 133 112
v 1609.123047 957.978027 1263.302979 0 133 112
v 1609.123047 957.978027 1263.302979 0 133 112
v 1594.307617 967.877380 1263.302979 0 133 112
v 1594.741821 968.925598 1268.526611 0 133 112
v 1610.288696 959.143677 1273.893921 0 133 112
v 1609.925293 958.780273 1268.526611 0 133 112
v 1609.925293 958.780273 1268.526611 0 133 112
v 1594.741821 968.925598 1268.526611 0 133 112
v 1594.938477 969.400513 1273.893921 0 133 112
v 1610.199707 959.054810 1279.284424 0 133 112
v 1610.288696 959.143677 1273.893921 0 133 112
v 1610.288696 959.143677 1273.893921 0 133 112
v 1594.938477 969.400513 1273.893921 0 133 112
v 1594.890381 969.284180 1279.284424 0 133 112
v 1609.665771 958.520874 1284.576172 0 133 112
v 1610.199707 959.054810 1279.284424 0 133 112
v 1610.199707 959.054810 1279.284424 0 133 112
v 1594.890381 969.284180 1279.284424 0 133 112
v 1594.601318 968.586609 1284.576172 0 133 112
v 1608.701416 957.556396 1289.717285 0 133 112
v 1609.665771 958.520874 1284.576172 0 133 112
v 1609.665771 958.520874 1284.576172 0 133 112
v 1594.601318 968.586609 1284.576172 0 133 112
v 1594.079468 967.326477 1289.717285 0 133 112
v 1607.321045 956.176025 1294.655762 0 133 112
v 1608.701416 957.556396 1289.717285 0 133 112
v 1608.701416 957.556396 1289.717285 0 133 112
v 1594.079468 967.326477 1289.717285 0 133 112
v 1593.332397 965.522888 1294.655762 0 133 112
v 1605.539063 954.394226 1299.339844 0 133 112
v 1607.321045 956.176025 1294.655762 0 133 112
v 1607.321045 956.176025 1294.655762 0 133 112
v 1593.332397 965.522888 1294.655762 0 133 112
v 1592.368042 963.194824 1299.339844 0 133 112
v 1603.370361 952.225403 1303.717773 0 133 112
v 1605.539063 954.394226 1299.339844 0 133 112
v 1605.539063 954.394226 1299.339844 0 133 112
v 1592.368042 963.194824 1299.339844 0 133 112
v 1591.194336 960.361206 1303.717773 0 133 112
v 1600.829102 949.684082 1307.737305 0 133 112
v 1603.370361 952.225403 1303.717773 0 133 112
v 1603.370361 952.225403 1303.717773 0 133 112
v 1591.194336 960.361206 1303.717773 0 133 112
v 1589.819092 957.040894 1307.737305 0 133 112
v 1597.968872 946.823914 1311.302612 0 133 112
v 1600.829102 949.684082 1307.737305 0 133 112
v 1600.829102 949.684082 1307.737305 0 133 112
v 1589.819092 957.040894 1307.737305 0 133 112
v 1588.270996 953.303772 1311.302612 0 133 112
v 1594.857910 943.713013 1314.338501 0 133 112
v 1597.968872 946.823914 1311.302612 0 133 112
v 1597.968872 946.823914 1311.302612 0 133 112
v 1588.270996 953.303772 1311.302612 0 133 112
v 1586.587402 949.239319 1314.338501 0 133 112
v 1591.533203 940.388184 1316.825195 0 133 112
v 1594.857910 943.713013 1314.338501 0 133 112
v 1594.857910 943.713013 1314.338501 0 133 112
v 1586.587402 949.239319 1314.338501 0 133 112
v 1584.788086 944.895325 1316.825195 0 133 112
v 1588.031494 936.886414 1318.742188 0 133 112
v 1591.533203 940.388184 1316.825195 0 133 112
v 1591.533203 940.388184 1316.825195 0 133 112
v 1584.788086 944.895325 1316.825195 0 133 112
v 1582.892944 940.319885 1318.742188 0 133 112
v 1584.389404 933.244385 1320.069336 0 133 112
v 1588.031494 936.886414 1318.742188 0 133 112
v 1588.031494 936.886414 1318.742188 0 133 112
v 1582.892944 940.319885 1318.742188 0 133 112
v 1580.921875 935.561279 1320.069336 0 133 112
v 1580.643799 929.498779 1320.786987 0 133 112
v 1584.389404 933.244385 1320.069336 0 133 112
v 1584.389404 933.244385 1320.069336 0 133 112
v 1580.921875 935.561279 1320.069336 0 133 112
v 1578.894775 930.667480 1320.786987 0 133 112
v 1576.831665 925.686707 1320.874634 0 133 112
v 1580.643799 929.498779 1320.786987 0 133 112
v 1580.643799 929.498779 1320.786987 0 133 112
v 1578.894775 930.667480 1320.786987 0 133 112
v 1576.831787 925.686829 1320.874634 0 133 112
v 1576.718384 925.573486 0.000000 0 133 112
v 1576.831665 925.686707 1320.874634 0 133 112
v 1576.831665 925.686707 1320.874634 0 133 112
v 1576.831787 925.686829 1320.874634 0 133 112
v 1576.770264 925.538818 0.000000 0 133 112
v 1604.814697 953.669922 0.000000 0 133 112
v 1576.718384 925.573486 0.000000 0 133 112
v 1576.718384 925.573486 0.000000 0 133 112
v 1576.770264 925.538818 0.000000 0 133 112
v 1591.975830 962.248413 0.000000 0 133 112
v 1604.813843 953.668884 1230.105469 0 133 112
v 1604.814697 953.669922 0.000000 0 133 112
v 1604.814697 953.669922 0.000000 0 133 112
v 1591.975830 962.248413 0.000000 0 133 112
v 1591.975586 962.247192 1230.105469 0 133 112
v 1604.769531 953.624573 1230.390137 0 133 112
v 1604.813843 953.668884 1230.105469 0 133 112
v 1604.813843 953.668884 1230.105469 0 133 112
v 1591.975586 962.247192 1230.105469 0 133 112
v 1591.951660 962.189392 1230.390137 0 133 112
v 1604.713379 953.568420 1230.661865 0 133 112
v 1604.769531 953.624573 1230.390137 0 133 112
v 1604.769531 953.624573 1230.390137 0 133 112
v 1591.951660 962.189392 1230.390137 0 133 112
v 1591.921143 962.115906 1230.661865 0 133 112
v 1604.646240 953.501282 1230.924072 0 133 112
v 1604.713379 953.568420 1230.661865 0 133 112
v 1604.713379 953.568420 1230.661865 0 133 112
v 1591.921143 962.115906 1230.661865 0 133 112
v 1591.884766 962.028320 1230.924072 0 133 112
v 1604.569336 953.424377 1231.180176 0 133 112
v 1604.646240 953.501282 1230.924072 0 133 112
v 1604.646240 953.501282 1230.924072 0 133 112
v 1591.884766 962.028320 1230.924072 0 133 112
v 1591.843262 961.927917 1231.180176 0 133 112
v 1604.483887 953.338989 1231.433105 0 133 112
v 1604.569336 953.424377 1231.180176 0 133 112
v 1604.569336 953.424377 1231.180176 0 133 112
v 1591.843262 961.927917 1231.180176 0 133 112
v 1591.796997 961.816223 1231.433105 0 133 112
v 1604.391113 953.246216 1231.686279 0 133 112
v 1604.483887 953.338989 1231.433105 0 133 112
v 1604.483887 953.338989 1231.433105 0 133 112
v 1591.796997 961.816223 1231.433105 0 133 112
v 1591.746826 961.694885 1231.686279 0 133 112
v 1604.291992 953.146973 1231.942993 0 133 112
v 1604.391113 953.246216 1231.686279 0 133 112
v 1604.391113 953.246216 1231.686279 0 133 112
v 1591.746826 961.694885 1231.686279 0 133 112
v 1591.693115 961.565308 1231.942993 0 133 112
v 1604.185791 953.040894 1232.198730 0 133 112
v 1604.291992 953.146973 1231.942993 0 133 112
v 1604.291992 953.146973 1231.942993 0 133 112
v 1591.693115 961.565308 1231.942993 0 133 112
v 1591.635742 961.426697 1232.198730 0 133 112
v 1604.071533 952.926575 1232.447021 0 133 112
v 1604.185791 953.040894 1232.198730 0 133 112
v 1604.185791 953.040894 1232.198730 0 133 112
v 1591.635742 961.426697 1232.198730 0 133 112
v 1591.573853 961.277405 1232.447021 0 133 112
v 1603.949463 952.804382 1232.687256 0 133 112
v 1604.071533 952.926575 1232.447021 0 133 112
v 1604.071533 952.926575 1232.447021 0 133 112
v 1591.573853 961.277405 1232.447021 0 133 112
v 1591.507690 961.117798 1232.687256 0 133 112
v 1603.819580 952.674622 1232.919189 0 133 112
v 1603.949463 952.804382 1232.687256 0 133 112
v 1603.949463 952.804382 1232.687256 0 133 112
v 1591.507690 961.117798 1232.687256 0 133 112
v 1591.437378 960.948120 1232.919189 0 133 112
v 1603.682129 952.537109 1233.142334 0 133 112
v 1603.819580 952.674622 1232.919189 0 133 112
v 1603.819580 952.674622 1232.919189 0 133 112
v 1591.437378 960.948120 1232.919189 0 133 112
v 1591.363037 960.768494 1233.142334 0 133 112
v 1603.537354 952.392273 1233.356323 0 133 112
v 1603.682129 952.537109 1233.142334 0 133 112
v 1603.682129 952.537109 1233.142334 0 133 112
v 1591.363037 960.768494 1233.142334 0 133 112
v 1591.284668 960.579285 1233.356323 0 133 112
v 1603.385498 952.240479 1233.560791 0 133 112
v 1603.537354 952.392273 1233.356323 0 133 112
v 1603.537354 952.392273 1233.356323 0 133 112
v 1591.284668 960.579285 1233.356323 0 133 112
v 1591.202515 960.380981 1233.560791 0 133 112
v 1603.227051 952.081970 1233.755127 0 133 112
v 1603.385498 952.240479 1233.560791 0 133 112
v 1603.385498 952.240479 1233.560791 0 133 112
v 1591.202515 960.380981 1233.560791 0 133 112
v 1591.116699 960.173889 1233.755127 0 133 112
v 1603.062256 951.917419 1233.938599 0 133 112
v 1603.227051 952.081970 1233.755127 0 133 112
v 1603.227051 952.081970 1233.755127 0 133 112
v 1591.116699 960.173889 1233.755127 0 133 112
v 1591.027588 959.958679 1233.938599 0 133 112
v 1602.891846 951.746887 1234.110840 0 133 112
v 1603.062256 951.917419 1233.938599 0 133 112
v 1603.062256 951.917419 1233.938599 0 133 112
v 1591.027588 959.958679 1233.938599 0 133 112
v 1590.935303 959.736084 1234.110840 0 133 112
v 1602.716064 951.570984 1234.271729 0 133 112
v 1602.891846 951.746887 1234.110840 0 133 112
v 1602.891846 951.746887 1234.110840 0 133 112
v 1590.935303 959.736084 1234.110840 0 133 112
v 1590.840088 959.506226 1234.271729 0 133 112
v 1602.534912 951.390015 1234.420898 0 133 112
v 1602.716064 951.570984 1234.271729 0 133 112
v 1602.716064 951.570984 1234.271729 0 133 112
v 1590.840088 959.506226 1234.271729 0 133 112
v 1590.742188 959.269714 1234.420898 0 133 112
v 1602.349121 951.204224 1234.558105 0 133 112
v 1602.534912 951.390015 1234.420898 0 133 112
v 1602.534912 951.390015 1234.420898 0 133 112
v 1590.742188 959.269714 1234.420898 0 133 112
v 1590.641602 959.026917 1234.558105 0 133 112
v 1602.158936 951.013977 1234.683105 0 133 112
v 1602.349121 951.204224 1234.558105 0 133 112
v 1602.349121 951.204224 1234.558105 0 133 112
v 1590.641602 959.026917 1234.558105 0 133 112
v 1590.538696 958.778381 1234.683105 0 133 112
v 1601.909546 950.764587 1234.834229 0 133 112
v 1602.158936 951.013977 1234.683105 0 133 112
v 1602.158936 951.013977 1234.683105 0 133 112
v 1590.538696 958.778381 1234.683105 0 133 112
v 1590.403809 958.452515 1234.834229 0 133 112
v 1601.696289 950.551392 1234.980591 0 133 112
v 1601.909546 950.764587 1234.834229 0 133 112
v 1601.909546 950.764587 1234.834229 0 133 112
v 1590.403809 958.452515 1234.834229 0 133 112
v 1590.288330 958.174011 1234.980591 0 133 112
v 1601.508301 950.363281 1235.131592 0 133 112
v 1601.696289 950.551392 1234.980591 0 133 112
v 1601.696289 950.551392 1234.980591 0 133 112
v 1590.288330 958.174011 1234.980591 0 133 112
v 1590.186523 957.928223 1235.131592 0 133 112
v 1601.334229 950.189270 1235.296387 0 133 112
v 1601.508301 950.363281 1235.131592 0 133 112
v 1601.508301 950.363281 1235.131592 0 133 112
v 1590.186523 957.928223 1235.131592 0 133 112
v 1590.092407 957.700928 1235.296387 0 133 112
v 1601.163330 950.018372 1235.484863 0 133 112
v 1601.334229 950.189270 1235.296387 0 133 112
v 1601.334229 950.189270 1235.296387 0 133 112
v 1590.092407 957.700928 1235.296387 0 133 112
v 1589.999878 957.477478 1235.484863 0 133 112
v 1600.984375 949.839417 1235.705566 0 133 112
v 1601.163330 950.018372 1235.484863 0 133 112
v 1601.163330 950.018372 1235.484863 0 133 112
v 1589.999878 957.477478 1235.484863 0 133 112
v 1589.903076 957.243713 1235.705566 0 133 112
v 1600.786255 949.641296 1235.968506 0 133 112
v 1600.984375 949.839417 1235.705566 0 133 112
v 1600.984375 949.839417 1235.705566 0 133 112
v 1589.903076 957.243713 1235.705566 0 133 112
v 1589.795898 956.984924 1235.968506 0 133 112
v 1600.580811 949.435913 1236.262695 0 133 112
v 1600.786255 949.641296 1235.968506 0 133 112
v 1600.786255 949.641296 1235.968506 0 133 112
v 1589.795898 956.984924 1235.968506 0 133 112
v 1589.684570 956.716492 1236.262695 0 133 112
v 1600.387207 949.242188 1236.571777 0 133 112
v 1600.580811 949.435913 1236.262695 0 133 112
v 1600.580811 949.435913 1236.262695 0 133 112
v 1589.684570 956.716492 1236.262695 0 133 112
v 1589.579834 956.463623 1236.571777 0 133 112
v 1600.205933 949.060974 1236.894775 0 133 112
v 1600.387207 949.242188 1236.571777 0 133 112
v 1600.387207 949.242188 1236.571777 0 133 112
v 1589.579834 956.463623 1236.571777 0 133 112
v 1589.481689 956.226685 1236.894775 0 133 112
v 1600.037231 948.892273 1237.230957 0 133 112
v 1600.205933 949.060974 1236.894775 0 133 112
v 1600.205933 949.060974 1236.894775 0 133 112
v 1589.481689 956.226685 1236.894775 0 133 112
v 1589.390381 956.006226 1237.230957 0 133 112
v 1599.881592 948.736572 1237.579590 0 133 112
v 1600.037231 948.892273 1237.230957 0 133 112
v 1600.037231 948.892273 1237.230957 0 133 112
v 1589.390381 956.006226 1237.230957 0 133 112
v 1589.306152 955.802917 1237.579590 0 133 112
v 1599.739258 948.594177 1237.940186 0 133 112
v 1599.881592 948.736572 1237.579590 0 133 112
v 1599.881592 948.736572 1237.579590 0 133 112
v 1589.306152 955.802917 1237.579590 0 133 112
v 1589.229126 955.616882 1237.940186 0 133 112
v 1599.610596 948.465576 1238.311646 0 133 112
v 1599.739258 948.594177 1237.940186 0 133 112
v 1599.739258 948.594177 1237.940186 0 133 112
v 1589.229126 955.616882 1237.940186 0 133 112
v 1589.159546 955.448914 1238.311646 0 133 112
v 1599.496338 948.351379 1238.692383 0 133 112
v 1599.610596 948.465576 1238.311646 0 133 112
v 1599.610596 948.465576 1238.311646 0 133 112
v 1589.159546 955.448914 1238.311646 0 133 112
v 1589.097656 955.299622 1238.692383 0 133 112
v 1599.396973 948.252075 1239.080566 0 133 112
v 1599.496338 948.351379 1238.692383 0 133 112
v 1599.496338 948.351379 1238.692383 0 133 112
v 1589.097656 955.299622 1238.692383 0 133 112
v 1589.043945 955.169800 1239.080566 0 133 112
v 1599.312744 948.167725 1239.475342 0 133 112
v 1599.396973 948.252075 1239.080566 0 133 112
v 1599.396973 948.252075 1239.080566 0 133 112
v 1589.043945 955.169800 1239.080566 0 133 112
v 1588.998291 955.059570 1239.475342 0 133 112
v 1599.243652 948.098572 1239.875732 0 133 112
v 1599.312744 948.167725 1239.475342 0 133 112
v 1599.312744 948.167725 1239.475342 0 133 112
v 1588.998291 955.059570 1239.475342 0 133 112
v 1588.960938 954.969299 1239.875732 0 133 112
v 1599.189697 948.044800 1240.281250 0 133 112
v 1599.243652 948.098572 1239.875732 0 133 112
v 1599.243652 948.098572 1239.875732 0 133 112
v 1588.960938 954.969299 1239.875732 0 133 112
v 1588.931885 954.898987 1240.281250 0 133 112
v 1599.151489 948.006470 1240.690430 0 133 112
v 1599.189697 948.044800 1240.281250 0 133 112
v 1599.189697 948.044800 1240.281250 0 133 112
v 1588.931885 954.898987 1240.281250 0 133 112
v 1588.911133 954.848999 1240.690430 0 133 112
v 1588.898804 954.819275 1241.102783 0 133 112
v 1599.128784 947.983826 1241.102783 0 133 112
v 1599.151489 948.006470 1240.690430 0 133 112
v 1599.151489 948.006470 1240.690430 0 133 112
v 1588.911133 954.848999 1240.690430 0 133 112
v 1588.898804 954.819275 1241.102783 0 133 112
v 1590.381348 958.398682 1244.853027 0 133 112
v 1588.898804 954.819275 1241.102783 0 133 112
v 1588.898804 954.819275 1241.102783 0 133 112
v 1576.831787 961.093872 1244.853027 0 133 112
v 1591.672852 961.516479 1248.998291 0 133 112
v 1590.381348 958.398682 1244.853027 0 133 112
v 1590.381348 958.398682 1244.853027 0 133 112
v 1576.831787 961.093872 1244.853027 0 133 112
v 1576.831787 964.468628 1248.998291 0 133 112
v 1592.763916 964.150513 1253.488525 0 133 112
v 1591.672852 961.516479 1248.998291 0 133 112
v 1591.672852 961.516479 1248.998291 0 133 112
v 1576.831787 964.468628 1248.998291 0 133 112
v 1576.831787 967.319580 1253.488525 0 133 112
v 1593.645264 966.278198 1258.273682 0 133 112
v 1592.763916 964.150513 1253.488525 0 133 112
v 1592.763916 964.150513 1253.488525 0 133 112
v 1576.831787 967.319580 1253.488525 0 133 112
v 1576.831787 969.622681 1258.273682 0 133 112
v 1594.307617 967.877380 1263.302979 0 133 112
v 1593.645264 966.278198 1258.273682 0 133 112
v 1593.645264 966.278198 1258.273682 0 133 112
v 1576.831787 969.622681 1258.273682 0 133 112
v 1576.831787 971.353577 1263.302979 0 133 112
v 1594.741821 968.925598 1268.526611 0 133 112
v 1594.307617 967.877380 1263.302979 0 133 112
v 1594.307617 967.877380 1263.302979 0 133 112
v 1576.831787 971.353577 1263.302979 0 133 112
v 1576.831787 972.488220 1268.526611 0 133 112
v 1594.938477 969.400513 1273.893921 0 133 112
v 1594.741821 968.925598 1268.526611 0 133 112
v 1594.741821 968.925598 1268.526611 0 133 112
v 1576.831787 972.488220 1268.526611 0 133 112
v 1576.831787 973.002197 1273.893921 0 133 112
v 1594.890381 969.284180 1279.284424 0 133 112
v 1594.938477 969.400513 1273.893921 0 133 112
v 1594.938477 969.400513 1273.893921 0 133 112
v 1576.831787 973.002197 1273.893921 0 133 112
v 1576.831787 972.876404 1279.284424 0 133 112
v 1594.601318 968.586609 1284.576172 0 133 112
v 1594.890381 969.284180 1279.284424 0 133 112
v 1594.890381 969.284180 1279.284424 0 133 112
v 1576.831787 972.876404 1279.284424 0 133 112
v 1576.831787 972.121277 1284.576172 0 133 112
v 1594.079468 967.326477 1289.717285 0 133 112
v 1594.601318 968.586609 1284.576172 0 133 112
v 1594.601318 968.586609 1284.576172 0 133 112
v 1576.831787 972.121277 1284.576172 0 133 112
v 1576.831787 970.757385 1289.717285 0 133 112
v 1593.332397 965.522888 1294.655762 0 133 112
v 1594.079468 967.326477 1289.717285 0 133 112
v 1594.079468 967.326477 1289.717285 0 133 112
v 1576.831787 970.757385 1289.717285 0 133 112
v 1576.831787 968.805176 1294.655762 0 133 112
v 1592.368042 963.194824 1299.339844 0 133 112
v 1593.332397 965.522888 1294.655762 0 133 112
v 1593.332397 965.522888 1294.655762 0 133 112
v 1576.831787 968.805176 1294.655762 0 133 112
v 1576.831787 966.285278 1299.339844 0 133 112
v 1591.194336 960.361206 1303.717773 0 133 112
v 1592.368042 963.194824 1299.339844 0 133 112
v 1592.368042 963.194824 1299.339844 0 133 112
v 1576.831787 966.285278 1299.339844 0 133 112
v 1576.831787 963.218079 1303.717773 0 133 112
v 1589.819092 957.040894 1307.737305 0 133 112
v 1591.194336 960.361206 1303.717773 0 133 112
v 1591.194336 960.361206 1303.717773 0 133 112
v 1576.831787 963.218079 1303.717773 0 133 112
v 1576.831787 959.624329 1307.737305 0 133 112
v 1588.270996 953.303772 1311.302612 0 133 112
v 1589.819092 957.040894 1307.737305 0 133 112
v 1589.819092 957.040894 1307.737305 0 133 112
v 1576.831787 959.624329 1307.737305 0 133 112
v 1576.831787 955.579285 1311.302612 0 133 112
v 1586.587402 949.239319 1314.338501 0 133 112
v 1588.270996 953.303772 1311.302612 0 133 112
v 1588.270996 953.303772 1311.302612 0 133 112
v 1576.831787 955.579285 1311.302612 0 133 112
v 1576.831787 951.179810 1314.338501 0 133 112
v 1584.788086 944.895325 1316.825195 0 133 112
v 1586.587402 949.239319 1314.338501 0 133 112
v 1586.587402 949.239319 1314.338501 0 133 112
v 1576.831787 951.179810 1314.338501 0 133 112
v 1576.831787 946.477905 1316.825195 0 133 112
v 1582.892944 940.319885 1318.742188 0 133 112
v 1584.788086 944.895325 1316.825195 0 133 112
v 1584.788086 944.895325 1316.825195 0 133 112
v 1576.831787 946.477905 1316.825195 0 133 112
v 1576.831787 941.525574 1318.742188 0 133 112
v 1580.921875 935.561279 1320.069336 0 133 112
v 1582.892944 940.319885 1318.742188 0 133 112
v 1582.892944 940.319885 1318.742188 0 133 112
v 1576.831787 941.525574 1318.742188 0 133 112
v 1576.831787 936.374878 1320.069336 0 133 112
v 1578.894775 930.667480 1320.786987 0 133 112
v 1580.921875 935.561279 1320.069336 0 133 112
v 1580.921875 935.561279 1320.069336 0 133 112
v 1576.831787 936.374878 1320.069336 0 133 112
v 1576.831787 931.078003 1320.786987 0 133 112
v 1576.831787 925.686829 1320.874634 0 133 112
v 1576.831787 925.686829 1320.874634 0 133 112
v 1578.894775 930.667480 1320.786987 0 133 112
v 1578.894775 930.667480 1320.786987 0 133 112
v 1576.831787 931.078003 1320.786987 0 133 112
v 1576.831787 925.686829 1320.874634 0 133 112
v 1576.770264 925.538818 0.000000 0 133 112
v 1576.831787 925.686829 1320.874634 0 133 112
v 1576.831787 925.686829 1320.874634 0 133 112
v 1576.831787 925.686829 1320.874634 0 133 112
v 1576.831543 925.526611 0.000000 0 133 112
v 1591.975830 962.248413 0.000000 0 133 112
v 1576.770264 925.538818 0.000000 0 133 112
v 1576.770264 925.538818 0.000000 0 133 112
v 1576.831543 925.526611 0.000000 0 133 112
v 1576.831543 965.260803 0.000000 0 133 112
v 1591.975586 962.247192 1230.105469 0 133 112
v 1591.975830 962.248413 0.000000 0 133 112
v 1591.975830 962.248413 0.000000 0 133 112
v 1576.831543 965.260803 0.000000 0 133 112
v 1576.831787 965.259521 1230.105469 0 133 112
v 1591.951660 962.189392 1230.390137 0 133 112
v 1591.975586 962.247192 1230.105469 0 133 112
v 1591.975586 962.247192 1230.105469 0 133 112
v 1576.831787 965.259521 1230.105469 0 133 112
v 1576.831787 965.197021 1230.390137 0 133 112
v 1591.921143 962.115906 1230.661865 0 133 112
v 1591.951660 962.189392 1230.390137 0 133 112
v 1591.951660 962.189392 1230.390137 0 133 112
v 1576.831787 965.197021 1230.390137 0 133 112
v 1576.831787 965.117371 1230.661865 0 133 112
v 1591.884766 962.028320 1230.924072 0 133 112
v 1591.921143 962.115906 1230.661865 0 133 112
v 1591.921143 962.115906 1230.661865 0 133 112
v 1576.831787 965.117371 1230.661865 0 133 112
v 1576.831787 965.022522 1230.924072 0 133 112
v 1591.843262 961.927917 1231.180176 0 133 112
v 1591.884766 962.028320 1230.924072 0 133 112
v 1591.884766 962.028320 1230.924072 0 133 112
v 1576.831787 965.022522 1230.924072 0 133 112
v 1576.831787 964.913879 1231.180176 0 133 112
v 1591.796997 961.816223 1231.433105 0 133 112
v 1591.843262 961.927917 1231.180176 0 133 112
v 1591.843262 961.927917 1231.180176 0 133 112
v 1576.831787 964.913879 1231.180176 0 133 112
v 1576.831787 964.793030 1231.433105 0 133 112
v 1591.746826 961.694885 1231.686279 0 133 112
v 1591.796997 961.816223 1231.433105 0 133 112
v 1591.796997 961.816223 1231.433105 0 133 112
v 1576.831787 964.793030 1231.433105 0 133 112
v 1576.831787 964.661682 1231.686279 0 133 112
v 1591.693115 961.565308 1231.942993 0 133 112
v 1591.746826 961.694885 1231.686279 0 133 112
v 1591.746826 961.694885 1231.686279 0 133 112
v 1576.831787 964.661682 1231.686279 0 133 112
v 1576.831787 964.521423 1231.942993 0 133 112
v 1591.635742 961.426697 1232.198730 0 133 112
v 1591.693115 961.565308 1231.942993 0 133 112
v 1591.693115 961.565308 1231.942993 0 133 112
v 1576.831787 964.521423 1231.942993 0 133 112
v 1576.831787 964.371399 1232.198730 0 133 112
v 1591.573853 961.277405 1232.447021 0 133 112
v 1591.635742 961.426697 1232.198730 0 133 112
v 1591.635742 961.426697 1232.198730 0 133 112
v 1576.831787 964.371399 1232.198730 0 133 112
v 1576.831787 964.209778 1232.447021 0 133 112
v 1591.507690 961.117798 1232.687256 0 133 112
v 1591.573853 961.277405 1232.447021 0 133 112
v 1591.573853 961.277405 1232.447021 0 133 112
v 1576.831787 964.209778 1232.447021 0 133 112
v 1576.831787 964.036987 1232.687256 0 133 112
v 1591.437378 960.948120 1232.919189 0 133 112
v 1591.507690 961.117798 1232.687256 0 133 112
v 1591.507690 961.117798 1232.687256 0 133 112
v 1576.831787 964.036987 1232.687256 0 133 112
v 1576.831787 963.853271 1232.919189 0 133 112
v 1591.363037 960.768494 1233.142334 0 133 112
v 1591.437378 960.948120 1232.919189 0 133 112
v 1591.437378 960.948120 1232.919189 0 133 112
v 1576.831787 963.853271 1232.919189 0 133 112
v 1576.831787 963.658875 1233.142334 0 133 112
v 1591.284668 960.579285 1233.356323 0 133 112
v 1591.363037 960.768494 1233.142334 0 133 112
v 1591.363037 960.768494 1233.142334 0 133 112
v 1576.831787 963.658875 1233.142334 0 133 112
v 1576.831787 963.454285 1233.356323 0 133 112
v 1591.202515 960.380981 1233.560791 0 133 112
v 1591.284668 960.579285 1233.356323 0 133 112
v 1591.284668 960.579285 1233.356323 0 133 112
v 1576.831787 963.454285 1233.356323 0 133 112
v 1576.831787 963.239624 1233.560791 0 133 112
v 1591.116699 960.173889 1233.755127 0 133 112
v 1591.202515 960.380981 1233.560791 0 133 112
v 1591.202515 960.380981 1233.560791 0 133 112
v 1576.831787 963.239624 1233.560791 0 133 112
v 1576.831787 963.015381 1233.755127 0 133 112
v 1591.027588 959.958679 1233.938599 0 133 112
v 1591.116699 960.173889 1233.755127 0 133 112
v 1591.116699 960.173889 1233.755127 0 133 112
v 1576.831787 963.015381 1233.755127 0 133 112
v 1576.831787 962.782471 1233.938599 0 133 112
v 1590.935303 959.736084 1234.110840 0 133 112
v 1591.027588 959.958679 1233.938599 0 133 112
v 1591.027588 959.958679 1233.938599 0 133 112
v 1576.831787 962.782471 1233.938599 0 133 112
v 1576.831787 962.541504 1234.110840 0 133 112
v 1590.840088 959.506226 1234.271729 0 133 112
v 1590.935303 959.736084 1234.110840 0 133 112
v 1590.935303 959.736084 1234.110840 0 133 112
v 1576.831787 962.541504 1234.110840 0 133 112
v 1576.831787 962.292725 1234.271729 0 133 112
v 1590.742188 959.269714 1234.420898 0 133 112
v 1590.840088 959.506226 1234.271729 0 133 112
v 1590.840088 959.506226 1234.271729 0 133 112
v 1576.831787 962.292725 1234.271729 0 133 112
v 1576.831787 962.036682 1234.420898 0 133 112
v 1590.641602 959.026917 1234.558105 0 133 112
v 1590.742188 959.269714 1234.420898 0 133 112
v 1590.742188 959.269714 1234.420898 0 133 112
v 1576.831787 962.036682 1234.420898 0 133 112
v 1576.831787 961.773926 1234.558105 0 133 112
v 1590.538696 958.778381 1234.683105 0 133 112
v 1590.641602 959.026917 1234.558105 0 133 112
v 1590.641602 959.026917 1234.558105 0 133 112
v 1576.831787 961.773926 1234.558105 0 133 112
v 1576.831787 961.504883 1234.683105 0 133 112
v 1590.403809 958.452515 1234.834229 0 133 112
v 1590.538696 958.778381 1234.683105 0 133 112
v 1590.538696 958.778381 1234.683105 0 133 112
v 1576.831787 961.504883 1234.683105 0 133 112
v 1576.831787 961.152222 1234.834229 0 133 112
v 1590.288330 958.174011 1234.980591 0 133 112
v 1590.403809 958.452515 1234.834229 0 133 112
v 1590.403809 958.452515 1234.834229 0 133 112
v 1576.831787 961.152222 1234.834229 0 133 112
v 1576.831787 960.850708 1234.980591 0 133 112
v 1590.186523 957.928223 1235.131592 0 133 112
v 1590.288330 958.174011 1234.980591 0 133 112
v 1590.288330 958.174011 1234.980591 0 133 112
v 1576.831787 960.850708 1234.980591 0 133 112
v 1576.831787 960.584717 1235.131592 0 133 112
v 1590.092407 957.700928 1235.296387 0 133 112
v 1590.186523 957.928223 1235.131592 0 133 112
v 1590.186523 957.928223 1235.131592 0 133 112
v 1576.831787 960.584717 1235.131592 0 133 112
v 1576.831787 960.338684 1235.296387 0 133 112
v 1589.999878 957.477478 1235.484863 0 133 112
v 1590.092407 957.700928 1235.296387 0 133 112
v 1590.092407 957.700928 1235.296387 0 133 112
v 1576.831787 960.338684 1235.296387 0 133 112
v 1576.831787 960.096924 1235.484863 0 133 112
v 1589.903076 957.243713 1235.705566 0 133 112
v 1589.999878 957.477478 1235.484863 0 133 112
v 1589.999878 957.477478 1235.484863 0 133 112
v 1576.831787 960.096924 1235.484863 0 133 112
v 1576.831787 959.843811 1235.705566 0 133 112
v 1589.795898 956.984924 1235.968506 0 133 112
v 1589.903076 957.243713 1235.705566 0 133 112
v 1589.903076 957.243713 1235.705566 0 133 112
v 1576.831787 959.843811 1235.705566 0 133 112
v 1576.831787 959.563721 1235.968506 0 133 112
v 1589.684570 956.716492 1236.262695 0 133 112
v 1589.795898 956.984924 1235.968506 0 133 112
v 1589.795898 956.984924 1235.968506 0 133 112
v 1576.831787 959.563721 1235.968506 0 133 112
v 1576.831787 959.273071 1236.262695 0 133 112
v 1589.579834 956.463623 1236.571777 0 133 112
v 1589.684570 956.716492 1236.262695 0 133 112
v 1589.684570 956.716492 1236.262695 0 133 112
v 1576.831787 959.273071 1236.262695 0 133 112
v 1576.831787 958.999390 1236.571777 0 133 112
v 1589.481689 956.226685 1236.894775 0 133 112
v 1589.579834 956.463623 1236.571777 0 133 112
v 1589.579834 956.463623 1236.571777 0 133 112
v 1576.831787 958.999390 1236.571777 0 133 112
v 1576.831787 958.742981 1236.894775 0 133 112
v 1589.390381 956.006226 1237.230957 0 133 112
v 1589.481689 956.226685 1236.894775 0 133 112
v 1589.481689 956.226685 1236.894775 0 133 112
v 1576.831787 958.742981 1236.894775 0 133 112
v 1576.831787 958.504395 1237.230957 0 133 112
v 1589.306152 955.802917 1237.579590 0 133 112
v 1589.390381 956.006226 1237.230957 0 133 112
v 1589.390381 956.006226 1237.230957 0 133 112
v 1576.831787 958.504395 1237.230957 0 133 112
v 1576.831787 958.284180 1237.579590 0 133 112
v 1589.229126 955.616882 1237.940186 0 133 112
v 1589.306152 955.802917 1237.579590 0 133 112
v 1589.306152 955.802917 1237.579590 0 133 112
v 1576.831787 958.284180 1237.579590 0 133 112
v 1576.831787 958.082886 1237.940186 0 133 112
v 1589.159546 955.448914 1238.311646 0 133 112
v 1589.229126 955.616882 1237.940186 0 133 112
v 1589.229126 955.616882 1237.940186 0 133 112
v 1576.831787 958.082886 1237.940186 0 133 112
v 1576.831787 957.901001 1238.311646 0 133 112
v 1589.097656 955.299622 1238.692383 0 133 112
v 1589.159546 955.448914 1238.311646 0 133 112
v 1589.159546 955.448914 1238.311646 0 133 112
v 1576.831787 957.901001 1238.311646 0 133 112
v 1576.831787 957.739502 1238.692383 0 133 112
v 1589.043945 955.169800 1239.080566 0 133 112
v 1589.097656 955.299622 1238.692383 0 133 112
v 1589.097656 955.299622 1238.692383 0 133 112
v 1576.831787 957.739502 1238.692383 0 133 112
v 1576.831787 957.598999 1239.080566 0 133 112
v 1588.998291 955.059570 1239.475342 0 133 112
v 1589.043945 955.169800 1239.080566 0 133 112
v 1589.043945 955.169800 1239.080566 0 133 112
v 1576.831787 957.598999 1239.080566 0 133 112
v 1576.831787 957.479675 1239.475342 0 133 112
v 1588.960938 954.969299 1239.875732 0 133 112
v 1588.998291 955.059570 1239.475342 0 133 112
v 1588.998291 955.059570 1239.475342 0 133 112
v 1576.831787 957.479675 1239.475342 0 133 112
v 1576.831787 957.382019 1239.875732 0 133 112
v 1588.931885 954.898987 1240.281250 0 133 112
v 1588.960938 954.969299 1239.875732 0 133 112
v 1588.960938 954.969299 1239.875732 0 133 112
v 1576.831787 957.382019 1239.875732 0 133 112
v 1576.831787 957.305908 1240.281250 0 133 112
v 1588.911133 954.848999 1240.690430 0 133 112
v 1588.931885 954.898987 1240.281250 0 133 112
v 1588.931885 954.898987 1240.281250 0 133 112
v 1576.831787 957.305908 1240.281250 0 133 112
v 1576.831787 957.251770 1240.690430 0 133 112
v 1576.831787 957.219727 1241.102783 0 133 112
v 1588.898804 954.819275 1241.102783 0 133 112
v 1588.911133 954.848999 1240.690430 0 133 112
v 1588.911133 954.848999 1240.690430 0 133 112
v 1576.831787 957.251770 1240.690430 0 133 112
v 1576.831787 957.219727 1241.102783 0 133 112
v 1576.831787 961.093872 1244.853027 0 133 112
v 1576.831787 957.219727 1241.102783 0 133 112
v 1576.831787 957.219727 1241.102783 0 133 112
v 1563.281982 958.398682 1244.853027 0 133 112
v 1576.831787 964.468628 1248.998291 0 133 112
v 1576.831787 961.093872 1244.853027 0 133 112
v 1576.831787 961.093872 1244.853027 0 133 112
v 1563.281982 958.398682 1244.853027 0 133 112
v 1561.990479 961.516602 1248.998291 0 133 112
v 1576.831787 967.319580 1253.488525 0 133 112
v 1576.831787 964.468628 1248.998291 0 133 112
v 1576.831787 964.468628 1248.998291 0 133 112
v 1561.990479 961.516602 1248.998291 0 133 112
v 1560.899414 964.150513 1253.488525 0 133 112
v 1576.831787 969.622681 1258.273682 0 133 112
v 1576.831787 967.319580 1253.488525 0 133 112
v 1576.831787 967.319580 1253.488525 0 133 112
v 1560.899414 964.150513 1253.488525 0 133 112
v 1560.018066 966.278320 1258.273682 0 133 112
v 1576.831787 971.353577 1263.302979 0 133 112
v 1576.831787 969.622681 1258.273682 0 133 112
v 1576.831787 969.622681 1258.273682 0 133 112
v 1560.018066 966.278320 1258.273682 0 133 112
v 1559.355713 967.877380 1263.302979 0 133 112
v 1576.831787 972.488220 1268.526611 0 133 112
v 1576.831787 971.353577 1263.302979 0 133 112
v 1576.831787 971.353577 1263.302979 0 133 112
v 1559.355713 967.877380 1263.302979 0 133 112
v 1558.921631 968.925720 1268.526611 0 133 112
v 1576.831787 973.002197 1273.893921 0 133 112
v 1576.831787 972.488220 1268.526611 0 133 112
v 1576.831787 972.488220 1268.526611 0 133 112
v 1558.921631 968.925720 1268.526611 0 133 112
v 1558.724854 969.400574 1273.893921 0 133 112
v 1576.831787 972.876404 1279.284424 0 133 112
v 1576.831787 973.002197 1273.893921 0 133 112
v 1576.831787 973.002197 1273.893921 0 133 112
v 1558.724854 969.400574 1273.893921 0 133 112
v 1558.772949 969.284302 1279.284424 0 133 112
v 1576.831787 972.121277 1284.576172 0 133 112
v 1576.831787 972.876404 1279.284424 0 133 112
v 1576.831787 972.876404 1279.284424 0 133 112
v 1558.772949 969.284302 1279.284424 0 133 112
v 1559.062012 968.586670 1284.576172 0 133 112
v 1576.831787 970.757385 1289.717285 0 133 112
v 1576.831787 972.121277 1284.576172 0 133 112
v 1576.831787 972.121277 1284.576172 0 133 112
v 1559.062012 968.586670 1284.576172 0 133 112
v 1559.583984 967.326599 1289.717285 0 133 112
v 1576.831787 968.805176 1294.655762 0 133 112
v 1576.831787 970.757385 1289.717285 0 133 112
v 1576.831787 970.757385 1289.717285 0 133 112
v 1559.583984 967.326599 1289.717285 0 133 112
v 1560.331055 965.523071 1294.655762 0 133 112
v 1576.831787 966.285278 1299.339844 0 133 112
v 1576.831787 968.805176 1294.655762 0 133 112
v 1576.831787 968.805176 1294.655762 0 133 112
v 1560.331055 965.523071 1294.655762 0 133 112
v 1561.295410 963.194885 1299.339844 0 133 112
v 1576.831787 963.218079 1303.717773 0 133 112
v 1576.831787 966.285278 1299.339844 0 133 112
v 1576.831787 966.285278 1299.339844 0 133 112
v 1561.295410 963.194885 1299.339844 0 133 112
v 1562.468994 960.361328 1303.717773 0 133 112
v 1576.831787 959.624329 1307.737305 0 133 112
v 1576.831787 963.218079 1303.717773 0 133 112
v 1576.831787 963.218079 1303.717773 0 133 112
v 1562.468994 960.361328 1303.717773 0 133 112
v 1563.844360 957.041016 1307.737305 0 133 112
v 1576.831787 955.579285 1311.302612 0 133 112
v 1576.831787 959.624329 1307.737305 0 133 112
v 1576.831787 959.624329 1307.737305 0 133 112
v 1563.844360 957.041016 1307.737305 0 133 112
v 1565.392334 953.303894 1311.302612 0 133 112
v 1576.831787 951.179810 1314.338501 0 133 112
v 1576.831787 955.579285 1311.302612 0 133 112
v 1576.831787 955.579285 1311.302612 0 133 112
v 1565.392334 953.303894 1311.302612 0 133 112
v 1567.075928 949.239319 1314.338501 0 133 112
v 1576.831787 946.477905 1316.825195 0 133 112
v 1576.831787 951.179810 1314.338501 0 133 112
v 1576.831787 951.179810 1314.338501 0 133 112
v 1567.075928 949.239319 1314.338501 0 133 112
v 1568.875244 944.895325 1316.825195 0 133 112
v 1576.831787 941.525574 1318.742188 0 133 112
v 1576.831787 946.477905 1316.825195 0 133 112
v 1576.831787 946.477905 1316.825195 0 133 112
v 1568.875244 944.895325 1316.825195 0 133 112
v 1570.770508 940.320007 1318.742188 0 133 112
v 1576.831787 936.374878 1320.069336 0 133 112
v 1576.831787 941.525574 1318.742188 0 133 112
v 1576.831787 941.525574 1318.742188 0 133 112
v 1570.770508 940.320007 1318.742188 0 133 112
v 1572.741455 935.561401 1320.069336 0 133 112
v 1576.831787 931.078003 1320.786987 0 133 112
v 1576.831787 936.374878 1320.069336 0 133 112
v 1576.831787 936.374878 1320.069336 0 133 112
v 1572.741455 935.561401 1320.069336 0 133 112
v 1574.768555 930.667725 1320.786987 0 133 112
v 1576.831787 925.686829 1320.874634 0 133 112
v 1576.831787 925.686829 1320.874634 0 133 112
v 1576.831787 931.078003 1320.786987 0 133 112
v 1576.831787 931.078003 1320.786987 0 133 112
v 1574.768555 930.667725 1320.786987 0 133 112
v 1576.831787 925.686829 1320.874634 0 133 112
v 1576.831543 925.526611 0.000000 0 133 112
v 1576.831787 925.686829 1320.874634 0 133 112
v 1576.831787 925.686829 1320.874634 0 133 112
v 1576.831787 925.686829 1320.874634 0 133 112
v 1576.892822 925.538818 0.000000 0 133 112
v 1576.831543 965.260803 0.000000 0 133 112
v 1576.831543 925.526611 0.000000 0 133 112
v 1576.831543 925.526611 0.000000 0 133 112
v 1576.892822 925.538818 0.000000 0 133 112
v 1561.687134 962.248413 0.000000 0 133 112
v 1576.831787 965.259521 1230.105469 0 133 112
v 1576.831543 965.260803 0.000000 0 133 112
v 1576.831543 965.260803 0.000000 0 133 112
v 1561.687134 962.248413 0.000000 0 133 112
v 1561.687866 962.247314 1230.105469 0 133 112
v 1576.831787 965.197021 1230.390137 0 133 112
v 1576.831787 965.259521 1230.105469 0 133 112
v 1576.831787 965.259521 1230.105469 0 133 112
v 1561.687866 962.247314 1230.105469 0 133 112
v 1561.711792 962.189514 1230.390137 0 133 112
v 1576.831787 965.117371 1230.661865 0 133 112
v 1576.831787 965.197021 1230.390137 0 133 112
v 1576.831787 965.197021 1230.390137 0 133 112
v 1561.711792 962.189514 1230.390137 0 133 112
v 1561.742188 962.116028 1230.661865 0 133 112
v 1576.831787 965.022522 1230.924072 0 133 112
v 1576.831787 965.117371 1230.661865 0 133 112
v 1576.831787 965.117371 1230.661865 0 133 112
v 1561.742188 962.116028 1230.661865 0 133 112
v 1561.778564 962.028320 1230.924072 0 133 112
v 1576.831787 964.913879 1231.180176 0 133 112
v 1576.831787 965.022522 1230.924072 0 133 112
v 1576.831787 965.022522 1230.924072 0 133 112
v 1561.778564 962.028320 1230.924072 0 133 112
v 1561.820068 961.927917 1231.180176 0 133 112
v 1576.831787 964.793030 1231.433105 0 133 112
v 1576.831787 964.913879 1231.180176 0 133 112
v 1576.831787 964.913879 1231.180176 0 133 112
v 1561.820068 961.927917 1231.180176 0 133 112
v 1561.866455 961.816284 1231.433105 0 133 112
v 1576.831787 964.661682 1231.686279 0 133 112
v 1576.831787 964.793030 1231.433105 0 133 112
v 1576.831787 964.793030 1231.433105 0 133 112
v 1561.866455 961.816284 1231.433105 0 133 112
v 1561.916626 961.694885 1231.686279 0 133 112
v 1576.831787 964.521423 1231.942993 0 133 112
v 1576.831787 964.661682 1231.686279 0 133 112
v 1576.831787 964.661682 1231.686279 0 133 112
v 1561.916626 961.694885 1231.686279 0 133 112
v 1561.970215 961.565430 1231.942993 0 133 112
v 1576.831787 964.371399 1232.198730 0 133 112
v 1576.831787 964.521423 1231.942993 0 133 112
v 1576.831787 964.521423 1231.942993 0 133 112
v 1561.970215 961.565430 1231.942993 0 133 112
v 1562.027710 961.426819 1232.198730 0 133 112
v 1576.831787 964.209778 1232.447021 0 133 112
v 1576.831787 964.371399 1232.198730 0 133 112
v 1576.831787 964.371399 1232.198730 0 133 112
v 1562.027710 961.426819 1232.198730 0 133 112
v 1562.089600 961.277527 1232.447021 0 133 112
v 1576.831787 964.036987 1232.687256 0 133 112
v 1576.831787 964.209778 1232.447021 0 133 112
v 1576.831787 964.209778 1232.447021 0 133 112
v 1562.089600 961.277527 1232.447021 0 133 112
v 1562.155762 961.117920 1232.687256 0 133 112
v 1576.831787 963.853271 1232.919189 0 133 112
v 1576.831787 964.036987 1232.687256 0 133 112
v 1576.831787 964.036987 1232.687256 0 133 112
v 1562.155762 961.117920 1232.687256 0 133 112
v 1562.226074 960.948120 1232.919189 0 133 112
v 1576.831787 963.658875 1233.142334 0 133 112
v 1576.831787 963.853271 1232.919189 0 133 112
v 1576.831787 963.853271 1232.919189 0 133 112
v 1562.226074 960.948120 1232.919189 0 133 112
v 1562.300293 960.768616 1233.142334 0 133 112
v 1576.831787 963.454285 1233.356323 0 133 112
v 1576.831787 963.658875 1233.142334 0 133 112
v 1576.831787 963.658875 1233.142334 0 133 112
v 1562.300293 960.768616 1233.142334 0 133 112
v 1562.378662 960.579407 1233.356323 0 133 112
v 1576.831787 963.239624 1233.560791 0 133 112
v 1576.831787 963.454285 1233.356323 0 133 112
v 1576.831787 963.454285 1233.356323 0 133 112
v 1562.378662 960.579407 1233.356323 0 133 112
v 1562.460938 960.380981 1233.560791 0 133 112
v 1576.831787 963.015381 1233.755127 0 133 112
v 1576.831787 963.239624 1233.560791 0 133 112
v 1576.831787 963.239624 1233.560791 0 133 112
v 1562.460938 960.380981 1233.560791 0 133 112
v 1562.546631 960.174011 1233.755127 0 133 112
v 1576.831787 962.782471 1233.938599 0 133 112
v 1576.831787 963.015381 1233.755127 0 133 112
v 1576.831787 963.015381 1233.755127 0 133 112
v 1562.546631 960.174011 1233.755127 0 133 112
v 1562.635742 959.958923 1233.938599 0 133 112
v 1576.831787 962.541504 1234.110840 0 133 112
v 1576.831787 962.782471 1233.938599 0 133 112
v 1576.831787 962.782471 1233.938599 0 133 112
v 1562.635742 959.958923 1233.938599 0 133 112
v 1562.728027 959.736084 1234.110840 0 133 112
v 1576.831787 962.292725 1234.271729 0 133 112
v 1576.831787 962.541504 1234.110840 0 133 112
v 1576.831787 962.541504 1234.110840 0 133 112
v 1562.728027 959.736084 1234.110840 0 133 112
v 1562.823242 959.506287 1234.271729 0 133 112
v 1576.831787 962.036682 1234.420898 0 133 112
v 1576.831787 962.292725 1234.271729 0 133 112
v 1576.831787 962.292725 1234.271729 0 133 112
v 1562.823242 959.506287 1234.271729 0 133 112
v 1562.921143 959.269775 1234.420898 0 133 112
v 1576.831787 961.773926 1234.558105 0 133 112
v 1576.831787 962.036682 1234.420898 0 133 112
v 1576.831787 962.036682 1234.420898 0 133 112
v 1562.921143 959.269775 1234.420898 0 133 112
v 1563.021729 959.026978 1234.558105 0 133 112
v 1576.831787 961.504883 1234.683105 0 133 112
v 1576.831787 961.773926 1234.558105 0 133 112
v 1576.831787 961.773926 1234.558105 0 133 112
v 1563.021729 959.026978 1234.558105 0 133 112
v 1563.124756 958.778381 1234.683105 0 133 112
v 1576.831787 961.152222 1234.834229 0 133 112
v 1576.831787 961.504883 1234.683105 0 133 112
v 1576.831787 961.504883 1234.683105 0 133 112
v 1563.124756 958.778381 1234.683105 0 133 112
v 1563.259644 958.452576 1234.834229 0 133 112
v 1576.831787 960.850708 1234.980591 0 133 112
v 1576.831787 961.152222 1234.834229 0 133 112
v 1576.831787 961.152222 1234.834229 0 133 112
v 1563.259644 958.452576 1234.834229 0 133 112
v 1563.375000 958.174072 1234.980591 0 133 112
v 1576.831787 960.584717 1235.131592 0 133 112
v 1576.831787 960.850708 1234.980591 0 133 112
v 1576.831787 960.850708 1234.980591 0 133 112
v 1563.375000 958.174072 1234.980591 0 133 112
v 1563.476807 957.928284 1235.131592 0 133 112
v 1576.831787 960.338684 1235.296387 0 133 112
v 1576.831787 960.584717 1235.131592 0 133 112
v 1576.831787 960.584717 1235.131592 0 133 112
v 1563.476807 957.928284 1235.131592 0 133 112
v 1563.571045 957.700989 1235.296387 0 133 112
v 1576.831787 960.096924 1235.484863 0 133 112
v 1576.831787 960.338684 1235.296387 0 133 112
v 1576.831787 960.338684 1235.296387 0 133 112
v 1563.571045 957.700989 1235.296387 0 133 112
v 1563.663574 957.477600 1235.484863 0 133 112
v 1576.831787 959.843811 1235.705566 0 133 112
v 1576.831787 960.096924 1235.484863 0 133 112
v 1576.831787 960.096924 1235.484863 0 133 112
v 1563.663574 957.477600 1235.484863 0 133 112
v 1563.760376 957.243774 1235.705566 0 133 112
v 1576.831787 959.563721 1235.968506 0 133 112
v 1576.831787 959.843811 1235.705566 0 133 112
v 1576.831787 959.843811 1235.705566 0 133 112
v 1563.760376 957.243774 1235.705566 0 133 112
v 1563.867554 956.984985 1235.968506 0 133 112
v 1576.831787 959.273071 1236.262695 0 133 112
v 1576.831787 959.563721 1235.968506 0 133 112
v 1576.831787 959.563721 1235.968506 0 133 112
v 1563.867554 956.984985 1235.968506 0 133 112
v 1563.978760 956.716614 1236.262695 0 133 112
v 1576.831787 958.999390 1236.571777 0 133 112
v 1576.831787 959.273071 1236.262695 0 133 112
v 1576.831787 959.273071 1236.262695 0 133 112
v 1563.978760 956.716614 1236.262695 0 133 112
v 1564.083496 956.463623 1236.571777 0 133 112
v 1576.831787 958.742981 1236.894775 0 133 112
v 1576.831787 958.999390 1236.571777 0 133 112
v 1576.831787 958.999390 1236.571777 0 133 112
v 1564.083496 956.463623 1236.571777 0 133 112
v 1564.181641 956.226685 1236.894775 0 133 112
v 1576.831787 958.504395 1237.230957 0 133 112
v 1576.831787 958.742981 1236.894775 0 133 112
v 1576.831787 958.742981 1236.894775 0 133 112
v 1564.181641 956.226685 1236.894775 0 133 112
v 1564.272949 956.006287 1237.230957 0 133 112
v 1576.831787 958.284180 1237.579590 0 133 112
v 1576.831787 958.504395 1237.230957 0 133 112
v 1576.831787 958.504395 1237.230957 0 133 112
v 1564.272949 956.006287 1237.230957 0 133 112
v 1564.357178 955.802917 1237.579590 0 133 112
v 1576.831787 958.082886 1237.940186 0 133 112
v 1576.831787 958.284180 1237.579590 0 133 112
v 1576.831787 958.284180 1237.579590 0 133 112
v 1564.357178 955.802917 1237.579590 0 133 112
v 1564.434326 955.616882 1237.940186 0 133 112
v 1576.831787 957.901001 1238.311646 0 133 112
v 1576.831787 958.082886 1237.940186 0 133 112
v 1576.831787 958.082886 1237.940186 0 133 112
v 1564.434326 955.616882 1237.940186 0 133 112
v 1564.503906 955.448914 1238.311646 0 133 112
v 1576.831787 957.739502 1238.692383 0 133 112
v 1576.831787 957.901001 1238.311646 0 133 112
v 1576.831787 957.901001 1238.311646 0 133 112
v 1564.503906 955.448914 1238.311646 0 133 112
v 1564.565674 955.299683 1238.692383 0 133 112
v 1576.831787 957.598999 1239.080566 0 133 112
v 1576.831787 957.739502 1238.692383 0 133 112
v 1576.831787 957.739502 1238.692383 0 133 112
v 1564.565674 955.299683 1238.692383 0 133 112
v 1564.619385 955.169922 1239.080566 0 133 112
v 1576.831787 957.479675 1239.475342 0 133 112
v 1576.831787 957.598999 1239.080566 0 133 112
v 1576.831787 957.598999 1239.080566 0 133 112
v 1564.619385 955.169922 1239.080566 0 133 112
v 1564.665039 955.059692 1239.475342 0 133 112
v 1576.831787 957.382019 1239.875732 0 133 112
v 1576.831787 957.479675 1239.475342 0 133 112
v 1576.831787 957.479675 1239.475342 0 133 112
v 1564.665039 955.059692 1239.475342 0 133 112
v 1564.702393 954.969421 1239.875732 0 133 112
v 1576.831787 957.305908 1240.281250 0 133 112
v 1576.831787 957.382019 1239.875732 0 133 112
v 1576.831787 957.382019 1239.875732 0 133 112
v 1564.702393 954.969421 1239.875732 0 133 112
v 1564.731567 954.899109 1240.281250 0 133 112
v 1576.831787 957.251770 1240.690430 0 133 112
v 1576.831787 957.305908 1240.281250 0 133 112
v 1576.831787 957.305908 1240.281250 0 133 112
v 1564.731567 954.899109 1240.281250 0 133 112
v 1564.752319 954.849121 1240.690430 0 133 112
v 1564.764648 954.819397 1241.102783 0 133 112
v 1576.831787 957.219727 1241.102783 0 133 112
v 1576.831787 957.251770 1240.690430 0 133 112
v 1576.831787 957.251770 1240.690430 0 133 112
v 1564.752319 954.849121 1240.690430 0 133 112
v 1564.764648 954.819397 1241.102783 0 133 112
v 1563.281982 958.398682 1244.853027 0 133 112
v 1564.764648 954.819397 1241.102783 0 133 112
v 1564.764648 954.819397 1241.102783 0 133 112
v 1551.795044 950.723389 1244.853027 0 133 112
v 1561.990479 961.516602 1248.998291 0 133 112
v 1563.281982 958.398682 1244.853027 0 133 112
v 1563.281982 958.398682 1244.853027 0 133 112
v 1551.795044 950.723389 1244.853027 0 133 112
v 1549.408691 953.109680 1248.998291 0 133 112
v 1560.899414 964.150513 1253.488525 0 133 112
v 1561.990479 961.516602 1248.998291 0 133 112
v 1561.990479 961.516602 1248.998291 0 133 112
v 1549.408691 953.109680 1248.998291 0 133 112
v 1547.392822 955.125671 1253.488525 0 133 112
v 1560.018066 966.278320 1258.273682 0 133 112
v 1560.899414 964.150513 1253.488525 0 133 112
v 1560.899414 964.150513 1253.488525 0 133 112
v 1547.392822 955.125671 1253.488525 0 133 112
v 1545.764404 956.754211 1258.273682 0 133 112
v 1559.355713 967.877380 1263.302979 0 133 112
v 1560.018066 966.278320 1258.273682 0 133 112
v 1560.018066 966.278320 1258.273682 0 133 112
v 1545.764404 956.754211 1258.273682 0 133 112
v 1544.540283 957.978088 1263.302979 0 133 112
v 1558.921631 968.925720 1268.526611 0 133 112
v 1559.355713 967.877380 1263.302979 0 133 112
v 1559.355713 967.877380 1263.302979 0 133 112
v 1544.540283 957.978088 1263.302979 0 133 112
v 1543.738037 958.780518 1268.526611 0 133 112
v 1558.724854 969.400574 1273.893921 0 133 112
v 1558.921631 968.925720 1268.526611 0 133 112
v 1558.921631 968.925720 1268.526611 0 133 112
v 1543.738037 958.780518 1268.526611 0 133 112
v 1543.374634 959.143921 1273.893921 0 133 112
v 1558.772949 969.284302 1279.284424 0 133 112
v 1558.724854 969.400574 1273.893921 0 133 112
v 1558.724854 969.400574 1273.893921 0 133 112
v 1543.374634 959.143921 1273.893921 0 133 112
v 1543.463623 959.054871 1279.284424 0 133 112
v 1559.062012 968.586670 1284.576172 0 133 112
v 1558.772949 969.284302 1279.284424 0 133 112
v 1558.772949 969.284302 1279.284424 0 133 112
v 1543.463623 959.054871 1279.284424 0 133 112
v 1543.997559 958.520996 1284.576172 0 133 112
v 1559.583984 967.326599 1289.717285 0 133 112
v 1559.062012 968.586670 1284.576172 0 133 112
v 1559.062012 968.586670 1284.576172 0 133 112
v 1543.997559 958.520996 1284.576172 0 133 112
v 1544.961914 957.556580 1289.717285 0 133 112
v 1560.331055 965.523071 1294.655762 0 133 112
v 1559.583984 967.326599 1289.717285 0 133 112
v 1559.583984 967.326599 1289.717285 0 133 112
v 1544.961914 957.556580 1289.717285 0 133 112
v 1546.342285 956.176208 1294.655762 0 133 112
v 1561.295410 963.194885 1299.339844 0 133 112
v 1560.331055 965.523071 1294.655762 0 133 112
v 1560.331055 965.523071 1294.655762 0 133 112
v 1546.342285 956.176208 1294.655762 0 133 112
v 1548.124268 954.394287 1299.339844 0 133 112
v 1562.468994 960.361328 1303.717773 0 133 112
v 1561.295410 963.194885 1299.339844 0 133 112
v 1561.295410 963.194885 1299.339844 0 133 112
v 1548.124268 954.394287 1299.339844 0 133 112
v 1550.292969 952.225525 1303.717773 0 133 112
v 1563.844360 957.041016 1307.737305 0 133 112
v 1562.468994 960.361328 1303.717773 0 133 112
v 1562.468994 960.361328 1303.717773 0 133 112
v 1550.292969 952.225525 1303.717773 0 133 112
v 1552.834229 949.684326 1307.737305 0 133 112
v 1565.392334 953.303894 1311.302612 0 133 112
v 1563.844360 957.041016 1307.737305 0 133 112
v 1563.844360 957.041016 1307.737305 0 133 112
v 1552.834229 949.684326 1307.737305 0 133 112
v 1555.694458 946.824097 1311.302612 0 133 112
v 1567.075928 949.239319 1314.338501 0 133 112
v 1565.392334 953.303894 1311.302612 0 133 112
v 1565.392334 953.303894 1311.302612 0 133 112
v 1555.694458 946.824097 1311.302612 0 133 112
v 1558.805420 943.713196 1314.338501 0 133 112
v 1568.875244 944.895325 1316.825195 0 133 112
v 1567.075928 949.239319 1314.338501 0 133 112
v 1567.075928 949.239319 1314.338501 0 133 112
v 1558.805420 943.713196 1314.338501 0 133 112
v 1562.130127 940.388428 1316.825195 0 133 112
v 1570.770508 940.320007 1318.742188 0 133 112
v 1568.875244 944.895325 1316.825195 0 133 112
v 1568.875244 944.895325 1316.825195 0 133 112
v 1562.130127 940.388428 1316.825195 0 133 112
v 1565.631958 936.886597 1318.742188 0 133 112
v 1572.741455 935.561401 1320.069336 0 133 112
v 1570.770508 940.320007 1318.742188 0 133 112
v 1570.770508 940.320007 1318.742188 0 133 112
v 1565.631958 936.886597 1318.742188 0 133 112
v 1569.274048 933.244507 1320.069336 0 133 112
v 1574.768555 930.667725 1320.786987 0 133 112
v 1572.741455 935.561401 1320.069336 0 133 112
v 1572.741455 935.561401 1320.069336 0 133 112
v 1569.274048 933.244507 1320.069336 0 133 112
v 1573.019531 929.499023 1320.786987 0 133 112
v 1576.831787 925.686829 1320.874634 0 133 112
v 1574.768555 930.667725 1320.786987 0 133 112
v 1574.768555 930.667725 1320.786987 0 133 112
v 1573.019531 929.499023 1320.786987 0 133 112
v 1576.831665 925.686890 1320.874634 0 133 112
v 1576.892822 925.538818 0.000000 0 133 112
v 1576.831787 925.686829 1320.874634 0 133 112
v 1576.831787 925.686829 1320.874634 0 133 112
v 1576.831665 925.686890 1320.874634 0 133 112
v 1576.944702 925.573425 0.000000 0 133 112
v 1561.687134 962.248413 0.000000 0 133 112
v 1576.892822 925.538818 0.000000 0 133 112
v 1576.892822 925.538818 0.000000 0 133 112
v 1576.944702 925.573425 0.000000 0 133 112
v 1548.848389 953.669678 0.000000 0 133 112
v 1561.687866 962.247314 1230.105469 0 133 112
v 1561.687134 962.248413 0.000000 0 133 112
v 1561.687134 962.248413 0.000000 0 133 112
v 1548.848389 953.669678 0.000000 0 133 112
v 1548.849487 953.669006 1230.105469 0 133 112
v 1561.711792 962.189514 1230.390137 0 133 112
v 1561.687866 962.247314 1230.105469 0 133 112
v 1561.687866 962.247314 1230.105469 0 133 112
v 1548.849487 953.669006 1230.105469 0 133 112
v 1548.893799 953.624817 1230.390137 0 133 112
v 1561.742188 962.116028 1230.661865 0 133 112
v 1561.711792 962.189514 1230.390137 0 133 112
v 1561.711792 962.189514 1230.390137 0 133 112
v 1548.893799 953.624817 1230.390137 0 133 112
v 1548.949951 953.568481 1230.661865 0 133 112
v 1561.778564 962.028320 1230.924072 0 133 112
v 1561.742188 962.116028 1230.661865 0 133 112
v 1561.742188 962.116028 1230.661865 0 133 112
v 1548.949951 953.568481 1230.661865 0 133 112
v 1549.017090 953.501404 1230.924072 0 133 112
v 1561.820068 961.927917 1231.180176 0 133 112
v 1561.778564 962.028320 1230.924072 0 133 112
v 1561.778564 962.028320 1230.924072 0 133 112
v 1549.017090 953.501404 1230.924072 0 133 112
v 1549.093994 953.424622 1231.180176 0 133 112
v 1561.866455 961.816284 1231.433105 0 133 112
v 1561.820068 961.927917 1231.180176 0 133 112
v 1561.820068 961.927917 1231.180176 0 133 112
v 1549.093994 953.424622 1231.180176 0 133 112
v 1549.179443 953.339172 1231.433105 0 133 112
v 1561.916626 961.694885 1231.686279 0 133 112
v 1561.866455 961.816284 1231.433105 0 133 112
v 1561.866455 961.816284 1231.433105 0 133 112
v 1549.179443 953.339172 1231.433105 0 133 112
v 1549.272217 953.246277 1231.686279 0 133 112
v 1561.970215 961.565430 1231.942993 0 133 112
v 1561.916626 961.694885 1231.686279 0 133 112
v 1561.916626 961.694885 1231.686279 0 133 112
v 1549.272217 953.246277 1231.686279 0 133 112
v 1549.371338 953.147095 1231.942993 0 133 112
v 1562.027710 961.426819 1232.198730 0 133 112
v 1561.970215 961.565430 1231.942993 0 133 112
v 1561.970215 961.565430 1231.942993 0 133 112
v 1549.371338 953.147095 1231.942993 0 133 112
v 1549.477539 953.041016 1232.198730 0 133 112
v 1562.089600 961.277527 1232.447021 0 133 112
v 1562.027710 961.426819 1232.198730 0 133 112
v 1562.027710 961.426819 1232.198730 0 133 112
v 1549.477539 953.041016 1232.198730 0 133 112
v 1549.591797 952.926819 1232.447021 0 133 112
v 1562.155762 961.117920 1232.687256 0 133 112
v 1562.089600 961.277527 1232.447021 0 133 112
v 1562.089600 961.277527 1232.447021 0 133 112
v 1549.591797 952.926819 1232.447021 0 133 112
v 1549.713867 952.804626 1232.687256 0 133 112
v 1562.226074 960.948120 1232.919189 0 133 112
v 1562.155762 961.117920 1232.687256 0 133 112
v 1562.155762 961.117920 1232.687256 0 133 112
v 1549.713867 952.804626 1232.687256 0 133 112
v 1549.843872 952.674683 1232.919189 0 133 112
v 1562.300293 960.768616 1233.142334 0 133 112
v 1562.226074 960.948120 1232.919189 0 133 112
v 1562.226074 960.948120 1232.919189 0 133 112
v 1549.843872 952.674683 1232.919189 0 133 112
v 1549.981201 952.537170 1233.142334 0 133 112
v 1562.378662 960.579407 1233.356323 0 133 112
v 1562.300293 960.768616 1233.142334 0 133 112
v 1562.300293 960.768616 1233.142334 0 133 112
v 1549.981201 952.537170 1233.142334 0 133 112
v 1550.125977 952.392517 1233.356323 0 133 112
v 1562.460938 960.380981 1233.560791 0 133 112
v 1562.378662 960.579407 1233.356323 0 133 112
v 1562.378662 960.579407 1233.356323 0 133 112
v 1550.125977 952.392517 1233.356323 0 133 112
v 1550.277832 952.240723 1233.560791 0 133 112
v 1562.546631 960.174011 1233.755127 0 133 112
v 1562.460938 960.380981 1233.560791 0 133 112
v 1562.460938 960.380981 1233.560791 0 133 112
v 1550.277832 952.240723 1233.560791 0 133 112
v 1550.436279 952.082214 1233.755127 0 133 112
v 1562.635742 959.958923 1233.938599 0 133 112
v 1562.546631 960.174011 1233.755127 0 133 112
v 1562.546631 960.174011 1233.755127 0 133 112
v 1550.436279 952.082214 1233.755127 0 133 112
v 1550.601074 951.917480 1233.938599 0 133 112
v 1562.728027 959.736084 1234.110840 0 133 112
v 1562.635742 959.958923 1233.938599 0 133 112
v 1562.635742 959.958923 1233.938599 0 133 112
v 1550.601074 951.917480 1233.938599 0 133 112
v 1550.771484 951.747070 1234.110840 0 133 112
v 1562.823242 959.506287 1234.271729 0 133 112
v 1562.728027 959.736084 1234.110840 0 133 112
v 1562.728027 959.736084 1234.110840 0 133 112
v 1550.771484 951.747070 1234.110840 0 133 112
v 1550.947388 951.571228 1234.271729 0 133 112
v 1562.921143 959.269775 1234.420898 0 133 112
v 1562.823242 959.506287 1234.271729 0 133 112
v 1562.823242 959.506287 1234.271729 0 133 112
v 1550.947388 951.571228 1234.271729 0 133 112
v 1551.128418 951.390076 1234.420898 0 133 112
v 1563.021729 959.026978 1234.558105 0 133 112
v 1562.921143 959.269775 1234.420898 0 133 112
v 1562.921143 959.269775 1234.420898 0 133 112
v 1551.128418 951.390076 1234.420898 0 133 112
v 1551.314209 951.204285 1234.558105 0 133 112
v 1563.124756 958.778381 1234.683105 0 133 112
v 1563.021729 959.026978 1234.558105 0 133 112
v 1563.021729 959.026978 1234.558105 0 133 112
v 1551.314209 951.204285 1234.558105 0 133 112
v 1551.504395 951.014099 1234.683105 0 133 112
v 1563.259644 958.452576 1234.834229 0 133 112
v 1563.124756 958.778381 1234.683105 0 133 112
v 1563.124756 958.778381 1234.683105 0 133 112
v 1551.504395 951.014099 1234.683105 0 133 112
v 1551.753906 950.764709 1234.834229 0 133 112
v 1563.375000 958.174072 1234.980591 0 133 112
v 1563.259644 958.452576 1234.834229 0 133 112
v 1563.259644 958.452576 1234.834229 0 133 112
v 1551.753906 950.764709 1234.834229 0 133 112
v 1551.967041 950.551514 1234.980591 0 133 112
v 1563.476807 957.928284 1235.131592 0 133 112
v 1563.375000 958.174072 1234.980591 0 133 112
v 1563.375000 958.174072 1234.980591 0 133 112
v 1551.967041 950.551514 1234.980591 0 133 112
v 1552.155029 950.363403 1235.131592 0 133 112
v 1563.571045 957.700989 1235.296387 0 133 112
v 1563.476807 957.928284 1235.131592 0 133 112
v 1563.476807 957.928284 1235.131592 0 133 112
v 1552.155029 950.363403 1235.131592 0 133 112
v 1552.329102 950.189514 1235.296387 0 133 112
v 1563.663574 957.477600 1235.484863 0 133 112
v 1563.571045 957.700989 1235.296387 0 133 112
v 1563.571045 957.700989 1235.296387 0 133 112
v 1552.329102 950.189514 1235.296387 0 133 112
v 1552.500000 950.018494 1235.484863 0 133 112
v 1563.760376 957.243774 1235.705566 0 133 112
v 1563.663574 957.477600 1235.484863 0 133 112
v 1563.663574 957.477600 1235.484863 0 133 112
v 1552.500000 950.018494 1235.484863 0 133 112
v 1552.678955 949.839478 1235.705566 0 133 112
v 1563.867554 956.984985 1235.968506 0 133 112
v 1563.760376 957.243774 1235.705566 0 133 112
v 1563.760376 957.243774 1235.705566 0 133 112
v 1552.678955 949.839478 1235.705566 0 133 112
v 1552.877075 949.641418 1235.968506 0 133 112
v 1563.978760 956.716614 1236.262695 0 133 112
v 1563.867554 956.984985 1235.968506 0 133 112
v 1563.867554 956.984985 1235.968506 0 133 112
v 1552.877075 949.641418 1235.968506 0 133 112
v 1553.082520 949.435974 1236.262695 0 133 112
v 1564.083496 956.463623 1236.571777 0 133 112
v 1563.978760 956.716614 1236.262695 0 133 112
v 1563.978760 956.716614 1236.262695 0 133 112
v 1553.082520 949.435974 1236.262695 0 133 112
v 1553.276123 949.242371 1236.571777 0 133 112
v 1564.181641 956.226685 1236.894775 0 133 112
v 1564.083496 956.463623 1236.571777 0 133 112
v 1564.083496 956.463623 1236.571777 0 133 112
v 1553.276123 949.242371 1236.571777 0 133 112
v 1553.457520 949.061096 1236.894775 0 133 112
v 1564.272949 956.006287 1237.230957 0 133 112
v 1564.181641 956.226685 1236.894775 0 133 112
v 1564.181641 956.226685 1236.894775 0 133 112
v 1553.457520 949.061096 1236.894775 0 133 112
v 1553.626099 948.892395 1237.230957 0 133 112
v 1564.357178 955.802917 1237.579590 0 133 112
v 1564.272949 956.006287 1237.230957 0 133 112
v 1564.272949 956.006287 1237.230957 0 133 112
v 1553.626099 948.892395 1237.230957 0 133 112
v 1553.781738 948.736694 1237.579590 0 133 112
v 1564.434326 955.616882 1237.940186 0 133 112
v 1564.357178 955.802917 1237.579590 0 133 112
v 1564.357178 955.802917 1237.579590 0 133 112
v 1553.781738 948.736694 1237.579590 0 133 112
v 1553.924072 948.594421 1237.940186 0 133 112
v 1564.503906 955.448914 1238.311646 0 133 112
v 1564.434326 955.616882 1237.940186 0 133 112
v 1564.434326 955.616882 1237.940186 0 133 112
v 1553.924072 948.594421 1237.940186 0 133 112
v 1554.052734 948.465820 1238.311646 0 133 112
v 1564.565674 955.299683 1238.692383 0 133 112
v 1564.503906 955.448914 1238.311646 0 133 112
v 1564.503906 955.448914 1238.311646 0 133 112
v 1554.052734 948.465820 1238.311646 0 133 112
v 1554.166992 948.351624 1238.692383 0 133 112
v 1564.619385 955.169922 1239.080566 0 133 112
v 1564.565674 955.299683 1238.692383 0 133 112
v 1564.565674 955.299683 1238.692383 0 133 112
v 1554.166992 948.351624 1238.692383 0 133 112
v 1554.266357 948.252197 1239.080566 0 133 112
v 1564.665039 955.059692 1239.475342 0 133 112
v 1564.619385 955.169922 1239.080566 0 133 112
v 1564.619385 955.169922 1239.080566 0 133 112
v 1554.266357 948.252197 1239.080566 0 133 112
v 1554.350586 948.167908 1239.475342 0 133 112
v 1564.702393 954.969421 1239.875732 0 133 112
v 1564.665039 955.059692 1239.475342 0 133 112
v 1564.665039 955.059692 1239.475342 0 133 112
v 1554.350586 948.167908 1239.475342 0 133 112
v 1554.419678 948.098816 1239.875732 0 133 112
v 1564.731567 954.899109 1240.281250 0 133 112
v 1564.702393 954.969421 1239.875732 0 133 112
v 1564.702393 954.969421 1239.875732 0 133 112
v 1554.419678 948.098816 1239.875732 0 133 112
v 1554.473633 948.044983 1240.281250 0 133 112
v 1564.752319 954.849121 1240.690430 0 133 112
v 1564.731567 954.899109 1240.281250 0 133 112
v 1564.731567 954.899109 1240.281250 0 133 112
v 1554.473633 948.044983 1240.281250 0 133 112
v 1554.511963 948.006714 1240.690430 0 133 112
v 1554.534546 947.983887 1241.102783 0 133 112
v 1564.764648 954.819397 1241.102783 0 133 112
v 1564.752319 954.849121 1240.690430 0 133 112
v 1564.752319 954.849121 1240.690430 0 133 112
v 1554.511963 948.006714 1240.690430 0 133 112
v 1554.534546 947.983887 1241.102783 0 133 112
v 1551.795044 950.723389 1244.853027 0 133 112
v 1554.534546 947.983887 1241.102783 0 133 112
v 1554.534546 947.983887 1241.102783 0 133 112
v 1544.119629 939.236572 1244.853027 0 133 112
v 1549.408691 953.109680 1248.998291 0 133 112
v 1551.795044 950.723389 1244.853027 0 133 112
v 1551.795044 950.723389 1244.853027 0 133 112
v 1544.119629 939.236572 1244.853027 0 133 112
v 1541.001953 940.528015 1248.998291 0 133 112
v 1547.392822 955.125671 1253.488525 0 133 112
v 1549.408691 953.109680 1248.998291 0 133 112
v 1549.408691 953.109680 1248.998291 0 133 112
v 1541.001953 940.528015 1248.998291 0 133 112
v 1538.367920 941.619080 1253.488525 0 133 112
v 1545.764404 956.754211 1258.273682 0 133 112
v 1547.392822 955.125671 1253.488525 0 133 112
v 1547.392822 955.125671 1253.488525 0 133 112
v 1538.367920 941.619080 1253.488525 0 133 112
v 1536.240234 942.500427 1258.273682 0 133 112
v 1544.540283 957.978088 1263.302979 0 133 112
v 1545.764404 956.754211 1258.273682 0 133 112
v 1545.764404 956.754211 1258.273682 0 133 112
v 1536.240234 942.500427 1258.273682 0 133 112
v 1534.640991 943.162781 1263.302979 0 133 112
v 1543.738037 958.780518 1268.526611 0 133 112
v 1544.540283 957.978088 1263.302979 0 133 112
v 1544.540283 957.978088 1263.302979 0 133 112
v 1534.640991 943.162781 1263.302979 0 133 112
v 1533.592773 943.596985 1268.526611 0 133 112
v 1543.374634 959.143921 1273.893921 0 133 112
v 1543.738037 958.780518 1268.526611 0 133 112
v 1543.738037 958.780518 1268.526611 0 133 112
v 1533.592773 943.596985 1268.526611 0 133 112
v 1533.117920 943.793701 1273.893921 0 133 112
v 1543.463623 959.054871 1279.284424 0 133 112
v 1543.374634 959.143921 1273.893921 0 133 112
v 1543.374634 959.143921 1273.893921 0 133 112
v 1533.117920 943.793701 1273.893921 0 133 112
v 1533.234131 943.745483 1279.284424 0 133 112
v 1543.997559 958.520996 1284.576172 0 133 112
v 1543.463623 959.054871 1279.284424 0 133 112
v 1543.463623 959.054871 1279.284424 0 133 112
v 1533.234131 943.745483 1279.284424 0 133 112
v 1533.931763 943.456604 1284.576172 0 133 112
v 1544.961914 957.556580 1289.717285 0 133 112
v 1543.997559 958.520996 1284.576172 0 133 112
v 1543.997559 958.520996 1284.576172 0 133 112
v 1533.931763 943.456604 1284.576172 0 133 112
v 1535.191895 942.934570 1289.717285 0 133 112
v 1546.342285 956.176208 1294.655762 0 133 112
v 1544.961914 957.556580 1289.717285 0 133 112
v 1544.961914 957.556580 1289.717285 0 133 112
v 1535.191895 942.934570 1289.717285 0 133 112
v 1536.995361 942.187622 1294.655762 0 133 112
v 1548.124268 954.394287 1299.339844 0 133 112
v 1546.342285 956.176208 1294.655762 0 133 112
v 1546.342285 956.176208 1294.655762 0 133 112
v 1536.995361 942.187622 1294.655762 0 133 112
v 1539.323486 941.223328 1299.339844 0 133 112
v 1550.292969 952.225525 1303.717773 0 133 112
v 1548.124268 954.394287 1299.339844 0 133 112
v 1548.124268 954.394287 1299.339844 0 133 112
v 1539.323486 941.223328 1299.339844 0 133 112
v 1542.157227 940.049500 1303.717773 0 133 112
v 1552.834229 949.684326 1307.737305 0 133 112
v 1550.292969 952.225525 1303.717773 0 133 112
v 1550.292969 952.225525 1303.717773 0 133 112
v 1542.157227 940.049500 1303.717773 0 133 112
v 1545.477539 938.674194 1307.737305 0 133 112
v 1555.694458 946.824097 1311.302612 0 133 112
v 1552.834229 949.684326 1307.737305 0 133 112
v 1552.834229 949.684326 1307.737305 0 133 112
v 1545.477539 938.674194 1307.737305 0 133 112
v 1549.214600 937.126282 1311.302612 0 133 112
v 1558.805420 943.713196 1314.338501 0 133 112
v 1555.694458 946.824097 1311.302612 0 133 112
v 1555.694458 946.824097 1311.302612 0 133 112
v 1549.214600 937.126282 1311.302612 0 133 112
v 1553.279053 935.442627 1314.338501 0 133 112
v 1562.130127 940.388428 1316.825195 0 133 112
v 1558.805420 943.713196 1314.338501 0 133 112
v 1558.805420 943.713196 1314.338501 0 133 112
v 1553.279053 935.442627 1314.338501 0 133 112
v 1557.623169 933.643311 1316.825195 0 133 112
v 1565.631958 936.886597 1318.742188 0 133 112
v 1562.130127 940.388428 1316.825195 0 133 112
v 1562.130127 940.388428 1316.825195 0 133 112
v 1557.623169 933.643311 1316.825195 0 133 112
v 1562.198486 931.748230 1318.742188 0 133 112
v 1569.274048 933.244507 1320.069336 0 133 112
v 1565.631958 936.886597 1318.742188 0 133 112
v 1565.631958 936.886597 1318.742188 0 133 112
v 1562.198486 931.748230 1318.742188 0 133 112
v 1566.957031 929.777100 1320.069336 0 133 112
v 1573.019531 929.499023 1320.786987 0 133 112
v 1569.274048 933.244507 1320.069336 0 133 112
v 1569.274048 933.244507 1320.069336 0 133 112
v 1566.957031 929.777100 1320.069336 0 133 112
v 1571.850830 927.750000 1320.786987 0 133 112
v 1576.831665 925.686890 1320.874634 0 133 112
v 1576.831665 925.686890 1320.874634 0 133 112
v 1573.019531 929.499023 1320.786987 0 133 112
v 1573.019531 929.499023 1320.786987 0 133 112
v 1571.850830 927.750000 1320.786987 0 133 112
v 1576.831665 925.686890 1320.874634 0 133 112
v 1576.944702 925.573425 0.000000 0 133 112
v 1576.831665 925.686890 1320.874634 0 133 112
v 1576.831665 925.686890 1320.874634 0 133 112
v 1576.831665 925.686890 1320.874634 0 133 112
v 1576.979492 925.625305 0.000000 0 133 112
v 1548.848389 953.669678 0.000000 0 133 112
v 1576.944702 925.573425 0.000000 0 133 112
v 1576.944702 925.573425 0.000000 0 133 112
v 1576.979492 925.625305 0.000000 0 133 112
v 1540.269775 940.830872 0.000000 0 133 112
v 1548.849487 953.669006 1230.105469 0 133 112
v 1548.848389 953.669678 0.000000 0 133 112
v 1548.848389 953.669678 0.000000 0 133 112
v 1540.269775 940.830872 0.000000 0 133 112
v 1540.271240 940.830688 1230.105469 0 133 112
v 1548.893799 953.624817 1230.390137 0 133 112
v 1548.849487 953.669006 1230.105469 0 133 112
v 1548.849487 953.669006 1230.105469 0 133 112
v 1540.271240 940.830688 1230.105469 0 133 112
v 1540.328979 940.806824 1230.390137 0 133 112
v 1548.949951 953.568481 1230.661865 0 133 112
v 1548.893799 953.624817 1230.390137 0 133 112
v 1548.893799 953.624817 1230.390137 0 133 112
v 1540.328979 940.806824 1230.390137 0 133 112
v 1540.402466 940.776306 1230.661865 0 133 112
v 1549.017090 953.501404 1230.924072 0 133 112
v 1548.949951 953.568481 1230.661865 0 133 112
v 1548.949951 953.568481 1230.661865 0 133 112
v 1540.402466 940.776306 1230.661865 0 133 112
v 1540.490234 940.739990 1230.924072 0 133 112
v 1549.093994 953.424622 1231.180176 0 133 112
v 1549.017090 953.501404 1230.924072 0 133 112
v 1549.017090 953.501404 1230.924072 0 133 112
v 1540.490234 940.739990 1230.924072 0 133 112
v 1540.590576 940.698425 1231.180176 0 133 112
v 1549.179443 953.339172 1231.433105 0 133 112
v 1549.093994 953.424622 1231.180176 0 133 112
v 1549.093994 953.424622 1231.180176 0 133 112
v 1540.590576 940.698425 1231.180176 0 133 112
v 1540.702148 940.652222 1231.433105 0 133 112
v 1549.272217 953.246277 1231.686279 0 133 112
v 1549.179443 953.339172 1231.433105 0 133 112
v 1549.179443 953.339172 1231.433105 0 133 112
v 1540.702148 940.652222 1231.433105 0 133 112
v 1540.823486 940.601929 1231.686279 0 133 112
v 1549.371338 953.147095 1231.942993 0 133 112
v 1549.272217 953.246277 1231.686279 0 133 112
v 1549.272217 953.246277 1231.686279 0 133 112
v 1540.823486 940.601929 1231.686279 0 133 112
v 1540.953125 940.548279 1231.942993 0 133 112
v 1549.477539 953.041016 1232.198730 0 133 112
v 1549.371338 953.147095 1231.942993 0 133 112
v 1549.371338 953.147095 1231.942993 0 133 112
v 1540.953125 940.548279 1231.942993 0 133 112
v 1541.091675 940.490784 1232.198730 0 133 112
v 1549.591797 952.926819 1232.447021 0 133 112
v 1549.477539 953.041016 1232.198730 0 133 112
v 1549.477539 953.041016 1232.198730 0 133 112
v 1541.091675 940.490784 1232.198730 0 133 112
v 1541.240967 940.429016 1232.447021 0 133 112
v 1549.713867 952.804626 1232.687256 0 133 112
v 1549.591797 952.926819 1232.447021 0 133 112
v 1549.591797 952.926819 1232.447021 0 133 112
v 1541.240967 940.429016 1232.447021 0 133 112
v 1541.400635 940.362915 1232.687256 0 133 112
v 1549.843872 952.674683 1232.919189 0 133 112
v 1549.713867 952.804626 1232.687256 0 133 112
v 1549.713867 952.804626 1232.687256 0 133 112
v 1541.400635 940.362915 1232.687256 0 133 112
v 1541.570313 940.292480 1232.919189 0 133 112
v 1549.981201 952.537170 1233.142334 0 133 112
v 1549.843872 952.674683 1232.919189 0 133 112
v 1549.843872 952.674683 1232.919189 0 133 112
v 1541.570313 940.292480 1232.919189 0 133 112
v 1541.750000 940.218201 1233.142334 0 133 112
v 1550.125977 952.392517 1233.356323 0 133 112
v 1549.981201 952.537170 1233.142334 0 133 112
v 1549.981201 952.537170 1233.142334 0 133 112
v 1541.750000 940.218201 1233.142334 0 133 112
v 1541.938965 940.139771 1233.356323 0 133 112
v 1550.277832 952.240723 1233.560791 0 133 112
v 1550.125977 952.392517 1233.356323 0 133 112
v 1550.125977 952.392517 1233.356323 0 133 112
v 1541.938965 940.139771 1233.356323 0 133 112
v 1542.137451 940.057678 1233.560791 0 133 112
v 1550.436279 952.082214 1233.755127 0 133 112
v 1550.277832 952.240723 1233.560791 0 133 112
v 1550.277832 952.240723 1233.560791 0 133 112
v 1542.137451 940.057678 1233.560791 0 133 112
v 1542.344482 939.971924 1233.755127 0 133 112
v 1550.601074 951.917480 1233.938599 0 133 112
v 1550.436279 952.082214 1233.755127 0 133 112
v 1550.436279 952.082214 1233.755127 0 133 112
v 1542.344482 939.971924 1233.755127 0 133 112
v 1542.559570 939.882813 1233.938599 0 133 112
v 1550.771484 951.747070 1234.110840 0 133 112
v 1550.601074 951.917480 1233.938599 0 133 112
v 1550.601074 951.917480 1233.938599 0 133 112
v 1542.559570 939.882813 1233.938599 0 133 112
v 1542.782349 939.790527 1234.110840 0 133 112
v 1550.947388 951.571228 1234.271729 0 133 112
v 1550.771484 951.747070 1234.110840 0 133 112
v 1550.771484 951.747070 1234.110840 0 133 112
v 1542.782349 939.790527 1234.110840 0 133 112
v 1543.012207 939.695374 1234.271729 0 133 112
v 1551.128418 951.390076 1234.420898 0 133 112
v 1550.947388 951.571228 1234.271729 0 133 112
v 1550.947388 951.571228 1234.271729 0 133 112
v 1543.012207 939.695374 1234.271729 0 133 112
v 1543.248779 939.597412 1234.420898 0 133 112
v 1551.314209 951.204285 1234.558105 0 133 112
v 1551.128418 951.390076 1234.420898 0 133 112
v 1551.128418 951.390076 1234.420898 0 133 112
v 1543.248779 939.597412 1234.420898 0 133 112
v 1543.491455 939.496826 1234.558105 0 133 112
v 1551.504395 951.014099 1234.683105 0 133 112
v 1551.314209 951.204285 1234.558105 0 133 112
v 1551.314209 951.204285 1234.558105 0 133 112
v 1543.491455 939.496826 1234.558105 0 133 112
v 1543.739990 939.393921 1234.683105 0 133 112
v 1551.753906 950.764709 1234.834229 0 133 112
v 1551.504395 951.014099 1234.683105 0 133 112
v 1551.504395 951.014099 1234.683105 0 133 112
v 1543.739990 939.393921 1234.683105 0 133 112
v 1544.065918 939.258911 1234.834229 0 133 112
v 1551.967041 950.551514 1234.980591 0 133 112
v 1551.753906 950.764709 1234.834229 0 133 112
v 1551.753906 950.764709 1234.834229 0 133 112
v 1544.065918 939.258911 1234.834229 0 133 112
v 1544.344482 939.143494 1234.980591 0 133 112
v 1552.155029 950.363403 1235.131592 0 133 112
v 1551.967041 950.551514 1234.980591 0 133 112
v 1551.967041 950.551514 1234.980591 0 133 112
v 1544.344482 939.143494 1234.980591 0 133 112
v 1544.590088 939.041687 1235.131592 0 133 112
v 1552.329102 950.189514 1235.296387 0 133 112
v 1552.155029 950.363403 1235.131592 0 133 112
v 1552.155029 950.363403 1235.131592 0 133 112
v 1544.590088 939.041687 1235.131592 0 133 112
v 1544.817383 938.947571 1235.296387 0 133 112
v 1552.500000 950.018494 1235.484863 0 133 112
v 1552.329102 950.189514 1235.296387 0 133 112
v 1552.329102 950.189514 1235.296387 0 133 112
v 1544.817383 938.947571 1235.296387 0 133 112
v 1545.040771 938.854980 1235.484863 0 133 112
v 1552.678955 949.839478 1235.705566 0 133 112
v 1552.500000 950.018494 1235.484863 0 133 112
v 1552.500000 950.018494 1235.484863 0 133 112
v 1545.040771 938.854980 1235.484863 0 133 112
v 1545.274658 938.758179 1235.705566 0 133 112
v 1552.877075 949.641418 1235.968506 0 133 112
v 1552.678955 949.839478 1235.705566 0 133 112
v 1552.678955 949.839478 1235.705566 0 133 112
v 1545.274658 938.758179 1235.705566 0 133 112
v 1545.533447 938.651001 1235.968506 0 133 112
v 1553.082520 949.435974 1236.262695 0 133 112
v 1552.877075 949.641418 1235.968506 0 133 112
v 1552.877075 949.641418 1235.968506 0 133 112
v 1545.533447 938.651001 1235.968506 0 133 112
v 1545.801880 938.539795 1236.262695 0 133 112
v 1553.276123 949.242371 1236.571777 0 133 112
v 1553.082520 949.435974 1236.262695 0 133 112
v 1553.082520 949.435974 1236.262695 0 133 112
v 1545.801880 938.539795 1236.262695 0 133 112
v 1546.054810 938.435120 1236.571777 0 133 112
v 1553.457520 949.061096 1236.894775 0 133 112
v 1553.276123 949.242371 1236.571777 0 133 112
v 1553.276123 949.242371 1236.571777 0 133 112
v 1546.054810 938.435120 1236.571777 0 133 112
v 1546.291748 938.336914 1236.894775 0 133 112
v 1553.626099 948.892395 1237.230957 0 133 112
v 1553.457520 949.061096 1236.894775 0 133 112
v 1553.457520 949.061096 1236.894775 0 133 112
v 1546.291748 938.336914 1236.894775 0 133 112
v 1546.512207 938.245605 1237.230957 0 133 112
v 1553.781738 948.736694 1237.579590 0 133 112
v 1553.626099 948.892395 1237.230957 0 133 112
v 1553.626099 948.892395 1237.230957 0 133 112
v 1546.512207 938.245605 1237.230957 0 133 112
v 1546.715576 938.161377 1237.579590 0 133 112
v 1553.924072 948.594421 1237.940186 0 133 112
v 1553.781738 948.736694 1237.579590 0 133 112
v 1553.781738 948.736694 1237.579590 0 133 112
v 1546.715576 938.161377 1237.579590 0 133 112
v 1546.901611 938.084412 1237.940186 0 133 112
v 1554.052734 948.465820 1238.311646 0 133 112
v 1553.924072 948.594421 1237.940186 0 133 112
v 1553.924072 948.594421 1237.940186 0 133 112
v 1546.901611 938.084412 1237.940186 0 133 112
v 1547.069580 938.014709 1238.311646 0 133 112
v 1554.166992 948.351624 1238.692383 0 133 112
v 1554.052734 948.465820 1238.311646 0 133 112
v 1554.052734 948.465820 1238.311646 0 133 112
v 1547.069580 938.014709 1238.311646 0 133 112
v 1547.218750 937.952881 1238.692383 0 133 112
v 1554.266357 948.252197 1239.080566 0 133 112
v 1554.166992 948.351624 1238.692383 0 133 112
v 1554.166992 948.351624 1238.692383 0 133 112
v 1547.218750 937.952881 1238.692383 0 133 112
v 1547.348633 937.899170 1239.080566 0 133 112
v 1554.350586 948.167908 1239.475342 0 133 112
v 1554.266357 948.252197 1239.080566 0 133 112
v 1554.266357 948.252197 1239.080566 0 133 112
v 1547.348633 937.899170 1239.080566 0 133 112
v 1547.458740 937.853516 1239.475342 0 133 112
v 1554.419678 948.098816 1239.875732 0 133 112
v 1554.350586 948.167908 1239.475342 0 133 112
v 1554.350586 948.167908 1239.475342 0 133 112
v 1547.458740 937.853516 1239.475342 0 133 112
v 1547.549072 937.816101 1239.875732 0 133 112
v 1554.473633 948.044983 1240.281250 0 133 112
v 1554.419678 948.098816 1239.875732 0 133 112
v 1554.419678 948.098816 1239.875732 0 133 112
v 1547.549072 937.816101 1239.875732 0 133 112
v 1547.619385 937.786987 1240.281250 0 133 112
v 1554.511963 948.006714 1240.690430 0 133 112
v 1554.473633 948.044983 1240.281250 0 133 112
v 1554.473633 948.044983 1240.281250 0 133 112
v 1547.619385 937.786987 1240.281250 0 133 112
v 1547.669434 937.766174 1240.690430 0 133 112
v 1547.698975 937.754028 1241.102783 0 133 112
v 1554.534546 947.983887 1241.102783 0 133 112
v 1554.511963 948.006714 1240.690430 0 133 112
v 1554.511963 948.006714 1240.690430 0 133 112
v 1547.669434 937.766174 1240.690430 0 133 112
v 1547.698975 937.754028 1241.102783 0 133 112
v 1544.119629 939.236572 1244.853027 0 133 112
v 1547.698975 937.754028 1241.102783 0 133 112
v 1547.698975 937.754028 1241.102783 0 133 112
v 1541.424561 925.686890 1244.853027 0 133 112
v 1541.001953 940.528015 1248.998291 0 133 112
v 1544.119629 939.236572 1244.853027 0 133 112
v 1544.119629 939.236572 1244.853027 0 133 112
v 1541.424561 925.686890 1244.853027 0 133 112
v 1538.049805 925.686890 1248.998291 0 133 112
v 1538.367920 941.619080 1253.488525 0 133 112
v 1541.001953 940.528015 1248.998291 0 133 112
v 1541.001953 940.528015 1248.998291 0 133 112
v 1538.049805 925.686890 1248.998291 0 133 112
v 1535.198730 925.686890 1253.488525 0 133 112
v 1536.240234 942.500427 1258.273682 0 133 112
v 1538.367920 941.619080 1253.488525 0 133 112
v 1538.367920 941.619080 1253.488525 0 133 112
v 1535.198730 925.686890 1253.488525 0 133 112
v 1532.895752 925.686890 1258.273682 0 133 112
v 1534.640991 943.162781 1263.302979 0 133 112
v 1536.240234 942.500427 1258.273682 0 133 112
v 1536.240234 942.500427 1258.273682 0 133 112
v 1532.895752 925.686890 1258.273682 0 133 112
v 1531.164795 925.686890 1263.302979 0 133 112
v 1533.592773 943.596985 1268.526611 0 133 112
v 1534.640991 943.162781 1263.302979 0 133 112
v 1534.640991 943.162781 1263.302979 0 133 112
v 1531.164795 925.686890 1263.302979 0 133 112
v 1530.030273 925.686890 1268.526611 0 133 112
v 1533.117920 943.793701 1273.893921 0 133 112
v 1533.592773 943.596985 1268.526611 0 133 112
v 1533.592773 943.596985 1268.526611 0 133 112
v 1530.030273 925.686890 1268.526611 0 133 112
v 1529.516113 925.686890 1273.893921 0 133 112
v 1533.234131 943.745483 1279.284424 0 133 112
v 1533.117920 943.793701 1273.893921 0 133 112
v 1533.117920 943.793701 1273.893921 0 133 112
v 1529.516113 925.686890 1273.893921 0 133 112
v 1529.642090 925.686890 1279.284424 0 133 112
v 1533.931763 943.456604 1284.576172 0 133 112
v 1533.234131 943.745483 1279.284424 0 133 112
v 1533.234131 943.745483 1279.284424 0 133 112
v 1529.642090 925.686890 1279.284424 0 133 112
v 1530.397217 925.686890 1284.576172 0 133 112
v 1535.191895 942.934570 1289.717285 0 133 112
v 1533.931763 943.456604 1284.576172 0 133 112
v 1533.931763 943.456604 1284.576172 0 133 112
v 1530.397217 925.686890 1284.576172 0 133 112
v 1531.760986 925.686890 1289.717285 0 133 112
v 1536.995361 942.187622 1294.655762 0 133 112
v 1535.191895 942.934570 1289.717285 0 133 112
v 1535.191895 942.934570 1289.717285 0 133 112
v 1531.760986 925.686890 1289.717285 0 133 112
v 1533.713135 925.686890 1294.655762 0 133 112
v 1539.323486 941.223328 1299.339844 0 133 112
v 1536.995361 942.187622 1294.655762 0 133 112
v 1536.995361 942.187622 1294.655762 0 133 112
v 1533.713135 925.686890 1294.655762 0 133 112
v 1536.233154 925.686890 1299.339844 0 133 112
v 1542.157227 940.049500 1303.717773 0 133 112
v 1539.323486 941.223328 1299.339844 0 133 112
v 1539.323486 941.223328 1299.339844 0 133 112
v 1536.233154 925.686890 1299.339844 0 133 112
v 1539.300293 925.686890 1303.717773 0 133 112
v 1545.477539 938.674194 1307.737305 0 133 112
v 1542.157227 940.049500 1303.717773 0 133 112
v 1542.157227 940.049500 1303.717773 0 133 112
v 1539.300293 925.686890 1303.717773 0 133 112
v 1542.894043 925.686890 1307.737305 0 133 112
v 1549.214600 937.126282 1311.302612 0 133 112
v 1545.477539 938.674194 1307.737305 0 133 112
v 1545.477539 938.674194 1307.737305 0 133 112
v 1542.894043 925.686890 1307.737305 0 133 112
v 1546.939087 925.686890 1311.302612 0 133 112
v 1553.279053 935.442627 1314.338501 0 133 112
v 1549.214600 937.126282 1311.302612 0 133 112
v 1549.214600 937.126282 1311.302612 0 133 112
v 1546.939087 925.686890 1311.302612 0 133 112
v 1551.338623 925.686890 1314.338501 0 133 112
v 1557.623169 933.643311 1316.825195 0 133 112
v 1553.279053 935.442627 1314.338501 0 133 112
v 1553.279053 935.442627 1314.338501 0 133 112
v 1551.338623 925.686890 1314.338501 0 133 112
v 1556.040527 925.686890 1316.825195 0 133 112
v 1562.198486 931.748230 1318.742188 0 133 112
v 1557.623169 933.643311 1316.825195 0 133 112
v 1557.623169 933.643311 1316.825195 0 133 112
v 1556.040527 925.686890 1316.825195 0 133 112
v 1560.992798 925.686890 1318.742188 0 133 112
v 1566.957031 929.777100 1320.069336 0 133 112
v 1562.198486 931.748230 1318.742188 0 133 112
v 1562.198486 931.748230 1318.742188 0 133 112
v 1560.992798 925.686890 1318.742188 0 133 112
v 1566.143433 925.686890 1320.069336 0 133 112
v 1571.850830 927.750000 1320.786987 0 133 112
v 1566.957031 929.777100 1320.069336 0 133 112
v 1566.957031 929.777100 1320.069336 0 133 112
v 1566.143433 925.686890 1320.069336 0 133 112
v 1571.440430 925.686890 1320.786987 0 133 112
v 1576.831665 925.686890 1320.874634 0 133 112
v 1571.850830 927.750000 1320.786987 0 133 112
v 1571.850830 927.750000 1320.786987 0 133 112
v 1571.440430 925.686890 1320.786987 0 133 112
v 1576.831543 925.686890 1320.874634 0 133 112
v 1576.979492 925.625305 0.000000 0 133 112
v 1576.831665 925.686890 1320.874634 0 133 112
v 1576.831665 925.686890 1320.874634 0 133 112
v 1576.831543 925.686890 1320.874634 0 133 112
v 1576.991699 925.686523 0.000000 0 133 112
v 1540.269775 940.830872 0.000000 0 133 112
v 1576.979492 925.625305 0.000000 0 133 112
v 1576.979492 925.625305 0.000000 0 133 112
v 1576.991699 925.686523 0.000000 0 133 112
v 1537.257446 925.686523 0.000000 0 133 112
v 1540.271240 940.830688 1230.105469 0 133 112
v 1540.269775 940.830872 0.000000 0 133 112
v 1540.269775 940.830872 0.000000 0 133 112
v 1537.257446 925.686523 0.000000 0 133 112
v 1537.258789 925.686890 1230.105469 0 133 112
v 1540.328979 940.806824 1230.390137 0 133 112
v 1540.271240 940.830688 1230.105469 0 133 112
v 1540.271240 940.830688 1230.105469 0 133 112
v 1537.258789 925.686890 1230.105469 0 133 112
v 1537.321411 925.686890 1230.390137 0 133 112
v 1540.402466 940.776306 1230.661865 0 133 112
v 1540.328979 940.806824 1230.390137 0 133 112
v 1540.328979 940.806824 1230.390137 0 133 112
v 1537.321411 925.686890 1230.390137 0 133 112
v 1537.400879 925.686890 1230.661865 0 133 112
v 1540.490234 940.739990 1230.924072 0 133 112
v 1540.402466 940.776306 1230.661865 0 133 112
v 1540.402466 940.776306 1230.661865 0 133 112
v 1537.400879 925.686890 1230.661865 0 133 112
v 1537.495850 925.686890 1230.924072 0 133 112
v 1540.590576 940.698425 1231.180176 0 133 112
v 1540.490234 940.739990 1230.924072 0 133 112
v 1540.490234 940.739990 1230.924072 0 133 112
v 1537.495850 925.686890 1230.924072 0 133 112
v 1537.604492 925.686890 1231.180176 0 133 112
v 1540.702148 940.652222 1231.433105 0 133 112
v 1540.590576 940.698425 1231.180176 0 133 112
v 1540.590576 940.698425 1231.180176 0 133 112
v 1537.604492 925.686890 1231.180176 0 133 112
v 1537.725342 925.686890 1231.433105 0 133 112
v 1540.823486 940.601929 1231.686279 0 133 112
v 1540.702148 940.652222 1231.433105 0 133 112
v 1540.702148 940.652222 1231.433105 0 133 112
v 1537.725342 925.686890 1231.433105 0 133 112
v 1537.856689 925.686890 1231.686279 0 133 112
v 1540.953125 940.548279 1231.942993 0 133 112
v 1540.823486 940.601929 1231.686279 0 133 112
v 1540.823486 940.601929 1231.686279 0 133 112
v 1537.856689 925.686890 1231.686279 0 133 112
v 1537.996948 925.686890 1231.942993 0 133 112
v 1541.091675 940.490784 1232.198730 0 133 112
v 1540.953125 940.548279 1231.942993 0 133 112
v 1540.953125 940.548279 1231.942993 0 133 112
v 1537.996948 925.686890 1231.942993 0 133 112
v 1538.146973 925.686890 1232.198730 0 133 112
v 1541.240967 940.429016 1232.447021 0 133 112
v 1541.091675 940.490784 1232.198730 0 133 112
v 1541.091675 940.490784 1232.198730 0 133 112
v 1538.146973 925.686890 1232.198730 0 133 112
v 1538.308594 925.686890 1232.447021 0 133 112
v 1541.400635 940.362915 1232.687256 0 133 112
v 1541.240967 940.429016 1232.447021 0 133 112
v 1541.240967 940.429016 1232.447021 0 133 112
v 1538.308594 925.686890 1232.447021 0 133 112
v 1538.481323 925.686890 1232.687256 0 133 112
v 1541.570313 940.292480 1232.919189 0 133 112
v 1541.400635 940.362915 1232.687256 0 133 112
v 1541.400635 940.362915 1232.687256 0 133 112
v 1538.481323 925.686890 1232.687256 0 133 112
v 1538.665039 925.686890 1232.919189 0 133 112
v 1541.750000 940.218201 1233.142334 0 133 112
v 1541.570313 940.292480 1232.919189 0 133 112
v 1541.570313 940.292480 1232.919189 0 133 112
v 1538.665039 925.686890 1232.919189 0 133 112
v 1538.859375 925.686890 1233.142334 0 133 112
v 1541.938965 940.139771 1233.356323 0 133 112
v 1541.750000 940.218201 1233.142334 0 133 112
v 1541.750000 940.218201 1233.142334 0 133 112
v 1538.859375 925.686890 1233.142334 0 133 112
v 1539.064209 925.686890 1233.356323 0 133 112
v 1542.137451 940.057678 1233.560791 0 133 112
v 1541.938965 940.139771 1233.356323 0 133 112
v 1541.938965 940.139771 1233.356323 0 133 112
v 1539.064209 925.686890 1233.356323 0 133 112
v 1539.278809 925.686890 1233.560791 0 133 112
v 1542.344482 939.971924 1233.755127 0 133 112
v 1542.137451 940.057678 1233.560791 0 133 112
v 1542.137451 940.057678 1233.560791 0 133 112
v 1539.278809 925.686890 1233.560791 0 133 112
v 1539.502930 925.686890 1233.755127 0 133 112
v 1542.559570 939.882813 1233.938599 0 133 112
v 1542.344482 939.971924 1233.755127 0 133 112
v 1542.344482 939.971924 1233.755127 0 133 112
v 1539.502930 925.686890 1233.755127 0 133 112
v 1539.735840 925.686890 1233.938599 0 133 112
v 1542.782349 939.790527 1234.110840 0 133 112
v 1542.559570 939.882813 1233.938599 0 133 112
v 1542.559570 939.882813 1233.938599 0 133 112
v 1539.735840 925.686890 1233.938599 0 133 112
v 1539.976807 925.686890 1234.110840 0 133 112
v 1543.012207 939.695374 1234.271729 0 133 112
v 1542.782349 939.790527 1234.110840 0 133 112
v 1542.782349 939.790527 1234.110840 0 133 112
v 1539.976807 925.686890 1234.110840 0 133 112
v 1540.225586 925.686890 1234.271729 0 133 112
v 1543.248779 939.597412 1234.420898 0 133 112
v 1543.012207 939.695374 1234.271729 0 133 112
v 1543.012207 939.695374 1234.271729 0 133 112
v 1540.225586 925.686890 1234.271729 0 133 112
v 1540.481689 925.686890 1234.420898 0 133 112
v 1543.491455 939.496826 1234.558105 0 133 112
v 1543.248779 939.597412 1234.420898 0 133 112
v 1543.248779 939.597412 1234.420898 0 133 112
v 1540.481689 925.686890 1234.420898 0 133 112
v 1540.744385 925.686890 1234.558105 0 133 112
v 1543.739990 939.393921 1234.683105 0 133 112
v 1543.491455 939.496826 1234.558105 0 133 112
v 1543.491455 939.496826 1234.558105 0 133 112
v 1540.744385 925.686890 1234.558105 0 133 112
v 1541.013428 925.686890 1234.683105 0 133 112
v 1544.065918 939.258911 1234.834229 0 133 112
v 1543.739990 939.393921 1234.683105 0 133 112
v 1543.739990 939.393921 1234.683105 0 133 112
v 1541.013428 925.686890 1234.683105 0 133 112
v 1541.366211 925.686890 1234.834229 0 133 112
v 1544.344482 939.143494 1234.980591 0 133 112
v 1544.065918 939.258911 1234.834229 0 133 112
v 1544.065918 939.258911 1234.834229 0 133 112
v 1541.366211 925.686890 1234.834229 0 133 112
v 1541.667725 925.686890 1234.980591 0 133 112
v 1544.590088 939.041687 1235.131592 0 133 112
v 1544.344482 939.143494 1234.980591 0 133 112
v 1544.344482 939.143494 1234.980591 0 133 112
v 1541.667725 925.686890 1234.980591 0 133 112
v 1541.933594 925.686890 1235.131592 0 133 112
v 1544.817383 938.947571 1235.296387 0 133 112
v 1544.590088 939.041687 1235.131592 0 133 112
v 1544.590088 939.041687 1235.131592 0 133 112
v 1541.933594 925.686890 1235.131592 0 133 112
v 1542.179688 925.686890 1235.296387 0 133 112
v 1545.040771 938.854980 1235.484863 0 133 112
v 1544.817383 938.947571 1235.296387 0 133 112
v 1544.817383 938.947571 1235.296387 0 133 112
v 1542.179688 925.686890 1235.296387 0 133 112
v 1542.421509 925.686890 1235.484863 0 133 112
v 1545.274658 938.758179 1235.705566 0 133 112
v 1545.040771 938.854980 1235.484863 0 133 112
v 1545.040771 938.854980 1235.484863 0 133 112
v 1542.421509 925.686890 1235.484863 0 133 112
v 1542.674561 925.686890 1235.705566 0 133 112
v 1545.533447 938.651001 1235.968506 0 133 112
v 1545.274658 938.758179 1235.705566 0 133 112
v 1545.274658 938.758179 1235.705566 0 133 112
v 1542.674561 925.686890 1235.705566 0 133 112
v 1542.954712 925.686890 1235.968506 0 133 112
v 1545.801880 938.539795 1236.262695 0 133 112
v 1545.533447 938.651001 1235.968506 0 133 112
v 1545.533447 938.651001 1235.968506 0 133 112
v 1542.954712 925.686890 1235.968506 0 133 112
v 1543.245239 925.686890 1236.262695 0 133 112
v 1546.054810 938.435120 1236.571777 0 133 112
v 1545.801880 938.539795 1236.262695 0 133 112
v 1545.801880 938.539795 1236.262695 0 133 112
v 1543.245239 925.686890 1236.262695 0 133 112
v 1543.519043 925.686890 1236.571777 0 133 112
v 1546.291748 938.336914 1236.894775 0 133 112
v 1546.054810 938.435120 1236.571777 0 133 112
v 1546.054810 938.435120 1236.571777 0 133 112
v 1543.519043 925.686890 1236.571777 0 133 112
v 1543.775391 925.686890 1236.894775 0 133 112
v 1546.512207 938.245605 1237.230957 0 133 112
v 1546.291748 938.336914 1236.894775 0 133 112
v 1546.291748 938.336914 1236.894775 0 133 112
v 1543.775391 925.686890 1236.894775 0 133 112
v 1544.013916 925.686890 1237.230957 0 133 112
v 1546.715576 938.161377 1237.579590 0 133 112
v 1546.512207 938.245605 1237.230957 0 133 112
v 1546.512207 938.245605 1237.230957 0 133 112
v 1544.013916 925.686890 1237.230957 0 133 112
v 1544.234131 925.686890 1237.579590 0 133 112
v 1546.901611 938.084412 1237.940186 0 133 112
v 1546.715576 938.161377 1237.579590 0 133 112
v 1546.715576 938.161377 1237.579590 0 133 112
v 1544.234131 925.686890 1237.579590 0 133 112
v 1544.435547 925.686890 1237.940186 0 133 112
v 1547.069580 938.014709 1238.311646 0 133 112
v 1546.901611 938.084412 1237.940186 0 133 112
v 1546.901611 938.084412 1237.940186 0 133 112
v 1544.435547 925.686890 1237.940186 0 133 112
v 1544.617432 925.686890 1238.311646 0 133 112
v 1547.218750 937.952881 1238.692383 0 133 112
v 1547.069580 938.014709 1238.311646 0 133 112
v 1547.069580 938.014709 1238.311646 0 133 112
v 1544.617432 925.686890 1238.311646 0 133 112
v 1544.778809 925.686890 1238.692383 0 133 112
v 1547.348633 937.899170 1239.080566 0 133 112
v 1547.218750 937.952881 1238.692383 0 133 112
v 1547.218750 937.952881 1238.692383 0 133 112
v 1544.778809 925.686890 1238.692383 0 133 112
v 1544.919434 925.686890 1239.080566 0 133 112
v 1547.458740 937.853516 1239.475342 0 133 112
v 1547.348633 937.899170 1239.080566 0 133 112
v 1547.348633 937.899170 1239.080566 0 133 112
v 1544.919434 925.686890 1239.080566 0 133 112
v 1545.038574 925.686890 1239.475342 0 133 112
v 1547.549072 937.816101 1239.875732 0 133 112
v 1547.458740 937.853516 1239.475342 0 133 112
v 1547.458740 937.853516 1239.475342 0 133 112
v 1545.038574 925.686890 1239.475342 0 133 112
v 1545.136475 925.686890 1239.875732 0 133 112
v 1547.619385 937.786987 1240.281250 0 133 112
v 1547.549072 937.816101 1239.875732 0 133 112
v 1547.549072 937.816101 1239.875732 0 133 112
v 1545.136475 925.686890 1239.875732 0 133 112
v 1545.212402 925.686890 1240.281250 0 133 112
v 1547.669434 937.766174 1240.690430 0 133 112
v 1547.619385 937.786987 1240.281250 0 133 112
v 1547.619385 937.786987 1240.281250 0 133 112
v 1545.212402 925.686890 1240.281250 0 133 112
v 1545.266602 925.686890 1240.690430 0 133 112
v 1545.298706 925.686890 1241.102783 0 133 112
v 1547.698975 937.754028 1241.102783 0 133 112
v 1547.669434 937.766174 1240.690430 0 133 112
v 1547.669434 937.766174 1240.690430 0 133 112
v 1545.266602 925.686890 1240.690430 0 133 112
v 1545.298706 925.686890 1241.102783 0 133 112
v 1541.424561 925.686890 1244.853027 0 133 112
v 1545.298706 925.686890 1241.102783 0 133 112
v 1545.298706 925.686890 1241.102783 0 133 112
v 1544.119629 912.137085 1244.853027 0 133 112
v 1538.049805 925.686890 1248.998291 0 133 112
v 1541.424561 925.686890 1244.853027 0 133 112
v 1541.424561 925.686890 1244.853027 0 133 112
v 1544.119629 912.137085 1244.853027 0 133 112
v 1541.001831 910.845703 1248.998291 0 133 112
v 1535.198730 925.686890 1253.488525 0 133 112
v 1538.049805 925.686890 1248.998291 0 133 112
v 1538.049805 925.686890 1248.998291 0 133 112
v 1541.001831 910.845703 1248.998291 0 133 112
v 1538.367920 909.754700 1253.488525 0 133 112
v 1532.895752 925.686890 1258.273682 0 133 112
v 1535.198730 925.686890 1253.488525 0 133 112
v 1535.198730 925.686890 1253.488525 0 133 112
v 1538.367920 909.754700 1253.488525 0 133 112
v 1536.240112 908.873413 1258.273682 0 133 112
v 1531.164795 925.686890 1263.302979 0 133 112
v 1532.895752 925.686890 1258.273682 0 133 112
v 1532.895752 925.686890 1258.273682 0 133 112
v 1536.240112 908.873413 1258.273682 0 133 112
v 1534.640869 908.210876 1263.302979 0 133 112
v 1530.030273 925.686890 1268.526611 0 133 112
v 1531.164795 925.686890 1263.302979 0 133 112
v 1531.164795 925.686890 1263.302979 0 133 112
v 1534.640869 908.210876 1263.302979 0 133 112
v 1533.592773 907.776794 1268.526611 0 133 112
v 1529.516113 925.686890 1273.893921 0 133 112
v 1530.030273 925.686890 1268.526611 0 133 112
v 1530.030273 925.686890 1268.526611 0 133 112
v 1533.592773 907.776794 1268.526611 0 133 112
v 1533.117920 907.580078 1273.893921 0 133 112
v 1529.642090 925.686890 1279.284424 0 133 112
v 1529.516113 925.686890 1273.893921 0 133 112
v 1529.516113 925.686890 1273.893921 0 133 112
v 1533.117920 907.580078 1273.893921 0 133 112
v 1533.234131 907.628174 1279.284424 0 133 112
v 1530.397217 925.686890 1284.576172 0 133 112
v 1529.642090 925.686890 1279.284424 0 133 112
v 1529.642090 925.686890 1279.284424 0 133 112
v 1533.234131 907.628174 1279.284424 0 133 112
v 1533.931641 907.917175 1284.576172 0 133 112
v 1531.760986 925.686890 1289.717285 0 133 112
v 1530.397217 925.686890 1284.576172 0 133 112
v 1530.397217 925.686890 1284.576172 0 133 112
v 1533.931641 907.917175 1284.576172 0 133 112
v 1535.191772 908.439087 1289.717285 0 133 112
v 1533.713135 925.686890 1294.655762 0 133 112
v 1531.760986 925.686890 1289.717285 0 133 112
v 1531.760986 925.686890 1289.717285 0 133 112
v 1535.191772 908.439087 1289.717285 0 133 112
v 1536.995361 909.186218 1294.655762 0 133 112
v 1536.233154 925.686890 1299.339844 0 133 112
v 1533.713135 925.686890 1294.655762 0 133 112
v 1533.713135 925.686890 1294.655762 0 133 112
v 1536.995361 909.186218 1294.655762 0 133 112
v 1539.323486 910.150513 1299.339844 0 133 112
v 1539.300293 925.686890 1303.717773 0 133 112
v 1536.233154 925.686890 1299.339844 0 133 112
v 1536.233154 925.686890 1299.339844 0 133 112
v 1539.323486 910.150513 1299.339844 0 133 112
v 1542.157104 911.324280 1303.717773 0 133 112
v 1542.894043 925.686890 1307.737305 0 133 112
v 1539.300293 925.686890 1303.717773 0 133 112
v 1539.300293 925.686890 1303.717773 0 133 112
v 1542.157104 911.324280 1303.717773 0 133 112
v 1545.477417 912.699585 1307.737305 0 133 112
v 1546.939087 925.686890 1311.302612 0 133 112
v 1542.894043 925.686890 1307.737305 0 133 112
v 1542.894043 925.686890 1307.737305 0 133 112
v 1545.477417 912.699585 1307.737305 0 133 112
v 1549.214478 914.247498 1311.302612 0 133 112
v 1551.338623 925.686890 1314.338501 0 133 112
v 1546.939087 925.686890 1311.302612 0 133 112
v 1546.939087 925.686890 1311.302612 0 133 112
v 1549.214478 914.247498 1311.302612 0 133 112
v 1553.279053 915.931213 1314.338501 0 133 112
v 1556.040527 925.686890 1316.825195 0 133 112
v 1551.338623 925.686890 1314.338501 0 133 112
v 1551.338623 925.686890 1314.338501 0 133 112
v 1553.279053 915.931213 1314.338501 0 133 112
v 1557.623047 917.730530 1316.825195 0 133 112
v 1560.992798 925.686890 1318.742188 0 133 112
v 1556.040527 925.686890 1316.825195 0 133 112
v 1556.040527 925.686890 1316.825195 0 133 112
v 1557.623047 917.730530 1316.825195 0 133 112
v 1562.198486 919.625671 1318.742188 0 133 112
v 1566.143433 925.686890 1320.069336 0 133 112
v 1560.992798 925.686890 1318.742188 0 133 112
v 1560.992798 925.686890 1318.742188 0 133 112
v 1562.198486 919.625671 1318.742188 0 133 112
v 1566.957031 921.596680 1320.069336 0 133 112
v 1571.440430 925.686890 1320.786987 0 133 112
v 1566.143433 925.686890 1320.069336 0 133 112
v 1566.143433 925.686890 1320.069336 0 133 112
v 1566.957031 921.596680 1320.069336 0 133 112
v 1571.850830 923.623779 1320.786987 0 133 112
v 1576.831543 925.686890 1320.874634 0 133 112
v 1576.831543 925.686890 1320.874634 0 133 112
v 1571.440430 925.686890 1320.786987 0 133 112
v 1571.440430 925.686890 1320.786987 0 133 112
v 1571.850830 923.623779 1320.786987 0 133 112
v 1576.831543 925.686890 1320.874634 0 133 112
v 1576.991699 925.686523 0.000000 0 133 112
v 1576.831543 925.686890 1320.874634 0 133 112
v 1576.831543 925.686890 1320.874634 0 133 112
v 1576.831543 925.686890 1320.874634 0 133 112
v 1576.979492 925.747803 0.000000 0 133 112
v 1537.257446 925.686523 0.000000 0 133 112
v 1576.991699 925.686523 0.000000 0 133 112
v 1576.991699 925.686523 0.000000 0 133 112
v 1576.979492 925.747803 0.000000 0 133 112
v 1540.269897 910.542175 0.000000 0 133 112
v 1537.258789 925.686890 1230.105469 0 133 112
v 1537.257446 925.686523 0.000000 0 133 112
v 1537.257446 925.686523 0.000000 0 133 112
v 1540.269897 910.542175 0.000000 0 133 112
v 1540.271118 910.543030 1230.105469 0 133 112
v 1537.321411 925.686890 1230.390137 0 133 112
v 1537.258789 925.686890 1230.105469 0 133 112
v 1537.258789 925.686890 1230.105469 0 133 112
v 1540.271118 910.543030 1230.105469 0 133 112
v 1540.328857 910.567017 1230.390137 0 133 112
v 1537.400879 925.686890 1230.661865 0 133 112
v 1537.321411 925.686890 1230.390137 0 133 112
v 1537.321411 925.686890 1230.390137 0 133 112
v 1540.328857 910.567017 1230.390137 0 133 112
v 1540.402344 910.597412 1230.661865 0 133 112
v 1537.495850 925.686890 1230.924072 0 133 112
v 1537.400879 925.686890 1230.661865 0 133 112
v 1537.400879 925.686890 1230.661865 0 133 112
v 1540.402344 910.597412 1230.661865 0 133 112
v 1540.489990 910.633728 1230.924072 0 133 112
v 1537.604492 925.686890 1231.180176 0 133 112
v 1537.495850 925.686890 1230.924072 0 133 112
v 1537.495850 925.686890 1230.924072 0 133 112
v 1540.489990 910.633728 1230.924072 0 133 112
v 1540.590454 910.675293 1231.180176 0 133 112
v 1537.725342 925.686890 1231.433105 0 133 112
v 1537.604492 925.686890 1231.180176 0 133 112
v 1537.604492 925.686890 1231.180176 0 133 112
v 1540.590454 910.675293 1231.180176 0 133 112
v 1540.702148 910.721619 1231.433105 0 133 112
v 1537.856689 925.686890 1231.686279 0 133 112
v 1537.725342 925.686890 1231.433105 0 133 112
v 1537.725342 925.686890 1231.433105 0 133 112
v 1540.702148 910.721619 1231.433105 0 133 112
v 1540.823486 910.771790 1231.686279 0 133 112
v 1537.996948 925.686890 1231.942993 0 133 112
v 1537.856689 925.686890 1231.686279 0 133 112
v 1537.856689 925.686890 1231.686279 0 133 112
v 1540.823486 910.771790 1231.686279 0 133 112
v 1540.953003 910.825500 1231.942993 0 133 112
v 1538.146973 925.686890 1232.198730 0 133 112
v 1537.996948 925.686890 1231.942993 0 133 112
v 1537.996948 925.686890 1231.942993 0 133 112
v 1540.953003 910.825500 1231.942993 0 133 112
v 1541.091553 910.882874 1232.198730 0 133 112
v 1538.308594 925.686890 1232.447021 0 133 112
v 1538.146973 925.686890 1232.198730 0 133 112
v 1538.146973 925.686890 1232.198730 0 133 112
v 1541.091553 910.882874 1232.198730 0 133 112
v 1541.240967 910.944702 1232.447021 0 133 112
v 1538.481323 925.686890 1232.687256 0 133 112
v 1538.308594 925.686890 1232.447021 0 133 112
v 1538.308594 925.686890 1232.447021 0 133 112
v 1541.240967 910.944702 1232.447021 0 133 112
v 1541.400513 911.010925 1232.687256 0 133 112
v 1538.665039 925.686890 1232.919189 0 133 112
v 1538.481323 925.686890 1232.687256 0 133 112
v 1538.481323 925.686890 1232.687256 0 133 112
v 1541.400513 911.010925 1232.687256 0 133 112
v 1541.570313 911.081177 1232.919189 0 133 112
v 1538.859375 925.686890 1233.142334 0 133 112
v 1538.665039 925.686890 1232.919189 0 133 112
v 1538.665039 925.686890 1232.919189 0 133 112
v 1541.570313 911.081177 1232.919189 0 133 112
v 1541.749878 911.155518 1233.142334 0 133 112
v 1539.064209 925.686890 1233.356323 0 133 112
v 1538.859375 925.686890 1233.142334 0 133 112
v 1538.859375 925.686890 1233.142334 0 133 112
v 1541.749878 911.155518 1233.142334 0 133 112
v 1541.938965 911.233887 1233.356323 0 133 112
v 1539.278809 925.686890 1233.560791 0 133 112
v 1539.064209 925.686890 1233.356323 0 133 112
v 1539.064209 925.686890 1233.356323 0 133 112
v 1541.938965 911.233887 1233.356323 0 133 112
v 1542.137329 911.315979 1233.560791 0 133 112
v 1539.502930 925.686890 1233.755127 0 133 112
v 1539.278809 925.686890 1233.560791 0 133 112
v 1539.278809 925.686890 1233.560791 0 133 112
v 1542.137329 911.315979 1233.560791 0 133 112
v 1542.344482 911.401917 1233.755127 0 133 112
v 1539.735840 925.686890 1233.938599 0 133 112
v 1539.502930 925.686890 1233.755127 0 133 112
v 1539.502930 925.686890 1233.755127 0 133 112
v 1542.344482 911.401917 1233.755127 0 133 112
v 1542.559570 911.491028 1233.938599 0 133 112
v 1539.976807 925.686890 1234.110840 0 133 112
v 1539.735840 925.686890 1233.938599 0 133 112
v 1539.735840 925.686890 1233.938599 0 133 112
v 1542.559570 911.491028 1233.938599 0 133 112
v 1542.782227 911.583191 1234.110840 0 133 112
v 1540.225586 925.686890 1234.271729 0 133 112
v 1539.976807 925.686890 1234.110840 0 133 112
v 1539.976807 925.686890 1234.110840 0 133 112
v 1542.782227 911.583191 1234.110840 0 133 112
v 1543.012085 911.678406 1234.271729 0 133 112
v 1540.481689 925.686890 1234.420898 0 133 112
v 1540.225586 925.686890 1234.271729 0 133 112
v 1540.225586 925.686890 1234.271729 0 133 112
v 1543.012085 911.678406 1234.271729 0 133 112
v 1543.248535 911.776428 1234.420898 0 133 112
v 1540.744385 925.686890 1234.558105 0 133 112
v 1540.481689 925.686890 1234.420898 0 133 112
v 1540.481689 925.686890 1234.420898 0 133 112
v 1543.248535 911.776428 1234.420898 0 133 112
v 1543.491455 911.876892 1234.558105 0 133 112
v 1541.013428 925.686890 1234.683105 0 133 112
v 1540.744385 925.686890 1234.558105 0 133 112
v 1540.744385 925.686890 1234.558105 0 133 112
v 1543.491455 911.876892 1234.558105 0 133 112
v 1543.739990 911.979919 1234.683105 0 133 112
v 1541.366211 925.686890 1234.834229 0 133 112
v 1541.013428 925.686890 1234.683105 0 133 112
v 1541.013428 925.686890 1234.683105 0 133 112
v 1543.739990 911.979919 1234.683105 0 133 112
v 1544.065796 912.114929 1234.834229 0 133 112
v 1541.667725 925.686890 1234.980591 0 133 112
v 1541.366211 925.686890 1234.834229 0 133 112
v 1541.366211 925.686890 1234.834229 0 133 112
v 1544.065796 912.114929 1234.834229 0 133 112
v 1544.344360 912.230225 1234.980591 0 133 112
v 1541.933594 925.686890 1235.131592 0 133 112
v 1541.667725 925.686890 1234.980591 0 133 112
v 1541.667725 925.686890 1234.980591 0 133 112
v 1544.344360 912.230225 1234.980591 0 133 112
v 1544.590088 912.331970 1235.131592 0 133 112
v 1542.179688 925.686890 1235.296387 0 133 112
v 1541.933594 925.686890 1235.131592 0 133 112
v 1541.933594 925.686890 1235.131592 0 133 112
v 1544.590088 912.331970 1235.131592 0 133 112
v 1544.817383 912.426086 1235.296387 0 133 112
v 1542.421509 925.686890 1235.484863 0 133 112
v 1542.179688 925.686890 1235.296387 0 133 112
v 1542.179688 925.686890 1235.296387 0 133 112
v 1544.817383 912.426086 1235.296387 0 133 112
v 1545.040771 912.518677 1235.484863 0 133 112
v 1542.674561 925.686890 1235.705566 0 133 112
v 1542.421509 925.686890 1235.484863 0 133 112
v 1542.421509 925.686890 1235.484863 0 133 112
v 1545.040771 912.518677 1235.484863 0 133 112
v 1545.274658 912.615479 1235.705566 0 133 112
v 1542.954712 925.686890 1235.968506 0 133 112
v 1542.674561 925.686890 1235.705566 0 133 112
v 1542.674561 925.686890 1235.705566 0 133 112
v 1545.274658 912.615479 1235.705566 0 133 112
v 1545.533447 912.722717 1235.968506 0 133 112
v 1543.245239 925.686890 1236.262695 0 133 112
v 1542.954712 925.686890 1235.968506 0 133 112
v 1542.954712 925.686890 1235.968506 0 133 112
v 1545.533447 912.722717 1235.968506 0 133 112
v 1545.801758 912.833923 1236.262695 0 133 112
v 1543.519043 925.686890 1236.571777 0 133 112
v 1543.245239 925.686890 1236.262695 0 133 112
v 1543.245239 925.686890 1236.262695 0 133 112
v 1545.801758 912.833923 1236.262695 0 133 112
v 1546.054688 912.938721 1236.571777 0 133 112
v 1543.775391 925.686890 1236.894775 0 133 112
v 1543.519043 925.686890 1236.571777 0 133 112
v 1543.519043 925.686890 1236.571777 0 133 112
v 1546.054688 912.938721 1236.571777 0 133 112
v 1546.291626 913.036804 1236.894775 0 133 112
v 1544.013916 925.686890 1237.230957 0 133 112
v 1543.775391 925.686890 1236.894775 0 133 112
v 1543.775391 925.686890 1236.894775 0 133 112
v 1546.291626 913.036804 1236.894775 0 133 112
v 1546.512085 913.128113 1237.230957 0 133 112
v 1544.234131 925.686890 1237.579590 0 133 112
v 1544.013916 925.686890 1237.230957 0 133 112
v 1544.013916 925.686890 1237.230957 0 133 112
v 1546.512085 913.128113 1237.230957 0 133 112
v 1546.715576 913.212402 1237.579590 0 133 112
v 1544.435547 925.686890 1237.940186 0 133 112
v 1544.234131 925.686890 1237.579590 0 133 112
v 1544.234131 925.686890 1237.579590 0 133 112
v 1546.715576 913.212402 1237.579590 0 133 112
v 1546.901367 913.289429 1237.940186 0 133 112
v 1544.617432 925.686890 1238.311646 0 133 112
v 1544.435547 925.686890 1237.940186 0 133 112
v 1544.435547 925.686890 1237.940186 0 133 112
v 1546.901367 913.289429 1237.940186 0 133 112
v 1547.069580 913.359009 1238.311646 0 133 112
v 1544.778809 925.686890 1238.692383 0 133 112
v 1544.617432 925.686890 1238.311646 0 133 112
v 1544.617432 925.686890 1238.311646 0 133 112
v 1547.069580 913.359009 1238.311646 0 133 112
v 1547.218750 913.420776 1238.692383 0 133 112
v 1544.919434 925.686890 1239.080566 0 133 112
v 1544.778809 925.686890 1238.692383 0 133 112
v 1544.778809 925.686890 1238.692383 0 133 112
v 1547.218750 913.420776 1238.692383 0 133 112
v 1547.348511 913.474609 1239.080566 0 133 112
v 1545.038574 925.686890 1239.475342 0 133 112
v 1544.919434 925.686890 1239.080566 0 133 112
v 1544.919434 925.686890 1239.080566 0 133 112
v 1547.348511 913.474609 1239.080566 0 133 112
v 1547.458740 913.520203 1239.475342 0 133 112
v 1545.136475 925.686890 1239.875732 0 133 112
v 1545.038574 925.686890 1239.475342 0 133 112
v 1545.038574 925.686890 1239.475342 0 133 112
v 1547.458740 913.520203 1239.475342 0 133 112
v 1547.549072 913.557617 1239.875732 0 133 112
v 1545.212402 925.686890 1240.281250 0 133 112
v 1545.136475 925.686890 1239.875732 0 133 112
v 1545.136475 925.686890 1239.875732 0 133 112
v 1547.549072 913.557617 1239.875732 0 133 112
v 1547.619385 913.586670 1240.281250 0 133 112
v 1545.266602 925.686890 1240.690430 0 133 112
v 1545.212402 925.686890 1240.281250 0 133 112
v 1545.212402 925.686890 1240.281250 0 133 112
v 1547.619385 913.586670 1240.281250 0 133 112
v 1547.669434 913.607483 1240.690430 0 133 112
v 1547.698975 913.619812 1241.102783 0 133 112
v 1545.298706 925.686890 1241.102783 0 133 112
v 1545.266602 925.686890 1240.690430 0 133 112
v 1545.266602 925.686890 1240.690430 0 133 112
v 1547.669434 913.607483 1240.690430 0 133 112
v 1547.698975 913.619812 1241.102783 0 133 112
v 1544.119629 912.137085 1244.853027 0 133 112
v 1547.698975 913.619812 1241.102783 0 133 112
v 1547.698975 913.619812 1241.102783 0 133 112
v 1551.794922 900.650208 1244.853027 0 133 112
v 1541.001831 910.845703 1248.998291 0 133 112
v 1544.119629 912.137085 1244.853027 0 133 112
v 1544.119629 912.137085 1244.853027 0 133 112
v 1551.794922 900.650208 1244.853027 0 133 112
v 1549.408691 898.263977 1248.998291 0 133 112
v 1538.367920 909.754700 1253.488525 0 133 112
v 1541.001831 910.845703 1248.998291 0 133 112
v 1541.001831 910.845703 1248.998291 0 133 112
v 1549.408691 898.263977 1248.998291 0 133 112
v 1547.392700 896.247986 1253.488525 0 133 112
v 1536.240112 908.873413 1258.273682 0 133 112
v 1538.367920 909.754700 1253.488525 0 133 112
v 1538.367920 909.754700 1253.488525 0 133 112
v 1547.392700 896.247986 1253.488525 0 133 112
v 1545.764160 894.619507 1258.273682 0 133 112
v 1534.640869 908.210876 1263.302979 0 133 112
v 1536.240112 908.873413 1258.273682 0 133 112
v 1536.240112 908.873413 1258.273682 0 133 112
v 1545.764160 894.619507 1258.273682 0 133 112
v 1544.540283 893.395630 1263.302979 0 133 112
v 1533.592773 907.776794 1268.526611 0 133 112
v 1534.640869 908.210876 1263.302979 0 133 112
v 1534.640869 908.210876 1263.302979 0 133 112
v 1544.540283 893.395630 1263.302979 0 133 112
v 1543.738037 892.593323 1268.526611 0 133 112
v 1533.117920 907.580078 1273.893921 0 133 112
v 1533.592773 907.776794 1268.526611 0 133 112
v 1533.592773 907.776794 1268.526611 0 133 112
v 1543.738037 892.593323 1268.526611 0 133 112
v 1543.374512 892.229797 1273.893921 0 133 112
v 1533.234131 907.628174 1279.284424 0 133 112
v 1533.117920 907.580078 1273.893921 0 133 112
v 1533.117920 907.580078 1273.893921 0 133 112
v 1543.374512 892.229797 1273.893921 0 133 112
v 1543.463379 892.318787 1279.284424 0 133 112
v 1533.931641 907.917175 1284.576172 0 133 112
v 1533.234131 907.628174 1279.284424 0 133 112
v 1533.234131 907.628174 1279.284424 0 133 112
v 1543.463379 892.318787 1279.284424 0 133 112
v 1543.997314 892.852722 1284.576172 0 133 112
v 1535.191772 908.439087 1289.717285 0 133 112
v 1533.931641 907.917175 1284.576172 0 133 112
v 1533.931641 907.917175 1284.576172 0 133 112
v 1543.997314 892.852722 1284.576172 0 133 112
v 1544.961914 893.817078 1289.717285 0 133 112
v 1536.995361 909.186218 1294.655762 0 133 112
v 1535.191772 908.439087 1289.717285 0 133 112
v 1535.191772 908.439087 1289.717285 0 133 112
v 1544.961914 893.817078 1289.717285 0 133 112
v 1546.342285 895.197571 1294.655762 0 133 112
v 1539.323486 910.150513 1299.339844 0 133 112
v 1536.995361 909.186218 1294.655762 0 133 112
v 1536.995361 909.186218 1294.655762 0 133 112
v 1546.342285 895.197571 1294.655762 0 133 112
v 1548.124023 896.979370 1299.339844 0 133 112
v 1542.157104 911.324280 1303.717773 0 133 112
v 1539.323486 910.150513 1299.339844 0 133 112
v 1539.323486 910.150513 1299.339844 0 133 112
v 1548.124023 896.979370 1299.339844 0 133 112
v 1550.292847 899.148193 1303.717773 0 133 112
v 1545.477417 912.699585 1307.737305 0 133 112
v 1542.157104 911.324280 1303.717773 0 133 112
v 1542.157104 911.324280 1303.717773 0 133 112
v 1550.292847 899.148193 1303.717773 0 133 112
v 1552.834106 901.689514 1307.737305 0 133 112
v 1549.214478 914.247498 1311.302612 0 133 112
v 1545.477417 912.699585 1307.737305 0 133 112
v 1545.477417 912.699585 1307.737305 0 133 112
v 1552.834106 901.689514 1307.737305 0 133 112
v 1555.694336 904.549683 1311.302612 0 133 112
v 1553.279053 915.931213 1314.338501 0 133 112
v 1549.214478 914.247498 1311.302612 0 133 112
v 1549.214478 914.247498 1311.302612 0 133 112
v 1555.694336 904.549683 1311.302612 0 133 112
v 1558.805176 907.660583 1314.338501 0 133 112
v 1557.623047 917.730530 1316.825195 0 133 112
v 1553.279053 915.931213 1314.338501 0 133 112
v 1553.279053 915.931213 1314.338501 0 133 112
v 1558.805176 907.660583 1314.338501 0 133 112
v 1562.130005 910.985413 1316.825195 0 133 112
v 1562.198486 919.625671 1318.742188 0 133 112
v 1557.623047 917.730530 1316.825195 0 133 112
v 1557.623047 917.730530 1316.825195 0 133 112
v 1562.130005 910.985413 1316.825195 0 133 112
v 1565.631836 914.487122 1318.742188 0 133 112
v 1566.957031 921.596680 1320.069336 0 133 112
v 1562.198486 919.625671 1318.742188 0 133 112
v 1562.198486 919.625671 1318.742188 0 133 112
v 1565.631836 914.487122 1318.742188 0 133 112
v 1569.273926 918.129211 1320.069336 0 133 112
v 1571.850830 923.623779 1320.786987 0 133 112
v 1566.957031 921.596680 1320.069336 0 133 112
v 1566.957031 921.596680 1320.069336 0 133 112
v 1569.273926 918.129211 1320.069336 0 133 112
v 1573.019287 921.874817 1320.786987 0 133 112
v 1576.831543 925.686890 1320.874634 0 133 112
v 1576.831543 925.686890 1320.874634 0 133 112
v 1571.850830 923.623779 1320.786987 0 133 112
v 1571.850830 923.623779 1320.786987 0 133 112
v 1573.019287 921.874817 1320.786987 0 133 112
v 1576.831543 925.686890 1320.874634 0 133 112
v 1576.979492 925.747803 0.000000 0 133 112
v 1576.831543 925.686890 1320.874634 0 133 112
v 1576.831543 925.686890 1320.874634 0 133 112
v 1576.831543 925.686890 1320.874634 0 133 112
v 1576.944824 925.799683 0.000000 0 133 112
v 1540.269897 910.542175 0.000000 0 133 112
v 1576.979492 925.747803 0.000000 0 133 112
v 1576.979492 925.747803 0.000000 0 133 112
v 1576.944824 925.799683 0.000000 0 133 112
v 1548.848511 897.703430 0.000000 0 133 112
v 1540.271118 910.543030 1230.105469 0 133 112
v 1540.269897 910.542175 0.000000 0 133 112
v 1540.269897 910.542175 0.000000 0 133 112
v 1548.848511 897.703430 0.000000 0 133 112
v 1548.849365 897.704712 1230.105469 0 133 112
v 1540.328857 910.567017 1230.390137 0 133 112
v 1540.271118 910.543030 1230.105469 0 133 112
v 1540.271118 910.543030 1230.105469 0 133 112
v 1548.849365 897.704712 1230.105469 0 133 112
v 1548.893555 897.748901 1230.390137 0 133 112
v 1540.402344 910.597412 1230.661865 0 133 112
v 1540.328857 910.567017 1230.390137 0 133 112
v 1540.328857 910.567017 1230.390137 0 133 112
v 1548.893555 897.748901 1230.390137 0 133 112
v 1548.949829 897.805176 1230.661865 0 133 112
v 1540.489990 910.633728 1230.924072 0 133 112
v 1540.402344 910.597412 1230.661865 0 133 112
v 1540.402344 910.597412 1230.661865 0 133 112
v 1548.949829 897.805176 1230.661865 0 133 112
v 1549.016968 897.872314 1230.924072 0 133 112
v 1540.590454 910.675293 1231.180176 0 133 112
v 1540.489990 910.633728 1230.924072 0 133 112
v 1540.489990 910.633728 1230.924072 0 133 112
v 1549.016968 897.872314 1230.924072 0 133 112
v 1549.093750 897.949097 1231.180176 0 133 112
v 1540.702148 910.721619 1231.433105 0 133 112
v 1540.590454 910.675293 1231.180176 0 133 112
v 1540.590454 910.675293 1231.180176 0 133 112
v 1549.093750 897.949097 1231.180176 0 133 112
v 1549.179199 898.034485 1231.433105 0 133 112
v 1540.823486 910.771790 1231.686279 0 133 112
v 1540.702148 910.721619 1231.433105 0 133 112
v 1540.702148 910.721619 1231.433105 0 133 112
v 1549.179199 898.034485 1231.433105 0 133 112
v 1549.272095 898.127380 1231.686279 0 133 112
v 1540.953003 910.825500 1231.942993 0 133 112
v 1540.823486 910.771790 1231.686279 0 133 112
v 1540.823486 910.771790 1231.686279 0 133 112
v 1549.272095 898.127380 1231.686279 0 133 112
v 1549.371338 898.226624 1231.942993 0 133 112
v 1541.091553 910.882874 1232.198730 0 133 112
v 1540.953003 910.825500 1231.942993 0 133 112
v 1540.953003 910.825500 1231.942993 0 133 112
v 1549.371338 898.226624 1231.942993 0 133 112
v 1549.477295 898.332703 1232.198730 0 133 112
v 1541.240967 910.944702 1232.447021 0 133 112
v 1541.091553 910.882874 1232.198730 0 133 112
v 1541.091553 910.882874 1232.198730 0 133 112
v 1549.477295 898.332703 1232.198730 0 133 112
v 1549.591553 898.446899 1232.447021 0 133 112
v 1541.400513 911.010925 1232.687256 0 133 112
v 1541.240967 910.944702 1232.447021 0 133 112
v 1541.240967 910.944702 1232.447021 0 133 112
v 1549.591553 898.446899 1232.447021 0 133 112
v 1549.713867 898.569092 1232.687256 0 133 112
v 1541.570313 911.081177 1232.919189 0 133 112
v 1541.400513 911.010925 1232.687256 0 133 112
v 1541.400513 911.010925 1232.687256 0 133 112
v 1549.713867 898.569092 1232.687256 0 133 112
v 1549.843750 898.698975 1232.919189 0 133 112
v 1541.749878 911.155518 1233.142334 0 133 112
v 1541.570313 911.081177 1232.919189 0 133 112
v 1541.570313 911.081177 1232.919189 0 133 112
v 1549.843750 898.698975 1232.919189 0 133 112
v 1549.981201 898.836487 1233.142334 0 133 112
v 1541.938965 911.233887 1233.356323 0 133 112
v 1541.749878 911.155518 1233.142334 0 133 112
v 1541.749878 911.155518 1233.142334 0 133 112
v 1549.981201 898.836487 1233.142334 0 133 112
v 1550.125977 898.981201 1233.356323 0 133 112
v 1542.137329 911.315979 1233.560791 0 133 112
v 1541.938965 911.233887 1233.356323 0 133 112
v 1541.938965 911.233887 1233.356323 0 133 112
v 1550.125977 898.981201 1233.356323 0 133 112
v 1550.277710 899.133118 1233.560791 0 133 112
v 1542.344482 911.401917 1233.755127 0 133 112
v 1542.137329 911.315979 1233.560791 0 133 112
v 1542.137329 911.315979 1233.560791 0 133 112
v 1550.277710 899.133118 1233.560791 0 133 112
v 1550.436279 899.291626 1233.755127 0 133 112
v 1542.559570 911.491028 1233.938599 0 133 112
v 1542.344482 911.401917 1233.755127 0 133 112
v 1542.344482 911.401917 1233.755127 0 133 112
v 1550.436279 899.291626 1233.755127 0 133 112
v 1550.600830 899.456177 1233.938599 0 133 112
v 1542.782227 911.583191 1234.110840 0 133 112
v 1542.559570 911.491028 1233.938599 0 133 112
v 1542.559570 911.491028 1233.938599 0 133 112
v 1550.600830 899.456177 1233.938599 0 133 112
v 1550.771240 899.626587 1234.110840 0 133 112
v 1543.012085 911.678406 1234.271729 0 133 112
v 1542.782227 911.583191 1234.110840 0 133 112
v 1542.782227 911.583191 1234.110840 0 133 112
v 1550.771240 899.626587 1234.110840 0 133 112
v 1550.947266 899.802612 1234.271729 0 133 112
v 1543.248535 911.776428 1234.420898 0 133 112
v 1543.012085 911.678406 1234.271729 0 133 112
v 1543.012085 911.678406 1234.271729 0 133 112
v 1550.947266 899.802612 1234.271729 0 133 112
v 1551.128174 899.983582 1234.420898 0 133 112
v 1543.491455 911.876892 1234.558105 0 133 112
v 1543.248535 911.776428 1234.420898 0 133 112
v 1543.248535 911.776428 1234.420898 0 133 112
v 1551.128174 899.983582 1234.420898 0 133 112
v 1551.314087 900.169373 1234.558105 0 133 112
v 1543.739990 911.979919 1234.683105 0 133 112
v 1543.491455 911.876892 1234.558105 0 133 112
v 1543.491455 911.876892 1234.558105 0 133 112
v 1551.314087 900.169373 1234.558105 0 133 112
v 1551.504272 900.359619 1234.683105 0 133 112
v 1544.065796 912.114929 1234.834229 0 133 112
v 1543.739990 911.979919 1234.683105 0 133 112
v 1543.739990 911.979919 1234.683105 0 133 112
v 1551.504272 900.359619 1234.683105 0 133 112
v 1551.753662 900.609009 1234.834229 0 133 112
v 1544.344360 912.230225 1234.980591 0 133 112
v 1544.065796 912.114929 1234.834229 0 133 112
v 1544.065796 912.114929 1234.834229 0 133 112
v 1551.753662 900.609009 1234.834229 0 133 112
v 1551.966797 900.822205 1234.980591 0 133 112
v 1544.590088 912.331970 1235.131592 0 133 112
v 1544.344360 912.230225 1234.980591 0 133 112
v 1544.344360 912.230225 1234.980591 0 133 112
v 1551.966797 900.822205 1234.980591 0 133 112
v 1552.155029 901.010315 1235.131592 0 133 112
v 1544.817383 912.426086 1235.296387 0 133 112
v 1544.590088 912.331970 1235.131592 0 133 112
v 1544.590088 912.331970 1235.131592 0 133 112
v 1552.155029 901.010315 1235.131592 0 133 112
v 1552.328857 901.184326 1235.296387 0 133 112
v 1545.040771 912.518677 1235.484863 0 133 112
v 1544.817383 912.426086 1235.296387 0 133 112
v 1544.817383 912.426086 1235.296387 0 133 112
v 1552.328857 901.184326 1235.296387 0 133 112
v 1552.500000 901.355225 1235.484863 0 133 112
v 1545.274658 912.615479 1235.705566 0 133 112
v 1545.040771 912.518677 1235.484863 0 133 112
v 1545.040771 912.518677 1235.484863 0 133 112
v 1552.500000 901.355225 1235.484863 0 133 112
v 1552.678955 901.534180 1235.705566 0 133 112
v 1545.533447 912.722717 1235.968506 0 133 112
v 1545.274658 912.615479 1235.705566 0 133 112
v 1545.274658 912.615479 1235.705566 0 133 112
v 1552.678955 901.534180 1235.705566 0 133 112
v 1552.876953 901.732178 1235.968506 0 133 112
v 1545.801758 912.833923 1236.262695 0 133 112
v 1545.533447 912.722717 1235.968506 0 133 112
v 1545.533447 912.722717 1235.968506 0 133 112
v 1552.876953 901.732178 1235.968506 0 133 112
v 1553.082397 901.937683 1236.262695 0 133 112
v 1546.054688 912.938721 1236.571777 0 133 112
v 1545.801758 912.833923 1236.262695 0 133 112
v 1545.801758 912.833923 1236.262695 0 133 112
v 1553.082397 901.937683 1236.262695 0 133 112
v 1553.276001 902.131287 1236.571777 0 133 112
v 1546.291626 913.036804 1236.894775 0 133 112
v 1546.054688 912.938721 1236.571777 0 133 112
v 1546.054688 912.938721 1236.571777 0 133 112
v 1553.276001 902.131287 1236.571777 0 133 112
v 1553.457275 902.312622 1236.894775 0 133 112
v 1546.512085 913.128113 1237.230957 0 133 112
v 1546.291626 913.036804 1236.894775 0 133 112
v 1546.291626 913.036804 1236.894775 0 133 112
v 1553.457275 902.312622 1236.894775 0 133 112
v 1553.625977 902.481323 1237.230957 0 133 112
v 1546.715576 913.212402 1237.579590 0 133 112
v 1546.512085 913.128113 1237.230957 0 133 112
v 1546.512085 913.128113 1237.230957 0 133 112
v 1553.625977 902.481323 1237.230957 0 133 112
v 1553.781738 902.637024 1237.579590 0 133 112
v 1546.901367 913.289429 1237.940186 0 133 112
v 1546.715576 913.212402 1237.579590 0 133 112
v 1546.715576 913.212402 1237.579590 0 133 112
v 1553.781738 902.637024 1237.579590 0 133 112
v 1553.924072 902.779419 1237.940186 0 133 112
v 1547.069580 913.359009 1238.311646 0 133 112
v 1546.901367 913.289429 1237.940186 0 133 112
v 1546.901367 913.289429 1237.940186 0 133 112
v 1553.924072 902.779419 1237.940186 0 133 112
v 1554.052612 902.908020 1238.311646 0 133 112
v 1547.218750 913.420776 1238.692383 0 133 112
v 1547.069580 913.359009 1238.311646 0 133 112
v 1547.069580 913.359009 1238.311646 0 133 112
v 1554.052612 902.908020 1238.311646 0 133 112
v 1554.166870 903.022217 1238.692383 0 133 112
v 1547.348511 913.474609 1239.080566 0 133 112
v 1547.218750 913.420776 1238.692383 0 133 112
v 1547.218750 913.420776 1238.692383 0 133 112
v 1554.166870 903.022217 1238.692383 0 133 112
v 1554.266113 903.121521 1239.080566 0 133 112
v 1547.458740 913.520203 1239.475342 0 133 112
v 1547.348511 913.474609 1239.080566 0 133 112
v 1547.348511 913.474609 1239.080566 0 133 112
v 1554.266113 903.121521 1239.080566 0 133 112
v 1554.350586 903.205811 1239.475342 0 133 112
v 1547.549072 913.557617 1239.875732 0 133 112
v 1547.458740 913.520203 1239.475342 0 133 112
v 1547.458740 913.520203 1239.475342 0 133 112
v 1554.350586 903.205811 1239.475342 0 133 112
v 1554.419678 903.275024 1239.875732 0 133 112
v 1547.619385 913.586670 1240.281250 0 133 112
v 1547.549072 913.557617 1239.875732 0 133 112
v 1547.549072 913.557617 1239.875732 0 133 112
v 1554.419678 903.275024 1239.875732 0 133 112
v 1554.473389 903.328674 1240.281250 0 133 112
v 1547.669434 913.607483 1240.690430 0 133 112
v 1547.619385 913.586670 1240.281250 0 133 112
v 1547.619385 913.586670 1240.281250 0 133 112
v 1554.473389 903.328674 1240.281250 0 133 112
v 1554.511719 903.367126 1240.690430 0 133 112
v 1554.534424 903.389709 1241.102783 0 133 112
v 1547.698975 913.619812 1241.102783 0 133 112
v 1547.669434 913.607483 1240.690430 0 133 112
v 1547.669434 913.607483 1240.690430 0 133 112
v 1554.511719 903.367126 1240.690430 0 133 112
v 1554.534424 903.389709 1241.102783 0 133 112
v 1551.794922 900.650208 1244.853027 0 133 112
v 1554.534424 903.389709 1241.102783 0 133 112
v 1554.534424 903.389709 1241.102783 0 133 112
v 1563.281738 892.974915 1244.853027 0 133 112
v 1549.408691 898.263977 1248.998291 0 133 112
v 1551.794922 900.650208 1244.853027 0 133 112
v 1551.794922 900.650208 1244.853027 0 133 112
v 1563.281738 892.974915 1244.853027 0 133 112
v 1561.990356 889.857117 1248.998291 0 133 112
v 1547.392700 896.247986 1253.488525 0 133 112
v 1549.408691 898.263977 1248.998291 0 133 112
v 1549.408691 898.263977 1248.998291 0 133 112
v 1561.990356 889.857117 1248.998291 0 133 112
v 1560.899414 887.223083 1253.488525 0 133 112
v 1545.764160 894.619507 1258.273682 0 133 112
v 1547.392700 896.247986 1253.488525 0 133 112
v 1547.392700 896.247986 1253.488525 0 133 112
v 1560.899414 887.223083 1253.488525 0 133 112
v 1560.018066 885.095276 1258.273682 0 133 112
v 1544.540283 893.395630 1263.302979 0 133 112
v 1545.764160 894.619507 1258.273682 0 133 112
v 1545.764160 894.619507 1258.273682 0 133 112
v 1560.018066 885.095276 1258.273682 0 133 112
v 1559.355591 883.496216 1263.302979 0 133 112
v 1543.738037 892.593323 1268.526611 0 133 112
v 1544.540283 893.395630 1263.302979 0 133 112
v 1544.540283 893.395630 1263.302979 0 133 112
v 1559.355591 883.496216 1263.302979 0 133 112
v 1558.921387 882.447998 1268.526611 0 133 112
v 1543.374512 892.229797 1273.893921 0 133 112
v 1543.738037 892.593323 1268.526611 0 133 112
v 1543.738037 892.593323 1268.526611 0 133 112
v 1558.921387 882.447998 1268.526611 0 133 112
v 1558.724609 881.973083 1273.893921 0 133 112
v 1543.463379 892.318787 1279.284424 0 133 112
v 1543.374512 892.229797 1273.893921 0 133 112
v 1543.374512 892.229797 1273.893921 0 133 112
v 1558.724609 881.973083 1273.893921 0 133 112
v 1558.772827 882.089294 1279.284424 0 133 112
v 1543.997314 892.852722 1284.576172 0 133 112
v 1543.463379 892.318787 1279.284424 0 133 112
v 1543.463379 892.318787 1279.284424 0 133 112
v 1558.772827 882.089294 1279.284424 0 133 112
v 1559.061768 882.786987 1284.576172 0 133 112
v 1544.961914 893.817078 1289.717285 0 133 112
v 1543.997314 892.852722 1284.576172 0 133 112
v 1543.997314 892.852722 1284.576172 0 133 112
v 1559.061768 882.786987 1284.576172 0 133 112
v 1559.583740 884.047119 1289.717285 0 133 112
v 1546.342285 895.197571 1294.655762 0 133 112
v 1544.961914 893.817078 1289.717285 0 133 112
v 1544.961914 893.817078 1289.717285 0 133 112
v 1559.583740 884.047119 1289.717285 0 133 112
v 1560.330811 885.850586 1294.655762 0 133 112
v 1548.124023 896.979370 1299.339844 0 133 112
v 1546.342285 895.197571 1294.655762 0 133 112
v 1546.342285 895.197571 1294.655762 0 133 112
v 1560.330811 885.850586 1294.655762 0 133 112
v 1561.295166 888.178711 1299.339844 0 133 112
v 1550.292847 899.148193 1303.717773 0 133 112
v 1548.124023 896.979370 1299.339844 0 133 112
v 1548.124023 896.979370 1299.339844 0 133 112
v 1561.295166 888.178711 1299.339844 0 133 112
v 1562.468872 891.012390 1303.717773 0 133 112
v 1552.834106 901.689514 1307.737305 0 133 112
v 1550.292847 899.148193 1303.717773 0 133 112
v 1550.292847 899.148193 1303.717773 0 133 112
v 1562.468872 891.012390 1303.717773 0 133 112
v 1563.844238 894.332703 1307.737305 0 133 112
v 1555.694336 904.549683 1311.302612 0 133 112
v 1552.834106 901.689514 1307.737305 0 133 112
v 1552.834106 901.689514 1307.737305 0 133 112
v 1563.844238 894.332703 1307.737305 0 133 112
v 1565.392090 898.069824 1311.302612 0 133 112
v 1558.805176 907.660583 1314.338501 0 133 112
v 1555.694336 904.549683 1311.302612 0 133 112
v 1555.694336 904.549683 1311.302612 0 133 112
v 1565.392090 898.069824 1311.302612 0 133 112
v 1567.075684 902.134277 1314.338501 0 133 112
v 1562.130005 910.985413 1316.825195 0 133 112
v 1558.805176 907.660583 1314.338501 0 133 112
v 1558.805176 907.660583 1314.338501 0 133 112
v 1567.075684 902.134277 1314.338501 0 133 112
v 1568.875000 906.478271 1316.825195 0 133 112
v 1565.631836 914.487122 1318.742188 0 133 112
v 1562.130005 910.985413 1316.825195 0 133 112
v 1562.130005 910.985413 1316.825195 0 133 112
v 1568.875000 906.478271 1316.825195 0 133 112
v 1570.770264 911.053711 1318.742188 0 133 112
v 1569.273926 918.129211 1320.069336 0 133 112
v 1565.631836 914.487122 1318.742188 0 133 112
v 1565.631836 914.487122 1318.742188 0 133 112
v 1570.770264 911.053711 1318.742188 0 133 112
v 1572.741333 915.812317 1320.069336 0 133 112
v 1573.019287 921.874817 1320.786987 0 133 112
v 1569.273926 918.129211 1320.069336 0 133 112
v 1569.273926 918.129211 1320.069336 0 133 112
v 1572.741333 915.812317 1320.069336 0 133 112
v 1574.768311 920.706116 1320.786987 0 133 112
v 1576.831543 925.686890 1320.874634 0 133 112
v 1573.019287 921.874817 1320.786987 0 133 112
v 1573.019287 921.874817 1320.786987 0 133 112
v 1574.768311 920.706116 1320.786987 0 133 112
v 1576.831543 925.686829 1320.874634 0 133 112
v 1576.944824 925.799683 0.000000 0 133 112
v 1576.831543 925.686890 1320.874634 0 133 112
v 1576.831543 925.686890 1320.874634 0 133 112
v 1576.831543 925.686829 1320.874634 0 133 112
v 1576.892944 925.834473 0.000000 0 133 112
v 1548.848511 897.703430 0.000000 0 133 112
v 1576.944824 925.799683 0.000000 0 133 112
v 1576.944824 925.799683 0.000000 0 133 112
v 1576.892944 925.834473 0.000000 0 133 112
v 1561.687256 889.124817 0.000000 0 133 112
v 1548.849365 897.704712 1230.105469 0 133 112
v 1548.848511 897.703430 0.000000 0 133 112
v 1548.848511 897.703430 0.000000 0 133 112
v 1561.687256 889.124817 0.000000 0 133 112
v 1561.687744 889.126282 1230.105469 0 133 112
v 1548.893555 897.748901 1230.390137 0 133 112
v 1548.849365 897.704712 1230.105469 0 133 112
v 1548.849365 897.704712 1230.105469 0 133 112
v 1561.687744 889.126282 1230.105469 0 133 112
v 1561.711670 889.184082 1230.390137 0 133 112
v 1548.949829 897.805176 1230.661865 0 133 112
v 1548.893555 897.748901 1230.390137 0 133 112
v 1548.893555 897.748901 1230.390137 0 133 112
v 1561.711670 889.184082 1230.390137 0 133 112
v 1561.742065 889.257629 1230.661865 0 133 112
v 1549.016968 897.872314 1230.924072 0 133 112
v 1548.949829 897.805176 1230.661865 0 133 112
v 1548.949829 897.805176 1230.661865 0 133 112
v 1561.742065 889.257629 1230.661865 0 133 112
v 1561.778320 889.345276 1230.924072 0 133 112
v 1549.093750 897.949097 1231.180176 0 133 112
v 1549.016968 897.872314 1230.924072 0 133 112
v 1549.016968 897.872314 1230.924072 0 133 112
v 1561.778320 889.345276 1230.924072 0 133 112
v 1561.820068 889.445679 1231.180176 0 133 112
v 1549.179199 898.034485 1231.433105 0 133 112
v 1549.093750 897.949097 1231.180176 0 133 112
v 1549.093750 897.949097 1231.180176 0 133 112
v 1561.820068 889.445679 1231.180176 0 133 112
v 1561.866211 889.557373 1231.433105 0 133 112
v 1549.272095 898.127380 1231.686279 0 133 112
v 1549.179199 898.034485 1231.433105 0 133 112
v 1549.179199 898.034485 1231.433105 0 133 112
v 1561.866211 889.557373 1231.433105 0 133 112
v 1561.916504 889.678711 1231.686279 0 133 112
v 1549.371338 898.226624 1231.942993 0 133 112
v 1549.272095 898.127380 1231.686279 0 133 112
v 1549.272095 898.127380 1231.686279 0 133 112
v 1561.916504 889.678711 1231.686279 0 133 112
v 1561.970215 889.808289 1231.942993 0 133 112
v 1549.477295 898.332703 1232.198730 0 133 112
v 1549.371338 898.226624 1231.942993 0 133 112
v 1549.371338 898.226624 1231.942993 0 133 112
v 1561.970215 889.808289 1231.942993 0 133 112
v 1562.027588 889.946899 1232.198730 0 133 112
v 1549.591553 898.446899 1232.447021 0 133 112
v 1549.477295 898.332703 1232.198730 0 133 112
v 1549.477295 898.332703 1232.198730 0 133 112
v 1562.027588 889.946899 1232.198730 0 133 112
v 1562.089355 890.096130 1232.447021 0 133 112
v 1549.713867 898.569092 1232.687256 0 133 112
v 1549.591553 898.446899 1232.447021 0 133 112
v 1549.591553 898.446899 1232.447021 0 133 112
v 1562.089355 890.096130 1232.447021 0 133 112
v 1562.155518 890.255798 1232.687256 0 133 112
v 1549.843750 898.698975 1232.919189 0 133 112
v 1549.713867 898.569092 1232.687256 0 133 112
v 1549.713867 898.569092 1232.687256 0 133 112
v 1562.155518 890.255798 1232.687256 0 133 112
v 1562.225830 890.425476 1232.919189 0 133 112
v 1549.981201 898.836487 1233.142334 0 133 112
v 1549.843750 898.698975 1232.919189 0 133 112
v 1549.843750 898.698975 1232.919189 0 133 112
v 1562.225830 890.425476 1232.919189 0 133 112
v 1562.300293 890.605103 1233.142334 0 133 112
v 1550.125977 898.981201 1233.356323 0 133 112
v 1549.981201 898.836487 1233.142334 0 133 112
v 1549.981201 898.836487 1233.142334 0 133 112
v 1562.300293 890.605103 1233.142334 0 133 112
v 1562.378540 890.794189 1233.356323 0 133 112
v 1550.277710 899.133118 1233.560791 0 133 112
v 1550.125977 898.981201 1233.356323 0 133 112
v 1550.125977 898.981201 1233.356323 0 133 112
v 1562.378540 890.794189 1233.356323 0 133 112
v 1562.460693 890.992615 1233.560791 0 133 112
v 1550.436279 899.291626 1233.755127 0 133 112
v 1550.277710 899.133118 1233.560791 0 133 112
v 1550.277710 899.133118 1233.560791 0 133 112
v 1562.460693 890.992615 1233.560791 0 133 112
v 1562.546509 891.199707 1233.755127 0 133 112
v 1550.600830 899.456177 1233.938599 0 133 112
v 1550.436279 899.291626 1233.755127 0 133 112
v 1550.436279 899.291626 1233.755127 0 133 112
v 1562.546509 891.199707 1233.755127 0 133 112
v 1562.635620 891.414795 1233.938599 0 133 112
v 1550.771240 899.626587 1234.110840 0 133 112
v 1550.600830 899.456177 1233.938599 0 133 112
v 1550.600830 899.456177 1233.938599 0 133 112
v 1562.635620 891.414795 1233.938599 0 133 112
v 1562.727783 891.637512 1234.110840 0 133 112
v 1550.947266 899.802612 1234.271729 0 133 112
v 1550.771240 899.626587 1234.110840 0 133 112
v 1550.771240 899.626587 1234.110840 0 133 112
v 1562.727783 891.637512 1234.110840 0 133 112
v 1562.822998 891.867310 1234.271729 0 133 112
v 1551.128174 899.983582 1234.420898 0 133 112
v 1550.947266 899.802612 1234.271729 0 133 112
v 1550.947266 899.802612 1234.271729 0 133 112
v 1562.822998 891.867310 1234.271729 0 133 112
v 1562.921021 892.103882 1234.420898 0 133 112
v 1551.314087 900.169373 1234.558105 0 133 112
v 1551.128174 899.983582 1234.420898 0 133 112
v 1551.128174 899.983582 1234.420898 0 133 112
v 1562.921021 892.103882 1234.420898 0 133 112
v 1563.021484 892.346619 1234.558105 0 133 112
v 1551.504272 900.359619 1234.683105 0 133 112
v 1551.314087 900.169373 1234.558105 0 133 112
v 1551.314087 900.169373 1234.558105 0 133 112
v 1563.021484 892.346619 1234.558105 0 133 112
v 1563.124512 892.595215 1234.683105 0 133 112
v 1551.753662 900.609009 1234.834229 0 133 112
v 1551.504272 900.359619 1234.683105 0 133 112
v 1551.504272 900.359619 1234.683105 0 133 112
v 1563.124512 892.595215 1234.683105 0 133 112
v 1563.259521 892.921021 1234.834229 0 133 112
v 1551.966797 900.822205 1234.980591 0 133 112
v 1551.753662 900.609009 1234.834229 0 133 112
v 1551.753662 900.609009 1234.834229 0 133 112
v 1563.259521 892.921021 1234.834229 0 133 112
v 1563.374878 893.199585 1234.980591 0 133 112
v 1552.155029 901.010315 1235.131592 0 133 112
v 1551.966797 900.822205 1234.980591 0 133 112
v 1551.966797 900.822205 1234.980591 0 133 112
v 1563.374878 893.199585 1234.980591 0 133 112
v 1563.476685 893.445313 1235.131592 0 133 112
v 1552.328857 901.184326 1235.296387 0 133 112
v 1552.155029 901.010315 1235.131592 0 133 112
v 1552.155029 901.010315 1235.131592 0 133 112
v 1563.476685 893.445313 1235.131592 0 133 112
v 1563.570801 893.672729 1235.296387 0 133 112
v 1552.500000 901.355225 1235.484863 0 133 112
v 1552.328857 901.184326 1235.296387 0 133 112
v 1552.328857 901.184326 1235.296387 0 133 112
v 1563.570801 893.672729 1235.296387 0 133 112
v 1563.663330 893.895996 1235.484863 0 133 112
v 1552.678955 901.534180 1235.705566 0 133 112
v 1552.500000 901.355225 1235.484863 0 133 112
v 1552.500000 901.355225 1235.484863 0 133 112
v 1563.663330 893.895996 1235.484863 0 133 112
v 1563.760254 894.129883 1235.705566 0 133 112
v 1552.876953 901.732178 1235.968506 0 133 112
v 1552.678955 901.534180 1235.705566 0 133 112
v 1552.678955 901.534180 1235.705566 0 133 112
v 1563.760254 894.129883 1235.705566 0 133 112
v 1563.867432 894.388611 1235.968506 0 133 112
v 1553.082397 901.937683 1236.262695 0 133 112
v 1552.876953 901.732178 1235.968506 0 133 112
v 1552.876953 901.732178 1235.968506 0 133 112
v 1563.867432 894.388611 1235.968506 0 133 112
v 1563.978516 894.657104 1236.262695 0 133 112
v 1553.276001 902.131287 1236.571777 0 133 112
v 1553.082397 901.937683 1236.262695 0 133 112
v 1553.082397 901.937683 1236.262695 0 133 112
v 1563.978516 894.657104 1236.262695 0 133 112
v 1564.083374 894.909973 1236.571777 0 133 112
v 1553.457275 902.312622 1236.894775 0 133 112
v 1553.276001 902.131287 1236.571777 0 133 112
v 1553.276001 902.131287 1236.571777 0 133 112
v 1564.083374 894.909973 1236.571777 0 133 112
v 1564.181396 895.146912 1236.894775 0 133 112
v 1553.625977 902.481323 1237.230957 0 133 112
v 1553.457275 902.312622 1236.894775 0 133 112
v 1553.457275 902.312622 1236.894775 0 133 112
v 1564.181396 895.146912 1236.894775 0 133 112
v 1564.272705 895.367310 1237.230957 0 133 112
v 1553.781738 902.637024 1237.579590 0 133 112
v 1553.625977 902.481323 1237.230957 0 133 112
v 1553.625977 902.481323 1237.230957 0 133 112
v 1564.272705 895.367310 1237.230957 0 133 112
v 1564.357056 895.570679 1237.579590 0 133 112
v 1553.924072 902.779419 1237.940186 0 133 112
v 1553.781738 902.637024 1237.579590 0 133 112
v 1553.781738 902.637024 1237.579590 0 133 112
v 1564.357056 895.570679 1237.579590 0 133 112
v 1564.434082 895.756714 1237.940186 0 133 112
v 1554.052612 902.908020 1238.311646 0 133 112
v 1553.924072 902.779419 1237.940186 0 133 112
v 1553.924072 902.779419 1237.940186 0 133 112
v 1564.434082 895.756714 1237.940186 0 133 112
v 1564.503662 895.924683 1238.311646 0 133 112
v 1554.166870 903.022217 1238.692383 0 133 112
v 1554.052612 902.908020 1238.311646 0 133 112
v 1554.052612 902.908020 1238.311646 0 133 112
v 1564.503662 895.924683 1238.311646 0 133 112
v 1564.565430 896.073975 1238.692383 0 133 112
v 1554.266113 903.121521 1239.080566 0 133 112
v 1554.166870 903.022217 1238.692383 0 133 112
v 1554.166870 903.022217 1238.692383 0 133 112
v 1564.565430 896.073975 1238.692383 0 133 112
v 1564.619263 896.203796 1239.080566 0 133 112
v 1554.350586 903.205811 1239.475342 0 133 112
v 1554.266113 903.121521 1239.080566 0 133 112
v 1554.266113 903.121521 1239.080566 0 133 112
v 1564.619263 896.203796 1239.080566 0 133 112
v 1564.664795 896.313904 1239.475342 0 133 112
v 1554.419678 903.275024 1239.875732 0 133 112
v 1554.350586 903.205811 1239.475342 0 133 112
v 1554.350586 903.205811 1239.475342 0 133 112
v 1564.664795 896.313904 1239.475342 0 133 112
v 1564.702271 896.404175 1239.875732 0 133 112
v 1554.473389 903.328674 1240.281250 0 133 112
v 1554.419678 903.275024 1239.875732 0 133 112
v 1554.419678 903.275024 1239.875732 0 133 112
v 1564.702271 896.404175 1239.875732 0 133 112
v 1564.731445 896.474487 1240.281250 0 133 112
v 1554.511719 903.367126 1240.690430 0 133 112
v 1554.473389 903.328674 1240.281250 0 133 112
v 1554.473389 903.328674 1240.281250 0 133 112
v 1564.731445 896.474487 1240.281250 0 133 112
v 1564.752197 896.524597 1240.690430 0 133 112
v 1564.764404 896.554199 1241.102783 0 133 112
v 1554.534424 903.389709 1241.102783 0 133 112
v 1554.511719 903.367126 1240.690430 0 133 112
v 1554.511719 903.367126 1240.690430 0 133 112
v 1564.752197 896.524597 1240.690430 0 133 112
v 1564.764404 896.554199 1241.102783 0 133 112
v 1563.281738 892.974915 1244.853027 0 133 112
v 1564.764404 896.554199 1241.102783 0 133 112
v 1564.764404 896.554199 1241.102783 0 133 112
v 1576.831543 890.279724 1244.853027 0 133 112
v 1561.990356 889.857117 1248.998291 0 133 112
v 1563.281738 892.974915 1244.853027 0 133 112
v 1563.281738 892.974915 1244.853027 0 133 112
v 1576.831543 890.279724 1244.853027 0 133 112
v 1576.831543 886.905029 1248.998291 0 133 112
v 1560.899414 887.223083 1253.488525 0 133 112
v 1561.990356 889.857117 1248.998291 0 133 112
v 1561.990356 889.857117 1248.998291 0 133 112
v 1576.831543 886.905029 1248.998291 0 133 112
v 1576.831543 884.054016 1253.488525 0 133 112
v 1560.018066 885.095276 1258.273682 0 133 112
v 1560.899414 887.223083 1253.488525 0 133 112
v 1560.899414 887.223083 1253.488525 0 133 112
v 1576.831543 884.054016 1253.488525 0 133 112
v 1576.831543 881.750916 1258.273682 0 133 112
v 1559.355591 883.496216 1263.302979 0 133 112
v 1560.018066 885.095276 1258.273682 0 133 112
v 1560.018066 885.095276 1258.273682 0 133 112
v 1576.831543 881.750916 1258.273682 0 133 112
v 1576.831543 880.020020 1263.302979 0 133 112
v 1558.921387 882.447998 1268.526611 0 133 112
v 1559.355591 883.496216 1263.302979 0 133 112
v 1559.355591 883.496216 1263.302979 0 133 112
v 1576.831543 880.020020 1263.302979 0 133 112
v 1576.831543 878.885376 1268.526611 0 133 112
v 1558.724609 881.973083 1273.893921 0 133 112
v 1558.921387 882.447998 1268.526611 0 133 112
v 1558.921387 882.447998 1268.526611 0 133 112
v 1576.831543 878.885376 1268.526611 0 133 112
v 1576.831543 878.371399 1273.893921 0 133 112
v 1558.772827 882.089294 1279.284424 0 133 112
v 1558.724609 881.973083 1273.893921 0 133 112
v 1558.724609 881.973083 1273.893921 0 133 112
v 1576.831543 878.371399 1273.893921 0 133 112
v 1576.831543 878.497192 1279.284424 0 133 112
v 1559.061768 882.786987 1284.576172 0 133 112
v 1558.772827 882.089294 1279.284424 0 133 112
v 1558.772827 882.089294 1279.284424 0 133 112
v 1576.831543 878.497192 1279.284424 0 133 112
v 1576.831543 879.252319 1284.576172 0 133 112
v 1559.583740 884.047119 1289.717285 0 133 112
v 1559.061768 882.786987 1284.576172 0 133 112
v 1559.061768 882.786987 1284.576172 0 133 112
v 1576.831543 879.252319 1284.576172 0 133 112
v 1576.831543 880.616211 1289.717285 0 133 112
v 1560.330811 885.850586 1294.655762 0 133 112
v 1559.583740 884.047119 1289.717285 0 133 112
v 1559.583740 884.047119 1289.717285 0 133 112
v 1576.831543 880.616211 1289.717285 0 133 112
v 1576.831543 882.568420 1294.655762 0 133 112
v 1561.295166 888.178711 1299.339844 0 133 112
v 1560.330811 885.850586 1294.655762 0 133 112
v 1560.330811 885.850586 1294.655762 0 133 112
v 1576.831543 882.568420 1294.655762 0 133 112
v 1576.831543 885.088318 1299.339844 0 133 112
v 1562.468872 891.012390 1303.717773 0 133 112
v 1561.295166 888.178711 1299.339844 0 133 112
v 1561.295166 888.178711 1299.339844 0 133 112
v 1576.831543 885.088318 1299.339844 0 133 112
v 1576.831543 888.155518 1303.717773 0 133 112
v 1563.844238 894.332703 1307.737305 0 133 112
v 1562.468872 891.012390 1303.717773 0 133 112
v 1562.468872 891.012390 1303.717773 0 133 112
v 1576.831543 888.155518 1303.717773 0 133 112
v 1576.831543 891.749329 1307.737305 0 133 112
v 1565.392090 898.069824 1311.302612 0 133 112
v 1563.844238 894.332703 1307.737305 0 133 112
v 1563.844238 894.332703 1307.737305 0 133 112
v 1576.831543 891.749329 1307.737305 0 133 112
v 1576.831543 895.794312 1311.302612 0 133 112
v 1567.075684 902.134277 1314.338501 0 133 112
v 1565.392090 898.069824 1311.302612 0 133 112
v 1565.392090 898.069824 1311.302612 0 133 112
v 1576.831543 895.794312 1311.302612 0 133 112
v 1576.831543 900.193726 1314.338501 0 133 112
v 1568.875000 906.478271 1316.825195 0 133 112
v 1567.075684 902.134277 1314.338501 0 133 112
v 1567.075684 902.134277 1314.338501 0 133 112
v 1576.831543 900.193726 1314.338501 0 133 112
v 1576.831543 904.895691 1316.825195 0 133 112
v 1570.770264 911.053711 1318.742188 0 133 112
v 1568.875000 906.478271 1316.825195 0 133 112
v 1568.875000 906.478271 1316.825195 0 133 112
v 1576.831543 904.895691 1316.825195 0 133 112
v 1576.831543 909.848022 1318.742188 0 133 112
v 1572.741333 915.812317 1320.069336 0 133 112
v 1570.770264 911.053711 1318.742188 0 133 112
v 1570.770264 911.053711 1318.742188 0 133 112
v 1576.831543 909.848022 1318.742188 0 133 112
v 1576.831543 914.998718 1320.069336 0 133 112
v 1574.768311 920.706116 1320.786987 0 133 112
v 1572.741333 915.812317 1320.069336 0 133 112
v 1572.741333 915.812317 1320.069336 0 133 112
v 1576.831543 914.998718 1320.069336 0 133 112
v 1576.831543 920.295593 1320.786987 0 133 112
v 1576.831543 925.686829 1320.874634 0 133 112
v 1576.831543 925.686829 1320.874634 0 133 112
v 1574.768311 920.706116 1320.786987 0 133 112
v 1574.768311 920.706116 1320.786987 0 133 112
v 1576.831543 920.295593 1320.786987 0 133 112
v 1576.831543 925.686829 1320.874634 0 133 112
v 1576.892944 925.834473 0.000000 0 133 112
v 1576.831543 925.686829 1320.874634 0 133 112
v 1576.831543 925.686829 1320.874634 0 133 112
v 1576.831543 925.686829 1320.874634 0 133 112
v 1576.831787 925.846680 0.000000 0 133 112
v 1561.687256 889.124817 0.000000 0 133 112
v 1576.892944 925.834473 0.000000 0 133 112
v 1576.892944 925.834473 0.000000 0 133 112
v 1576.831787 925.846680 0.000000 0 133 112
v 1576.831787 886.112488 0.000000 0 133 112
v 1561.687744 889.126282 1230.105469 0 133 112
v 1561.687256 889.124817 0.000000 0 133 112
v 1561.687256 889.124817 0.000000 0 133 112
v 1576.831787 886.112488 0.000000 0 133 112
v 1576.831543 886.114014 1230.105469 0 133 112
v 1561.711670 889.184082 1230.390137 0 133 112
v 1561.687744 889.126282 1230.105469 0 133 112
v 1561.687744 889.126282 1230.105469 0 133 112
v 1576.831543 886.114014 1230.105469 0 133 112
v 1576.831543 886.176575 1230.390137 0 133 112
v 1561.742065 889.257629 1230.661865 0 133 112
v 1561.711670 889.184082 1230.390137 0 133 112
v 1561.711670 889.184082 1230.390137 0 133 112
v 1576.831543 886.176575 1230.390137 0 133 112
v 1576.831543 886.256104 1230.661865 0 133 112
v 1561.778320 889.345276 1230.924072 0 133 112
v 1561.742065 889.257629 1230.661865 0 133 112
v 1561.742065 889.257629 1230.661865 0 133 112
v 1576.831543 886.256104 1230.661865 0 133 112
v 1576.831543 886.351013 1230.924072 0 133 112
v 1561.820068 889.445679 1231.180176 0 133 112
v 1561.778320 889.345276 1230.924072 0 133 112
v 1561.778320 889.345276 1230.924072 0 133 112
v 1576.831543 886.351013 1230.924072 0 133 112
v 1576.831543 886.459717 1231.180176 0 133 112
v 1561.866211 889.557373 1231.433105 0 133 112
v 1561.820068 889.445679 1231.180176 0 133 112
v 1561.820068 889.445679 1231.180176 0 133 112
v 1576.831543 886.459717 1231.180176 0 133 112
v 1576.831543 886.580505 1231.433105 0 133 112
v 1561.916504 889.678711 1231.686279 0 133 112
v 1561.866211 889.557373 1231.433105 0 133 112
v 1561.866211 889.557373 1231.433105 0 133 112
v 1576.831543 886.580505 1231.433105 0 133 112
v 1576.831543 886.711914 1231.686279 0 133 112
v 1561.970215 889.808289 1231.942993 0 133 112
v 1561.916504 889.678711 1231.686279 0 133 112
v 1561.916504 889.678711 1231.686279 0 133 112
v 1576.831543 886.711914 1231.686279 0 133 112
v 1576.831543 886.852112 1231.942993 0 133 112
v 1562.027588 889.946899 1232.198730 0 133 112
v 1561.970215 889.808289 1231.942993 0 133 112
v 1561.970215 889.808289 1231.942993 0 133 112
v 1576.831543 886.852112 1231.942993 0 133 112
v 1576.831543 887.002075 1232.198730 0 133 112
v 1562.089355 890.096130 1232.447021 0 133 112
v 1562.027588 889.946899 1232.198730 0 133 112
v 1562.027588 889.946899 1232.198730 0 133 112
v 1576.831543 887.002075 1232.198730 0 133 112
v 1576.831543 887.163696 1232.447021 0 133 112
v 1562.155518 890.255798 1232.687256 0 133 112
v 1562.089355 890.096130 1232.447021 0 133 112
v 1562.089355 890.096130 1232.447021 0 133 112
v 1576.831543 887.163696 1232.447021 0 133 112
v 1576.831543 887.336487 1232.687256 0 133 112
v 1562.225830 890.425476 1232.919189 0 133 112
v 1562.155518 890.255798 1232.687256 0 133 112
v 1562.155518 890.255798 1232.687256 0 133 112
v 1576.831543 887.336487 1232.687256 0 133 112
v 1576.831543 887.520325 1232.919189 0 133 112
v 1562.300293 890.605103 1233.142334 0 133 112
v 1562.225830 890.425476 1232.919189 0 133 112
v 1562.225830 890.425476 1232.919189 0 133 112
v 1576.831543 887.520325 1232.919189 0 133 112
v 1576.831543 887.714600 1233.142334 0 133 112
v 1562.378540 890.794189 1233.356323 0 133 112
v 1562.300293 890.605103 1233.142334 0 133 112
v 1562.300293 890.605103 1233.142334 0 133 112
v 1576.831543 887.714600 1233.142334 0 133 112
v 1576.831543 887.919312 1233.356323 0 133 112
v 1562.460693 890.992615 1233.560791 0 133 112
v 1562.378540 890.794189 1233.356323 0 133 112
v 1562.378540 890.794189 1233.356323 0 133 112
v 1576.831543 887.919312 1233.356323 0 133 112
v 1576.831543 888.133972 1233.560791 0 133 112
v 1562.546509 891.199707 1233.755127 0 133 112
v 1562.460693 890.992615 1233.560791 0 133 112
v 1562.460693 890.992615 1233.560791 0 133 112
v 1576.831543 888.133972 1233.560791 0 133 112
v 1576.831543 888.358215 1233.755127 0 133 112
v 1562.635620 891.414795 1233.938599 0 133 112
v 1562.546509 891.199707 1233.755127 0 133 112
v 1562.546509 891.199707 1233.755127 0 133 112
v 1576.831543 888.358215 1233.755127 0 133 112
v 1576.831543 888.591003 1233.938599 0 133 112
v 1562.727783 891.637512 1234.110840 0 133 112
v 1562.635620 891.414795 1233.938599 0 133 112
v 1562.635620 891.414795 1233.938599 0 133 112
v 1576.831543 888.591003 1233.938599 0 133 112
v 1576.831543 888.832092 1234.110840 0 133 112
v 1562.822998 891.867310 1234.271729 0 133 112
v 1562.727783 891.637512 1234.110840 0 133 112
v 1562.727783 891.637512 1234.110840 0 133 112
v 1576.831543 888.832092 1234.110840 0 133 112
v 1576.831543 889.080872 1234.271729 0 133 112
v 1562.921021 892.103882 1234.420898 0 133 112
v 1562.822998 891.867310 1234.271729 0 133 112
v 1562.822998 891.867310 1234.271729 0 133 112
v 1576.831543 889.080872 1234.271729 0 133 112
v 1576.831543 889.336914 1234.420898 0 133 112
v 1563.021484 892.346619 1234.558105 0 133 112
v 1562.921021 892.103882 1234.420898 0 133 112
v 1562.921021 892.103882 1234.420898 0 133 112
v 1576.831543 889.336914 1234.420898 0 133 112
v 1576.831543 889.599609 1234.558105 0 133 112
v 1563.124512 892.595215 1234.683105 0 133 112
v 1563.021484 892.346619 1234.558105 0 133 112
v 1563.021484 892.346619 1234.558105 0 133 112
v 1576.831543 889.599609 1234.558105 0 133 112
v 1576.831543 889.868713 1234.683105 0 133 112
v 1563.259521 892.921021 1234.834229 0 133 112
v 1563.124512 892.595215 1234.683105 0 133 112
v 1563.124512 892.595215 1234.683105 0 133 112
v 1576.831543 889.868713 1234.683105 0 133 112
v 1576.831543 890.221313 1234.834229 0 133 112
v 1563.374878 893.199585 1234.980591 0 133 112
v 1563.259521 892.921021 1234.834229 0 133 112
v 1563.259521 892.921021 1234.834229 0 133 112
v 1576.831543 890.221313 1234.834229 0 133 112
v 1576.831543 890.522888 1234.980591 0 133 112
v 1563.476685 893.445313 1235.131592 0 133 112
v 1563.374878 893.199585 1234.980591 0 133 112
v 1563.374878 893.199585 1234.980591 0 133 112
v 1576.831543 890.522888 1234.980591 0 133 112
v 1576.831543 890.788818 1235.131592 0 133 112
v 1563.570801 893.672729 1235.296387 0 133 112
v 1563.476685 893.445313 1235.131592 0 133 112
v 1563.476685 893.445313 1235.131592 0 133 112
v 1576.831543 890.788818 1235.131592 0 133 112
v 1576.831543 891.034912 1235.296387 0 133 112
v 1563.663330 893.895996 1235.484863 0 133 112
v 1563.570801 893.672729 1235.296387 0 133 112
v 1563.570801 893.672729 1235.296387 0 133 112
v 1576.831543 891.034912 1235.296387 0 133 112
v 1576.831543 891.276672 1235.484863 0 133 112
v 1563.760254 894.129883 1235.705566 0 133 112
v 1563.663330 893.895996 1235.484863 0 133 112
v 1563.663330 893.895996 1235.484863 0 133 112
v 1576.831543 891.276672 1235.484863 0 133 112
v 1576.831543 891.529785 1235.705566 0 133 112
v 1563.867432 894.388611 1235.968506 0 133 112
v 1563.760254 894.129883 1235.705566 0 133 112
v 1563.760254 894.129883 1235.705566 0 133 112
v 1576.831543 891.529785 1235.705566 0 133 112
v 1576.831543 891.809875 1235.968506 0 133 112
v 1563.978516 894.657104 1236.262695 0 133 112
v 1563.867432 894.388611 1235.968506 0 133 112
v 1563.867432 894.388611 1235.968506 0 133 112
v 1576.831543 891.809875 1235.968506 0 133 112
v 1576.831543 892.100525 1236.262695 0 133 112
v 1564.083374 894.909973 1236.571777 0 133 112
v 1563.978516 894.657104 1236.262695 0 133 112
v 1563.978516 894.657104 1236.262695 0 133 112
v 1576.831543 892.100525 1236.262695 0 133 112
v 1576.831543 892.374207 1236.571777 0 133 112
v 1564.181396 895.146912 1236.894775 0 133 112
v 1564.083374 894.909973 1236.571777 0 133 112
v 1564.083374 894.909973 1236.571777 0 133 112
v 1576.831543 892.374207 1236.571777 0 133 112
v 1576.831543 892.630615 1236.894775 0 133 112
v 1564.272705 895.367310 1237.230957 0 133 112
v 1564.181396 895.146912 1236.894775 0 133 112
v 1564.181396 895.146912 1236.894775 0 133 112
v 1576.831543 892.630615 1236.894775 0 133 112
v 1576.831543 892.869202 1237.230957 0 133 112
v 1564.357056 895.570679 1237.579590 0 133 112
v 1564.272705 895.367310 1237.230957 0 133 112
v 1564.272705 895.367310 1237.230957 0 133 112
v 1576.831543 892.869202 1237.230957 0 133 112
v 1576.831543 893.089417 1237.579590 0 133 112
v 1564.434082 895.756714 1237.940186 0 133 112
v 1564.357056 895.570679 1237.579590 0 133 112
v 1564.357056 895.570679 1237.579590 0 133 112
v 1576.831543 893.089417 1237.579590 0 133 112
v 1576.831543 893.290588 1237.940186 0 133 112
v 1564.503662 895.924683 1238.311646 0 133 112
v 1564.434082 895.756714 1237.940186 0 133 112
v 1564.434082 895.756714 1237.940186 0 133 112
v 1576.831543 893.290588 1237.940186 0 133 112
v 1576.831543 893.472473 1238.311646 0 133 112
v 1564.565430 896.073975 1238.692383 0 133 112
v 1564.503662 895.924683 1238.311646 0 133 112
v 1564.503662 895.924683 1238.311646 0 133 112
v 1576.831543 893.472473 1238.311646 0 133 112
v 1576.831543 893.634094 1238.692383 0 133 112
v 1564.619263 896.203796 1239.080566 0 133 112
v 1564.565430 896.073975 1238.692383 0 133 112
v 1564.565430 896.073975 1238.692383 0 133 112
v 1576.831543 893.634094 1238.692383 0 133 112
v 1576.831543 893.774475 1239.080566 0 133 112
v 1564.664795 896.313904 1239.475342 0 133 112
v 1564.619263 896.203796 1239.080566 0 133 112
v 1564.619263 896.203796 1239.080566 0 133 112
v 1576.831543 893.774475 1239.080566 0 133 112
v 1576.831543 893.893799 1239.475342 0 133 112
v 1564.702271 896.404175 1239.875732 0 133 112
v 1564.664795 896.313904 1239.475342 0 133 112
v 1564.664795 896.313904 1239.475342 0 133 112
v 1576.831543 893.893799 1239.475342 0 133 112
v 1576.831543 893.991577 1239.875732 0 133 112
v 1564.731445 896.474487 1240.281250 0 133 112
v 1564.702271 896.404175 1239.875732 0 133 112
v 1564.702271 896.404175 1239.875732 0 133 112
v 1576.831543 893.991577 1239.875732 0 133 112
v 1576.831543 894.067627 1240.281250 0 133 112
v 1564.752197 896.524597 1240.690430 0 133 112
v 1564.731445 896.474487 1240.281250 0 133 112
v 1564.731445 896.474487 1240.281250 0 133 112
v 1576.831543 894.067627 1240.281250 0 133 112
v 1576.831543 894.121826 1240.690430 0 133 112
v 1576.831543 894.153870 1241.102783 0 133 112
v 1564.764404 896.554199 1241.102783 0 133 112
v 1564.752197 896.524597 1240.690430 0 133 112
v 1564.752197 896.524597 1240.690430 0 133 112
v 1576.831543 894.121826 1240.690430 0 133 112
v 1576.831543 894.153870 1241.102783 0 133 112
v 1576.831543 890.279724 1244.853027 0 133 112
v 1576.831543 894.153870 1241.102783 0 133 112
v 1576.831543 894.153870 1241.102783 0 133 112
v 1590.381226 892.974915 1244.853027 0 133 112
v 1576.831543 886.905029 1248.998291 0 133 112
v 1576.831543 890.279724 1244.853027 0 133 112
v 1576.831543 890.279724 1244.853027 0 133 112
v 1590.381226 892.974915 1244.853027 0 133 112
v 1591.672607 889.856995 1248.998291 0 133 112
v 1576.831543 884.054016 1253.488525 0 133 112
v 1576.831543 886.905029 1248.998291 0 133 112
v 1576.831543 886.905029 1248.998291 0 133 112
v 1591.672607 889.856995 1248.998291 0 133 112
v 1592.763672 887.223022 1253.488525 0 133 112
v 1576.831543 881.750916 1258.273682 0 133 112
v 1576.831543 884.054016 1253.488525 0 133 112
v 1576.831543 884.054016 1253.488525 0 133 112
v 1592.763672 887.223022 1253.488525 0 133 112
v 1593.645020 885.095276 1258.273682 0 133 112
v 1576.831543 880.020020 1263.302979 0 133 112
v 1576.831543 881.750916 1258.273682 0 133 112
v 1576.831543 881.750916 1258.273682 0 133 112
v 1593.645020 885.095276 1258.273682 0 133 112
v 1594.307373 883.496216 1263.302979 0 133 112
v 1576.831543 878.885376 1268.526611 0 133 112
v 1576.831543 880.020020 1263.302979 0 133 112
v 1576.831543 880.020020 1263.302979 0 133 112
v 1594.307373 883.496216 1263.302979 0 133 112
v 1594.741699 882.447876 1268.526611 0 133 112
v 1576.831543 878.371399 1273.893921 0 133 112
v 1576.831543 878.885376 1268.526611 0 133 112
v 1576.831543 878.885376 1268.526611 0 133 112
v 1594.741699 882.447876 1268.526611 0 133 112
v 1594.938354 881.973022 1273.893921 0 133 112
v 1576.831543 878.497192 1279.284424 0 133 112
v 1576.831543 878.371399 1273.893921 0 133 112
v 1576.831543 878.371399 1273.893921 0 133 112
v 1594.938354 881.973022 1273.893921 0 133 112
v 1594.890137 882.089172 1279.284424 0 133 112
v 1576.831543 879.252319 1284.576172 0 133 112
v 1576.831543 878.497192 1279.284424 0 133 112
v 1576.831543 878.497192 1279.284424 0 133 112
v 1594.890137 882.089172 1279.284424 0 133 112
v 1594.601196 882.786926 1284.576172 0 133 112
v 1576.831543 880.616211 1289.717285 0 133 112
v 1576.831543 879.252319 1284.576172 0 133 112
v 1576.831543 879.252319 1284.576172 0 133 112
v 1594.601196 882.786926 1284.576172 0 133 112
v 1594.079346 884.046997 1289.717285 0 133 112
v 1576.831543 882.568420 1294.655762 0 133 112
v 1576.831543 880.616211 1289.717285 0 133 112
v 1576.831543 880.616211 1289.717285 0 133 112
v 1594.079346 884.046997 1289.717285 0 133 112
v 1593.332275 885.850525 1294.655762 0 133 112
v 1576.831543 885.088318 1299.339844 0 133 112
v 1576.831543 882.568420 1294.655762 0 133 112
v 1576.831543 882.568420 1294.655762 0 133 112
v 1593.332275 885.850525 1294.655762 0 133 112
v 1592.367920 888.178589 1299.339844 0 133 112
v 1576.831543 888.155518 1303.717773 0 133 112
v 1576.831543 885.088318 1299.339844 0 133 112
v 1576.831543 885.088318 1299.339844 0 133 112
v 1592.367920 888.178589 1299.339844 0 133 112
v 1591.194092 891.012329 1303.717773 0 133 112
v 1576.831543 891.749329 1307.737305 0 133 112
v 1576.831543 888.155518 1303.717773 0 133 112
v 1576.831543 888.155518 1303.717773 0 133 112
v 1591.194092 891.012329 1303.717773 0 133 112
v 1589.818848 894.332581 1307.737305 0 133 112
v 1576.831543 895.794312 1311.302612 0 133 112
v 1576.831543 891.749329 1307.737305 0 133 112
v 1576.831543 891.749329 1307.737305 0 133 112
v 1589.818848 894.332581 1307.737305 0 133 112
v 1588.270874 898.069702 1311.302612 0 133 112
v 1576.831543 900.193726 1314.338501 0 133 112
v 1576.831543 895.794312 1311.302612 0 133 112
v 1576.831543 895.794312 1311.302612 0 133 112
v 1588.270874 898.069702 1311.302612 0 133 112
v 1586.587280 902.134277 1314.338501 0 133 112
v 1576.831543 904.895691 1316.825195 0 133 112
v 1576.831543 900.193726 1314.338501 0 133 112
v 1576.831543 900.193726 1314.338501 0 133 112
v 1586.587280 902.134277 1314.338501 0 133 112
v 1584.787842 906.478271 1316.825195 0 133 112
v 1576.831543 909.848022 1318.742188 0 133 112
v 1576.831543 904.895691 1316.825195 0 133 112
v 1576.831543 904.895691 1316.825195 0 133 112
v 1584.787842 906.478271 1316.825195 0 133 112
v 1582.892822 911.053589 1318.742188 0 133 112
v 1576.831543 914.998718 1320.069336 0 133 112
v 1576.831543 909.848022 1318.742188 0 133 112
v 1576.831543 909.848022 1318.742188 0 133 112
v 1582.892822 911.053589 1318.742188 0 133 112
v 1580.921631 915.812195 1320.069336 0 133 112
v 1576.831543 920.295593 1320.786987 0 133 112
v 1576.831543 914.998718 1320.069336 0 133 112
v 1576.831543 914.998718 1320.069336 0 133 112
v 1580.921631 915.812195 1320.069336 0 133 112
v 1578.894531 920.705872 1320.786987 0 133 112
v 1576.831543 925.686829 1320.874634 0 133 112
v 1576.831543 925.686829 1320.874634 0 133 112
v 1576.831543 920.295593 1320.786987 0 133 112
v 1576.831543 920.295593 1320.786987 0 133 112
v 1578.894531 920.705872 1320.786987 0 133 112
v 1576.831543 925.686829 1320.874634 0 133 112
v 1576.831787 925.846680 0.000000 0 133 112
v 1576.831543 925.686829 1320.874634 0 133 112
v 1576.831543 925.686829 1320.874634 0 133 112
v 1576.831543 925.686829 1320.874634 0 133 112
v 1576.770508 925.834473 0.000000 0 133 112
v 1576.831787 886.112488 0.000000 0 133 112
v 1576.831787 925.846680 0.000000 0 133 112
v 1576.831787 925.846680 0.000000 0 133 112
v 1576.770508 925.834473 0.000000 0 133 112
v 1591.976074 889.124878 0.000000 0 133 112
v 1576.831543 886.114014 1230.105469 0 133 112
v 1576.831787 886.112488 0.000000 0 133 112
v 1576.831787 886.112488 0.000000 0 133 112
v 1591.976074 889.124878 0.000000 0 133 112
v 1591.975342 889.126282 1230.105469 0 133 112
v 1576.831543 886.176575 1230.390137 0 133 112
v 1576.831543 886.114014 1230.105469 0 133 112
v 1576.831543 886.114014 1230.105469 0 133 112
v 1591.975342 889.126282 1230.105469 0 133 112
v 1591.951416 889.184082 1230.390137 0 133 112
v 1576.831543 886.256104 1230.661865 0 133 112
v 1576.831543 886.176575 1230.390137 0 133 112
v 1576.831543 886.176575 1230.390137 0 133 112
v 1591.951416 889.184082 1230.390137 0 133 112
v 1591.920898 889.257629 1230.661865 0 133 112
v 1576.831543 886.351013 1230.924072 0 133 112
v 1576.831543 886.256104 1230.661865 0 133 112
v 1576.831543 886.256104 1230.661865 0 133 112
v 1591.920898 889.257629 1230.661865 0 133 112
v 1591.884644 889.345276 1230.924072 0 133 112
v 1576.831543 886.459717 1231.180176 0 133 112
v 1576.831543 886.351013 1230.924072 0 133 112
v 1576.831543 886.351013 1230.924072 0 133 112
v 1591.884644 889.345276 1230.924072 0 133 112
v 1591.843018 889.445679 1231.180176 0 133 112
v 1576.831543 886.580505 1231.433105 0 133 112
v 1576.831543 886.459717 1231.180176 0 133 112
v 1576.831543 886.459717 1231.180176 0 133 112
v 1591.843018 889.445679 1231.180176 0 133 112
v 1591.796875 889.557312 1231.433105 0 133 112
v 1576.831543 886.711914 1231.686279 0 133 112
v 1576.831543 886.580505 1231.433105 0 133 112
v 1576.831543 886.580505 1231.433105 0 133 112
v 1591.796875 889.557312 1231.433105 0 133 112
v 1591.746582 889.678589 1231.686279 0 133 112
v 1576.831543 886.852112 1231.942993 0 133 112
v 1576.831543 886.711914 1231.686279 0 133 112
v 1576.831543 886.711914 1231.686279 0 133 112
v 1591.746582 889.678589 1231.686279 0 133 112
v 1591.692871 889.808228 1231.942993 0 133 112
v 1576.831543 887.002075 1232.198730 0 133 112
v 1576.831543 886.852112 1231.942993 0 133 112
v 1576.831543 886.852112 1231.942993 0 133 112
v 1591.692871 889.808228 1231.942993 0 133 112
v 1591.635498 889.946777 1232.198730 0 133 112
v 1576.831543 887.163696 1232.447021 0 133 112
v 1576.831543 887.002075 1232.198730 0 133 112
v 1576.831543 887.002075 1232.198730 0 133 112
v 1591.635498 889.946777 1232.198730 0 133 112
v 1591.573730 890.096130 1232.447021 0 133 112
v 1576.831543 887.336487 1232.687256 0 133 112
v 1576.831543 887.163696 1232.447021 0 133 112
v 1576.831543 887.163696 1232.447021 0 133 112
v 1591.573730 890.096130 1232.447021 0 133 112
v 1591.507568 890.255676 1232.687256 0 133 112
v 1576.831543 887.520325 1232.919189 0 133 112
v 1576.831543 887.336487 1232.687256 0 133 112
v 1576.831543 887.336487 1232.687256 0 133 112
v 1591.507568 890.255676 1232.687256 0 133 112
v 1591.437256 890.425476 1232.919189 0 133 112
v 1576.831543 887.714600 1233.142334 0 133 112
v 1576.831543 887.520325 1232.919189 0 133 112
v 1576.831543 887.520325 1232.919189 0 133 112
v 1591.437256 890.425476 1232.919189 0 133 112
v 1591.362793 890.604980 1233.142334 0 133 112
v 1576.831543 887.919312 1233.356323 0 133 112
v 1576.831543 887.714600 1233.142334 0 133 112
v 1576.831543 887.714600 1233.142334 0 133 112
v 1591.362793 890.604980 1233.142334 0 133 112
v 1591.284424 890.794128 1233.356323 0 133 112
v 1576.831543 888.133972 1233.560791 0 133 112
v 1576.831543 887.919312 1233.356323 0 133 112
v 1576.831543 887.919312 1233.356323 0 133 112
v 1591.284424 890.794128 1233.356323 0 133 112
v 1591.202393 890.992615 1233.560791 0 133 112
v 1576.831543 888.358215 1233.755127 0 133 112
v 1576.831543 888.133972 1233.560791 0 133 112
v 1576.831543 888.133972 1233.560791 0 133 112
v 1591.202393 890.992615 1233.560791 0 133 112
v 1591.116577 891.199585 1233.755127 0 133 112
v 1576.831543 888.591003 1233.938599 0 133 112
v 1576.831543 888.358215 1233.755127 0 133 112
v 1576.831543 888.358215 1233.755127 0 133 112
v 1591.116577 891.199585 1233.755127 0 133 112
v 1591.027466 891.414673 1233.938599 0 133 112
v 1576.831543 888.832092 1234.110840 0 133 112
v 1576.831543 888.591003 1233.938599 0 133 112
v 1576.831543 888.591003 1233.938599 0 133 112
v 1591.027466 891.414673 1233.938599 0 133 112
v 1590.935181 891.637512 1234.110840 0 133 112
v 1576.831543 889.080872 1234.271729 0 133 112
v 1576.831543 888.832092 1234.110840 0 133 112
v 1576.831543 888.832092 1234.110840 0 133 112
v 1590.935181 891.637512 1234.110840 0 133 112
v 1590.840088 891.867188 1234.271729 0 133 112
v 1576.831543 889.336914 1234.420898 0 133 112
v 1576.831543 889.080872 1234.271729 0 133 112
v 1576.831543 889.080872 1234.271729 0 133 112
v 1590.840088 891.867188 1234.271729 0 133 112
v 1590.741943 892.103821 1234.420898 0 133 112
v 1576.831543 889.599609 1234.558105 0 133 112
v 1576.831543 889.336914 1234.420898 0 133 112
v 1576.831543 889.336914 1234.420898 0 133 112
v 1590.741943 892.103821 1234.420898 0 133 112
v 1590.641479 892.346619 1234.558105 0 133 112
v 1576.831543 889.868713 1234.683105 0 133 112
v 1576.831543 889.599609 1234.558105 0 133 112
v 1576.831543 889.599609 1234.558105 0 133 112
v 1590.641479 892.346619 1234.558105 0 133 112
v 1590.538574 892.595093 1234.683105 0 133 112
v 1576.831543 890.221313 1234.834229 0 133 112
v 1576.831543 889.868713 1234.683105 0 133 112
v 1576.831543 889.868713 1234.683105 0 133 112
v 1590.538574 892.595093 1234.683105 0 133 112
v 1590.403564 892.921021 1234.834229 0 133 112
v 1576.831543 890.522888 1234.980591 0 133 112
v 1576.831543 890.221313 1234.834229 0 133 112
v 1576.831543 890.221313 1234.834229 0 133 112
v 1590.403564 892.921021 1234.834229 0 133 112
v 1590.288086 893.199524 1234.980591 0 133 112
v 1576.831543 890.788818 1235.131592 0 133 112
v 1576.831543 890.522888 1234.980591 0 133 112
v 1576.831543 890.522888 1234.980591 0 133 112
v 1590.288086 893.199524 1234.980591 0 133 112
v 1590.186401 893.445313 1235.131592 0 133 112
v 1576.831543 891.034912 1235.296387 0 133 112
v 1576.831543 890.788818 1235.131592 0 133 112
v 1576.831543 890.788818 1235.131592 0 133 112
v 1590.186401 893.445313 1235.131592 0 133 112
v 1590.092285 893.672485 1235.296387 0 133 112
v 1576.831543 891.276672 1235.484863 0 133 112
v 1576.831543 891.034912 1235.296387 0 133 112
v 1576.831543 891.034912 1235.296387 0 133 112
v 1590.092285 893.672485 1235.296387 0 133 112
v 1589.999756 893.895874 1235.484863 0 133 112
v 1576.831543 891.529785 1235.705566 0 133 112
v 1576.831543 891.276672 1235.484863 0 133 112
v 1576.831543 891.276672 1235.484863 0 133 112
v 1589.999756 893.895874 1235.484863 0 133 112
v 1589.902832 894.129822 1235.705566 0 133 112
v 1576.831543 891.809875 1235.968506 0 133 112
v 1576.831543 891.529785 1235.705566 0 133 112
v 1576.831543 891.529785 1235.705566 0 133 112
v 1589.902832 894.129822 1235.705566 0 133 112
v 1589.795654 894.388489 1235.968506 0 133 112
v 1576.831543 892.100525 1236.262695 0 133 112
v 1576.831543 891.809875 1235.968506 0 133 112
v 1576.831543 891.809875 1235.968506 0 133 112
v 1589.795654 894.388489 1235.968506 0 133 112
v 1589.684448 894.656982 1236.262695 0 133 112
v 1576.831543 892.374207 1236.571777 0 133 112
v 1576.831543 892.100525 1236.262695 0 133 112
v 1576.831543 892.100525 1236.262695 0 133 112
v 1589.684448 894.656982 1236.262695 0 133 112
v 1589.579712 894.909912 1236.571777 0 133 112
v 1576.831543 892.630615 1236.894775 0 133 112
v 1576.831543 892.374207 1236.571777 0 133 112
v 1576.831543 892.374207 1236.571777 0 133 112
v 1589.579712 894.909912 1236.571777 0 133 112
v 1589.481567 895.146912 1236.894775 0 133 112
v 1576.831543 892.869202 1237.230957 0 133 112
v 1576.831543 892.630615 1236.894775 0 133 112
v 1576.831543 892.630615 1236.894775 0 133 112
v 1589.481567 895.146912 1236.894775 0 133 112
v 1589.390259 895.367188 1237.230957 0 133 112
v 1576.831543 893.089417 1237.579590 0 133 112
v 1576.831543 892.869202 1237.230957 0 133 112
v 1576.831543 892.869202 1237.230957 0 133 112
v 1589.390259 895.367188 1237.230957 0 133 112
v 1589.306030 895.570679 1237.579590 0 133 112
v 1576.831543 893.290588 1237.940186 0 133 112
v 1576.831543 893.089417 1237.579590 0 133 112
v 1576.831543 893.089417 1237.579590 0 133 112
v 1589.306030 895.570679 1237.579590 0 133 112
v 1589.229004 895.756714 1237.940186 0 133 112
v 1576.831543 893.472473 1238.311646 0 133 112
v 1576.831543 893.290588 1237.940186 0 133 112
v 1576.831543 893.290588 1237.940186 0 133 112
v 1589.229004 895.756714 1237.940186 0 133 112
v 1589.159424 895.924683 1238.311646 0 133 112
v 1576.831543 893.634094 1238.692383 0 133 112
v 1576.831543 893.472473 1238.311646 0 133 112
v 1576.831543 893.472473 1238.311646 0 133 112
v 1589.159424 895.924683 1238.311646 0 133 112
v 1589.097534 896.073914 1238.692383 0 133 112
v 1576.831543 893.774475 1239.080566 0 133 112
v 1576.831543 893.634094 1238.692383 0 133 112
v 1576.831543 893.634094 1238.692383 0 133 112
v 1589.097534 896.073914 1238.692383 0 133 112
v 1589.043823 896.203674 1239.080566 0 133 112
v 1576.831543 893.893799 1239.475342 0 133 112
v 1576.831543 893.774475 1239.080566 0 133 112
v 1576.831543 893.774475 1239.080566 0 133 112
v 1589.043823 896.203674 1239.080566 0 133 112
v 1588.998169 896.313782 1239.475342 0 133 112
v 1576.831543 893.991577 1239.875732 0 133 112
v 1576.831543 893.893799 1239.475342 0 133 112
v 1576.831543 893.893799 1239.475342 0 133 112
v 1588.998169 896.313782 1239.475342 0 133 112
v 1588.960693 896.404175 1239.875732 0 133 112
v 1576.831543 894.067627 1240.281250 0 133 112
v 1576.831543 893.991577 1239.875732 0 133 112
v 1576.831543 893.991577 1239.875732 0 133 112
v 1588.960693 896.404175 1239.875732 0 133 112
v 1588.931641 896.474487 1240.281250 0 133 112
v 1576.831543 894.121826 1240.690430 0 133 112
v 1576.831543 894.067627 1240.281250 0 133 112
v 1576.831543 894.067627 1240.281250 0 133 112
v 1588.931641 896.474487 1240.281250 0 133 112
v 1588.910889 896.524475 1240.690430 0 133 112
v 1588.898682 896.554077 1241.102783 0 133 112
v 1576.831543 894.153870 1241.102783 0 133 112
v 1576.831543 894.121826 1240.690430 0 133 112
v 1576.831543 894.121826 1240.690430 0 133 112
v 1588.910889 896.524475 1240.690430 0 133 112
v 1588.898682 896.554077 1241.102783 0 133 112
v 1590.381226 892.974915 1244.853027 0 133 112
v 1588.898682 896.554077 1241.102783 0 133 112
v 1588.898682 896.554077 1241.102783 0 133 112
v 1601.868164 900.650085 1244.853027 0 133 112
v 1591.672607 889.856995 1248.998291 0 133 112
v 1590.381226 892.974915 1244.853027 0 133 112
v 1590.381226 892.974915 1244.853027 0 133 112
v 1601.868164 900.650085 1244.853027 0 133 112
v 1604.254395 898.263794 1248.998291 0 133 112
v 1592.763672 887.223022 1253.488525 0 133 112
v 1591.672607 889.856995 1248.998291 0 133 112
v 1591.672607 889.856995 1248.998291 0 133 112
v 1604.254395 898.263794 1248.998291 0 133 112
v 1606.270386 896.247925 1253.488525 0 133 112
v 1593.645020 885.095276 1258.273682 0 133 112
v 1592.763672 887.223022 1253.488525 0 133 112
v 1592.763672 887.223022 1253.488525 0 133 112
v 1606.270386 896.247925 1253.488525 0 133 112
v 1607.898926 894.619385 1258.273682 0 133 112
v 1594.307373 883.496216 1263.302979 0 133 112
v 1593.645020 885.095276 1258.273682 0 133 112
v 1593.645020 885.095276 1258.273682 0 133 112
v 1607.898926 894.619385 1258.273682 0 133 112
v 1609.122803 893.395386 1263.302979 0 133 112
v 1594.741699 882.447876 1268.526611 0 133 112
v 1594.307373 883.496216 1263.302979 0 133 112
v 1594.307373 883.496216 1263.302979 0 133 112
v 1609.122803 893.395386 1263.302979 0 133 112
v 1609.925049 892.593079 1268.526611 0 133 112
v 1594.938354 881.973022 1273.893921 0 133 112
v 1594.741699 882.447876 1268.526611 0 133 112
v 1594.741699 882.447876 1268.526611 0 133 112
v 1609.925049 892.593079 1268.526611 0 133 112
v 1610.288574 892.229675 1273.893921 0 133 112
v 1594.890137 882.089172 1279.284424 0 133 112
v 1594.938354 881.973022 1273.893921 0 133 112
v 1594.938354 881.973022 1273.893921 0 133 112
v 1610.288574 892.229675 1273.893921 0 133 112
v 1610.199707 892.318726 1279.284424 0 133 112
v 1594.601196 882.786926 1284.576172 0 133 112
v 1594.890137 882.089172 1279.284424 0 133 112
v 1594.890137 882.089172 1279.284424 0 133 112
v 1610.199707 892.318726 1279.284424 0 133 112
v 1609.665649 892.852600 1284.576172 0 133 112
v 1594.079346 884.046997 1289.717285 0 133 112
v 1594.601196 882.786926 1284.576172 0 133 112
v 1594.601196 882.786926 1284.576172 0 133 112
v 1609.665649 892.852600 1284.576172 0 133 112
v 1608.701172 893.817017 1289.717285 0 133 112
v 1593.332275 885.850525 1294.655762 0 133 112
v 1594.079346 884.046997 1289.717285 0 133 112
v 1594.079346 884.046997 1289.717285 0 133 112
v 1608.701172 893.817017 1289.717285 0 133 112
v 1607.320801 895.197388 1294.655762 0 133 112
v 1592.367920 888.178589 1299.339844 0 133 112
v 1593.332275 885.850525 1294.655762 0 133 112
v 1593.332275 885.850525 1294.655762 0 133 112
v 1607.320801 895.197388 1294.655762 0 133 112
v 1605.539063 896.979187 1299.339844 0 133 112
v 1591.194092 891.012329 1303.717773 0 133 112
v 1592.367920 888.178589 1299.339844 0 133 112
v 1592.367920 888.178589 1299.339844 0 133 112
v 1605.539063 896.979187 1299.339844 0 133 112
v 1603.370117 899.148071 1303.717773 0 133 112
v 1589.818848 894.332581 1307.737305 0 133 112
v 1591.194092 891.012329 1303.717773 0 133 112
v 1591.194092 891.012329 1303.717773 0 133 112
v 1603.370117 899.148071 1303.717773 0 133 112
v 1600.828979 901.689270 1307.737305 0 133 112
v 1588.270874 898.069702 1311.302612 0 133 112
v 1589.818848 894.332581 1307.737305 0 133 112
v 1589.818848 894.332581 1307.737305 0 133 112
v 1600.828979 901.689270 1307.737305 0 133 112
v 1597.968750 904.549500 1311.302612 0 133 112
v 1586.587280 902.134277 1314.338501 0 133 112
v 1588.270874 898.069702 1311.302612 0 133 112
v 1588.270874 898.069702 1311.302612 0 133 112
v 1597.968750 904.549500 1311.302612 0 133 112
v 1594.857910 907.660400 1314.338501 0 133 112
v 1584.787842 906.478271 1316.825195 0 133 112
v 1586.587280 902.134277 1314.338501 0 133 112
v 1586.587280 902.134277 1314.338501 0 133 112
v 1594.857910 907.660400 1314.338501 0 133 112
v 1591.533081 910.985229 1316.825195 0 133 112
v 1582.892822 911.053589 1318.742188 0 133 112
v 1584.787842 906.478271 1316.825195 0 133 112
v 1584.787842 906.478271 1316.825195 0 133 112
v 1591.533081 910.985229 1316.825195 0 133 112
v 1588.031250 914.487000 1318.742188 0 133 112
v 1580.921631 915.812195 1320.069336 0 133 112
v 1582.892822 911.053589 1318.742188 0 133 112
v 1582.892822 911.053589 1318.742188 0 133 112
v 1588.031250 914.487000 1318.742188 0 133 112
v 1584.389160 918.129028 1320.069336 0 133 112
v 1578.894531 920.705872 1320.786987 0 133 112
v 1580.921631 915.812195 1320.069336 0 133 112
v 1580.921631 915.812195 1320.069336 0 133 112
v 1584.389160 918.129028 1320.069336 0 133 112
v 1580.643677 921.874573 1320.786987 0 133 112
v 1576.831543 925.686707 1320.874634 0 133 112
v 1576.831543 925.686829 1320.874634 0 133 112
v 1578.894531 920.705872 1320.786987 0 133 112
v 1578.894531 920.705872 1320.786987 0 133 112
v 1580.643677 921.874573 1320.786987 0 133 112
v 1576.831543 925.686707 1320.874634 0 133 112
v 1576.770508 925.834473 0.000000 0 133 112
v 1576.831543 925.686829 1320.874634 0 133 112
v 1576.831543 925.686829 1320.874634 0 133 112
v 1576.831543 925.686707 1320.874634 0 133 112
v 1576.718506 925.799927 0.000000 0 133 112
v 1591.976074 889.124878 0.000000 0 133 112
v 1576.770508 925.834473 0.000000 0 133 112
v 1576.770508 925.834473 0.000000 0 133 112
v 1576.718506 925.799927 0.000000 0 133 112
v 1604.814819 897.703613 0.000000 0 133 112
v 1591.975342 889.126282 1230.105469 0 133 112
v 1591.976074 889.124878 0.000000 0 133 112
v 1591.976074 889.124878 0.000000 0 133 112
v 1604.814819 897.703613 0.000000 0 133 112
v 1604.813721 897.704590 1230.105469 0 133 112
v 1591.951416 889.184082 1230.390137 0 133 112
v 1591.975342 889.126282 1230.105469 0 133 112
v 1591.975342 889.126282 1230.105469 0 133 112
v 1604.813721 897.704590 1230.105469 0 133 112
v 1604.769531 897.748779 1230.390137 0 133 112
v 1591.920898 889.257629 1230.661865 0 133 112
v 1591.951416 889.184082 1230.390137 0 133 112
v 1591.951416 889.184082 1230.390137 0 133 112
v 1604.769531 897.748779 1230.390137 0 133 112
v 1604.713257 897.805115 1230.661865 0 133 112
v 1591.884644 889.345276 1230.924072 0 133 112
v 1591.920898 889.257629 1230.661865 0 133 112
v 1591.920898 889.257629 1230.661865 0 133 112
v 1604.713257 897.805115 1230.661865 0 133 112
v 1604.646118 897.872070 1230.924072 0 133 112
v 1591.843018 889.445679 1231.180176 0 133 112
v 1591.884644 889.345276 1230.924072 0 133 112
v 1591.884644 889.345276 1230.924072 0 133 112
v 1604.646118 897.872070 1230.924072 0 133 112
v 1604.569336 897.948975 1231.180176 0 133 112
v 1591.796875 889.557312 1231.433105 0 133 112
v 1591.843018 889.445679 1231.180176 0 133 112
v 1591.843018 889.445679 1231.180176 0 133 112
v 1604.569336 897.948975 1231.180176 0 133 112
v 1604.483887 898.034424 1231.433105 0 133 112
v 1591.746582 889.678589 1231.686279 0 133 112
v 1591.796875 889.557312 1231.433105 0 133 112
v 1591.796875 889.557312 1231.433105 0 133 112
v 1604.483887 898.034424 1231.433105 0 133 112
v 1604.390991 898.127319 1231.686279 0 133 112
v 1591.692871 889.808228 1231.942993 0 133 112
v 1591.746582 889.678589 1231.686279 0 133 112
v 1591.746582 889.678589 1231.686279 0 133 112
v 1604.390991 898.127319 1231.686279 0 133 112
v 1604.291748 898.226379 1231.942993 0 133 112
v 1591.635498 889.946777 1232.198730 0 133 112
v 1591.692871 889.808228 1231.942993 0 133 112
v 1591.692871 889.808228 1231.942993 0 133 112
v 1604.291748 898.226379 1231.942993 0 133 112
v 1604.185791 898.332581 1232.198730 0 133 112
v 1591.573730 890.096130 1232.447021 0 133 112
v 1591.635498 889.946777 1232.198730 0 133 112
v 1591.635498 889.946777 1232.198730 0 133 112
v 1604.185791 898.332581 1232.198730 0 133 112
v 1604.071533 898.446777 1232.447021 0 133 112
v 1591.507568 890.255676 1232.687256 0 133 112
v 1591.573730 890.096130 1232.447021 0 133 112
v 1591.573730 890.096130 1232.447021 0 133 112
v 1604.071533 898.446777 1232.447021 0 133 112
v 1603.949219 898.568970 1232.687256 0 133 112
v 1591.437256 890.425476 1232.919189 0 133 112
v 1591.507568 890.255676 1232.687256 0 133 112
v 1591.507568 890.255676 1232.687256 0 133 112
v 1603.949219 898.568970 1232.687256 0 133 112
v 1603.819336 898.698914 1232.919189 0 133 112
v 1591.362793 890.604980 1233.142334 0 133 112
v 1591.437256 890.425476 1232.919189 0 133 112
v 1591.437256 890.425476 1232.919189 0 133 112
v 1603.819336 898.698914 1232.919189 0 133 112
v 1603.681885 898.836426 1233.142334 0 133 112
v 1591.284424 890.794128 1233.356323 0 133 112
v 1591.362793 890.604980 1233.142334 0 133 112
v 1591.362793 890.604980 1233.142334 0 133 112
v 1603.681885 898.836426 1233.142334 0 133 112
v 1603.537109 898.981079 1233.356323 0 133 112
v 1591.202393 890.992615 1233.560791 0 133 112
v 1591.284424 890.794128 1233.356323 0 133 112
v 1591.284424 890.794128 1233.356323 0 133 112
v 1603.537109 898.981079 1233.356323 0 133 112
v 1603.385376 899.132874 1233.560791 0 133 112
v 1591.116577 891.199585 1233.755127 0 133 112
v 1591.202393 890.992615 1233.560791 0 133 112
v 1591.202393 890.992615 1233.560791 0 133 112
v 1603.385376 899.132874 1233.560791 0 133 112
v 1603.226807 899.291382 1233.755127 0 133 112
v 1591.027466 891.414673 1233.938599 0 133 112
v 1591.116577 891.199585 1233.755127 0 133 112
v 1591.116577 891.199585 1233.755127 0 133 112
v 1603.226807 899.291382 1233.755127 0 133 112
v 1603.062256 899.456116 1233.938599 0 133 112
v 1590.935181 891.637512 1234.110840 0 133 112
v 1591.027466 891.414673 1233.938599 0 133 112
v 1591.027466 891.414673 1233.938599 0 133 112
v 1603.062256 899.456116 1233.938599 0 133 112
v 1602.891846 899.626526 1234.110840 0 133 112
v 1590.840088 891.867188 1234.271729 0 133 112
v 1590.935181 891.637512 1234.110840 0 133 112
v 1590.935181 891.637512 1234.110840 0 133 112
v 1602.891846 899.626526 1234.110840 0 133 112
v 1602.715820 899.802429 1234.271729 0 133 112
v 1590.741943 892.103821 1234.420898 0 133 112
v 1590.840088 891.867188 1234.271729 0 133 112
v 1590.840088 891.867188 1234.271729 0 133 112
v 1602.715820 899.802429 1234.271729 0 133 112
v 1602.534790 899.983521 1234.420898 0 133 112
v 1590.641479 892.346619 1234.558105 0 133 112
v 1590.741943 892.103821 1234.420898 0 133 112
v 1590.741943 892.103821 1234.420898 0 133 112
v 1602.534790 899.983521 1234.420898 0 133 112
v 1602.348999 900.169312 1234.558105 0 133 112
v 1590.538574 892.595093 1234.683105 0 133 112
v 1590.641479 892.346619 1234.558105 0 133 112
v 1590.641479 892.346619 1234.558105 0 133 112
v 1602.348999 900.169312 1234.558105 0 133 112
v 1602.158691 900.359497 1234.683105 0 133 112
v 1590.403564 892.921021 1234.834229 0 133 112
v 1590.538574 892.595093 1234.683105 0 133 112
v 1590.538574 892.595093 1234.683105 0 133 112
v 1602.158691 900.359497 1234.683105 0 133 112
v 1601.909424 900.608887 1234.834229 0 133 112
v 1590.288086 893.199524 1234.980591 0 133 112
v 1590.403564 892.921021 1234.834229 0 133 112
v 1590.403564 892.921021 1234.834229 0 133 112
v 1601.909424 900.608887 1234.834229 0 133 112
v 1601.696167 900.822083 1234.980591 0 133 112
v 1590.186401 893.445313 1235.131592 0 133 112
v 1590.288086 893.199524 1234.980591 0 133 112
v 1590.288086 893.199524 1234.980591 0 133 112
v 1601.696167 900.822083 1234.980591 0 133 112
v 1601.508057 901.010071 1235.131592 0 133 112
v 1590.092285 893.672485 1235.296387 0 133 112
v 1590.186401 893.445313 1235.131592 0 133 112
v 1590.186401 893.445313 1235.131592 0 133 112
v 1601.508057 901.010071 1235.131592 0 133 112
v 1601.334106 901.184082 1235.296387 0 133 112
v 1589.999756 893.895874 1235.484863 0 133 112
v 1590.092285 893.672485 1235.296387 0 133 112
v 1590.092285 893.672485 1235.296387 0 133 112
v 1601.334106 901.184082 1235.296387 0 133 112
v 1601.163086 901.355103 1235.484863 0 133 112
v 1589.902832 894.129822 1235.705566 0 133 112
v 1589.999756 893.895874 1235.484863 0 133 112
v 1589.999756 893.895874 1235.484863 0 133 112
v 1601.163086 901.355103 1235.484863 0 133 112
v 1600.984131 901.534119 1235.705566 0 133 112
v 1589.795654 894.388489 1235.968506 0 133 112
v 1589.902832 894.129822 1235.705566 0 133 112
v 1589.902832 894.129822 1235.705566 0 133 112
v 1600.984131 901.534119 1235.705566 0 133 112
v 1600.786133 901.732117 1235.968506 0 133 112
v 1589.684448 894.656982 1236.262695 0 133 112
v 1589.795654 894.388489 1235.968506 0 133 112
v 1589.795654 894.388489 1235.968506 0 133 112
v 1600.786133 901.732117 1235.968506 0 133 112
v 1600.580688 901.937622 1236.262695 0 133 112
v 1589.579712 894.909912 1236.571777 0 133 112
v 1589.684448 894.656982 1236.262695 0 133 112
v 1589.684448 894.656982 1236.262695 0 133 112
v 1600.580688 901.937622 1236.262695 0 133 112
v 1600.387085 902.131226 1236.571777 0 133 112
v 1589.481567 895.146912 1236.894775 0 133 112
v 1589.579712 894.909912 1236.571777 0 133 112
v 1589.579712 894.909912 1236.571777 0 133 112
v 1600.387085 902.131226 1236.571777 0 133 112
v 1600.205811 902.312500 1236.894775 0 133 112
v 1589.390259 895.367188 1237.230957 0 133 112
v 1589.481567 895.146912 1236.894775 0 133 112
v 1589.481567 895.146912 1236.894775 0 133 112
v 1600.205811 902.312500 1236.894775 0 133 112
v 1600.037109 902.481201 1237.230957 0 133 112
v 1589.306030 895.570679 1237.579590 0 133 112
v 1589.390259 895.367188 1237.230957 0 133 112
v 1589.390259 895.367188 1237.230957 0 133 112
v 1600.037109 902.481201 1237.230957 0 133 112
v 1599.881348 902.636902 1237.579590 0 133 112
v 1589.229004 895.756714 1237.940186 0 133 112
v 1589.306030 895.570679 1237.579590 0 133 112
v 1589.306030 895.570679 1237.579590 0 133 112
v 1599.881348 902.636902 1237.579590 0 133 112
v 1599.739014 902.779175 1237.940186 0 133 112
v 1589.159424 895.924683 1238.311646 0 133 112
v 1589.229004 895.756714 1237.940186 0 133 112
v 1589.229004 895.756714 1237.940186 0 133 112
v 1599.739014 902.779175 1237.940186 0 133 112
v 1599.610474 902.907776 1238.311646 0 133 112
v 1589.097534 896.073914 1238.692383 0 133 112
v 1589.159424 895.924683 1238.311646 0 133 112
v 1589.159424 895.924683 1238.311646 0 133 112
v 1599.610474 902.907776 1238.311646 0 133 112
v 1599.496216 903.021973 1238.692383 0 133 112
v 1589.043823 896.203674 1239.080566 0 133 112
v 1589.097534 896.073914 1238.692383 0 133 112
v 1589.097534 896.073914 1238.692383 0 133 112
v 1599.496216 903.021973 1238.692383 0 133 112
v 1599.396973 903.121399 1239.080566 0 133 112
v 1588.998169 896.313782 1239.475342 0 133 112
v 1589.043823 896.203674 1239.080566 0 133 112
v 1589.043823 896.203674 1239.080566 0 133 112
v 1599.396973 903.121399 1239.080566 0 133 112
v 1599.312500 903.205688 1239.475342 0 133 112
v 1588.960693 896.404175 1239.875732 0 133 112
v 1588.998169 896.313782 1239.475342 0 133 112
v 1588.998169 896.313782 1239.475342 0 133 112
v 1599.312500 903.205688 1239.475342 0 133 112
v 1599.243408 903.274780 1239.875732 0 133 112
v 1588.931641 896.474487 1240.281250 0 133 112
v 1588.960693 896.404175 1239.875732 0 133 112
v 1588.960693 896.404175 1239.875732 0 133 112
v 1599.243408 903.274780 1239.875732 0 133 112
v 1599.189697 903.328613 1240.281250 0 133 112
v 1588.910889 896.524475 1240.690430 0 133 112
v 1588.931641 896.474487 1240.281250 0 133 112
v 1588.931641 896.474487 1240.281250 0 133 112
v 1599.189697 903.328613 1240.281250 0 133 112
v 1599.151367 903.366882 1240.690430 0 133 112
v 1599.128662 903.389587 1241.102783 0 133 112
v 1588.898682 896.554077 1241.102783 0 133 112
v 1588.910889 896.524475 1240.690430 0 133 112
v 1588.910889 896.524475 1240.690430 0 133 112
v 1599.151367 903.366882 1240.690430 0 133 112
v 1599.128662 903.389587 1241.102783 0 133 112
v 1601.868164 900.650085 1244.853027 0 133 112
v 1599.128662 903.389587 1241.102783 0 133 112
v 1599.128662 903.389587 1241.102783 0 133 112
v 1609.543457 912.137024 1244.853027 0 133 112
v 1604.254395 898.263794 1248.998291 0 133 112
v 1601.868164 900.650085 1244.853027 0 133 112
v 1601.868164 900.650085 1244.853027 0 133 112
v 1609.543457 912.137024 1244.853027 0 133 112
v 1612.661377 910.845520 1248.998291 0 133 112
v 1606.270386 896.247925 1253.488525 0 133 112
v 1604.254395 898.263794 1248.998291 0 133 112
v 1604.254395 898.263794 1248.998291 0 133 112
v 1612.661377 910.845520 1248.998291 0 133 112
v 1615.295288 909.754517 1253.488525 0 133 112
v 1607.898926 894.619385 1258.273682 0 133 112
v 1606.270386 896.247925 1253.488525 0 133 112
v 1606.270386 896.247925 1253.488525 0 133 112
v 1615.295288 909.754517 1253.488525 0 133 112
v 1617.423096 908.873230 1258.273682 0 133 112
v 1609.122803 893.395386 1263.302979 0 133 112
v 1607.898926 894.619385 1258.273682 0 133 112
v 1607.898926 894.619385 1258.273682 0 133 112
v 1617.423096 908.873230 1258.273682 0 133 112
v 1619.022217 908.210815 1263.302979 0 133 112
v 1609.925049 892.593079 1268.526611 0 133 112
v 1609.122803 893.395386 1263.302979 0 133 112
v 1609.122803 893.395386 1263.302979 0 133 112
v 1619.022217 908.210815 1263.302979 0 133 112
v 1620.070435 907.776611 1268.526611 0 133 112
v 1610.288574 892.229675 1273.893921 0 133 112
v 1609.925049 892.593079 1268.526611 0 133 112
v 1609.925049 892.593079 1268.526611 0 133 112
v 1620.070435 907.776611 1268.526611 0 133 112
v 1620.545288 907.579895 1273.893921 0 133 112
v 1610.199707 892.318726 1279.284424 0 133 112
v 1610.288574 892.229675 1273.893921 0 133 112
v 1610.288574 892.229675 1273.893921 0 133 112
v 1620.545288 907.579895 1273.893921 0 133 112
v 1620.429077 907.627991 1279.284424 0 133 112
v 1609.665649 892.852600 1284.576172 0 133 112
v 1610.199707 892.318726 1279.284424 0 133 112
v 1610.199707 892.318726 1279.284424 0 133 112
v 1620.429077 907.627991 1279.284424 0 133 112
v 1619.731445 907.916992 1284.576172 0 133 112
v 1608.701172 893.817017 1289.717285 0 133 112
v 1609.665649 892.852600 1284.576172 0 133 112
v 1609.665649 892.852600 1284.576172 0 133 112
v 1619.731445 907.916992 1284.576172 0 133 112
v 1618.471313 908.438904 1289.717285 0 133 112
v 1607.320801 895.197388 1294.655762 0 133 112
v 1608.701172 893.817017 1289.717285 0 133 112
v 1608.701172 893.817017 1289.717285 0 133 112
v 1618.471313 908.438904 1289.717285 0 133 112
v 1616.667725 909.185974 1294.655762 0 133 112
v 1605.539063 896.979187 1299.339844 0 133 112
v 1607.320801 895.197388 1294.655762 0 133 112
v 1607.320801 895.197388 1294.655762 0 133 112
v 1616.667725 909.185974 1294.655762 0 133 112
v 1614.339600 910.150330 1299.339844 0 133 112
v 1603.370117 899.148071 1303.717773 0 133 112
v 1605.539063 896.979187 1299.339844 0 133 112
v 1605.539063 896.979187 1299.339844 0 133 112
v 1614.339600 910.150330 1299.339844 0 133 112
v 1611.505981 911.324097 1303.717773 0 133 112
v 1600.828979 901.689270 1307.737305 0 133 112
v 1603.370117 899.148071 1303.717773 0 133 112
v 1603.370117 899.148071 1303.717773 0 133 112
v 1611.505981 911.324097 1303.717773 0 133 112
v 1608.185791 912.699402 1307.737305 0 133 112
v 1597.968750 904.549500 1311.302612 0 133 112
v 1600.828979 901.689270 1307.737305 0 133 112
v 1600.828979 901.689270 1307.737305 0 133 112
v 1608.185791 912.699402 1307.737305 0 133 112
v 1604.448730 914.247314 1311.302612 0 133 112
v 1594.857910 907.660400 1314.338501 0 133 112
v 1597.968750 904.549500 1311.302612 0 133 112
v 1597.968750 904.549500 1311.302612 0 133 112
v 1604.448730 914.247314 1311.302612 0 133 112
v 1600.384033 915.930908 1314.338501 0 133 112
v 1591.533081 910.985229 1316.825195 0 133 112
v 1594.857910 907.660400 1314.338501 0 133 112
v 1594.857910 907.660400 1314.338501 0 133 112
v 1600.384033 915.930908 1314.338501 0 133 112
v 1596.040039 917.730286 1316.825195 0 133 112
v 1588.031250 914.487000 1318.742188 0 133 112
v 1591.533081 910.985229 1316.825195 0 133 112
v 1591.533081 910.985229 1316.825195 0 133 112
v 1596.040039 917.730286 1316.825195 0 133 112
v 1591.464722 919.625427 1318.742188 0 133 112
v 1584.389160 918.129028 1320.069336 0 133 112
v 1588.031250 914.487000 1318.742188 0 133 112
v 1588.031250 914.487000 1318.742188 0 133 112
v 1591.464722 919.625427 1318.742188 0 133 112
v 1586.706055 921.596497 1320.069336 0 133 112
v 1580.643677 921.874573 1320.786987 0 133 112
v 1584.389160 918.129028 1320.069336 0 133 112
v 1584.389160 918.129028 1320.069336 0 133 112
v 1586.706055 921.596497 1320.069336 0 133 112
v 1581.812378 923.623596 1320.786987 0 133 112
v 1576.831543 925.686707 1320.874634 0 133 112
v 1576.831543 925.686707 1320.874634 0 133 112
v 1580.643677 921.874573 1320.786987 0 133 112
v 1580.643677 921.874573 1320.786987 0 133 112
v 1581.812378 923.623596 1320.786987 0 133 112
v 1576.831543 925.686707 1320.874634 0 133 112
v 1576.718506 925.799927 0.000000 0 133 112
v 1576.831543 925.686707 1320.874634 0 133 112
v 1576.831543 925.686707 1320.874634 0 133 112
v 1576.831543 925.686707 1320.874634 0 133 112
v 1576.683838 925.747986 0.000000 0 133 112
v 1604.814819 897.703613 0.000000 0 133 112
v 1576.718506 925.799927 0.000000 0 133 112
v 1576.718506 925.799927 0.000000 0 133 112
v 1576.683838 925.747986 0.000000 0 133 112
v 1613.393311 910.542419 0.000000 0 133 112
v 1604.813721 897.704590 1230.105469 0 133 112
v 1604.814819 897.703613 0.000000 0 133 112
v 1604.814819 897.703613 0.000000 0 133 112
v 1613.393311 910.542419 0.000000 0 133 112
v 1613.392090 910.542786 1230.105469 0 133 112
v 1604.769531 897.748779 1230.390137 0 133 112
v 1604.813721 897.704590 1230.105469 0 133 112
v 1604.813721 897.704590 1230.105469 0 133 112
v 1613.392090 910.542786 1230.105469 0 133 112
v 1613.334229 910.566772 1230.390137 0 133 112
v 1604.713257 897.805115 1230.661865 0 133 112
v 1604.769531 897.748779 1230.390137 0 133 112
v 1604.769531 897.748779 1230.390137 0 133 112
v 1613.334229 910.566772 1230.390137 0 133 112
v 1613.260742 910.597229 1230.661865 0 133 112
v 1604.646118 897.872070 1230.924072 0 133 112
v 1604.713257 897.805115 1230.661865 0 133 112
v 1604.713257 897.805115 1230.661865 0 133 112
v 1613.260742 910.597229 1230.661865 0 133 112
v 1613.173096 910.633484 1230.924072 0 133 112
v 1604.569336 897.948975 1231.180176 0 133 112
v 1604.646118 897.872070 1230.924072 0 133 112
v 1604.646118 897.872070 1230.924072 0 133 112
v 1613.173096 910.633484 1230.924072 0 133 112
v 1613.072754 910.675171 1231.180176 0 133 112
v 1604.483887 898.034424 1231.433105 0 133 112
v 1604.569336 897.948975 1231.180176 0 133 112
v 1604.569336 897.948975 1231.180176 0 133 112
v 1613.072754 910.675171 1231.180176 0 133 112
v 1612.961060 910.721375 1231.433105 0 133 112
v 1604.390991 898.127319 1231.686279 0 133 112
v 1604.483887 898.034424 1231.433105 0 133 112
v 1604.483887 898.034424 1231.433105 0 133 112
v 1612.961060 910.721375 1231.433105 0 133 112
v 1612.839722 910.771729 1231.686279 0 133 112
v 1604.291748 898.226379 1231.942993 0 133 112
v 1604.390991 898.127319 1231.686279 0 133 112
v 1604.390991 898.127319 1231.686279 0 133 112
v 1612.839722 910.771729 1231.686279 0 133 112
v 1612.710205 910.825317 1231.942993 0 133 112
v 1604.185791 898.332581 1232.198730 0 133 112
v 1604.291748 898.226379 1231.942993 0 133 112
v 1604.291748 898.226379 1231.942993 0 133 112
v 1612.710205 910.825317 1231.942993 0 133 112
v 1612.571533 910.882813 1232.198730 0 133 112
v 1604.071533 898.446777 1232.447021 0 133 112
v 1604.185791 898.332581 1232.198730 0 133 112
v 1604.185791 898.332581 1232.198730 0 133 112
v 1612.571533 910.882813 1232.198730 0 133 112
v 1612.422241 910.944580 1232.447021 0 133 112
v 1603.949219 898.568970 1232.687256 0 133 112
v 1604.071533 898.446777 1232.447021 0 133 112
v 1604.071533 898.446777 1232.447021 0 133 112
v 1612.422241 910.944580 1232.447021 0 133 112
v 1612.262573 911.010681 1232.687256 0 133 112
v 1603.819336 898.698914 1232.919189 0 133 112
v 1603.949219 898.568970 1232.687256 0 133 112
v 1603.949219 898.568970 1232.687256 0 133 112
v 1612.262573 911.010681 1232.687256 0 133 112
v 1612.092773 911.080994 1232.919189 0 133 112
v 1603.681885 898.836426 1233.142334 0 133 112
v 1603.819336 898.698914 1232.919189 0 133 112
v 1603.819336 898.698914 1232.919189 0 133 112
v 1612.092773 911.080994 1232.919189 0 133 112
v 1611.913330 911.155396 1233.142334 0 133 112
v 1603.537109 898.981079 1233.356323 0 133 112
v 1603.681885 898.836426 1233.142334 0 133 112
v 1603.681885 898.836426 1233.142334 0 133 112
v 1611.913330 911.155396 1233.142334 0 133 112
v 1611.724121 911.233704 1233.356323 0 133 112
v 1603.385376 899.132874 1233.560791 0 133 112
v 1603.537109 898.981079 1233.356323 0 133 112
v 1603.537109 898.981079 1233.356323 0 133 112
v 1611.724121 911.233704 1233.356323 0 133 112
v 1611.525879 911.315918 1233.560791 0 133 112
v 1603.226807 899.291382 1233.755127 0 133 112
v 1603.385376 899.132874 1233.560791 0 133 112
v 1603.385376 899.132874 1233.560791 0 133 112
v 1611.525879 911.315918 1233.560791 0 133 112
v 1611.318726 911.401672 1233.755127 0 133 112
v 1603.062256 899.456116 1233.938599 0 133 112
v 1603.226807 899.291382 1233.755127 0 133 112
v 1603.226807 899.291382 1233.755127 0 133 112
v 1611.318726 911.401672 1233.755127 0 133 112
v 1611.103516 911.490784 1233.938599 0 133 112
v 1602.891846 899.626526 1234.110840 0 133 112
v 1603.062256 899.456116 1233.938599 0 133 112
v 1603.062256 899.456116 1233.938599 0 133 112
v 1611.103516 911.490784 1233.938599 0 133 112
v 1610.880859 911.583008 1234.110840 0 133 112
v 1602.715820 899.802429 1234.271729 0 133 112
v 1602.891846 899.626526 1234.110840 0 133 112
v 1602.891846 899.626526 1234.110840 0 133 112
v 1610.880859 911.583008 1234.110840 0 133 112
v 1610.651123 911.678223 1234.271729 0 133 112
v 1602.534790 899.983521 1234.420898 0 133 112
v 1602.715820 899.802429 1234.271729 0 133 112
v 1602.715820 899.802429 1234.271729 0 133 112
v 1610.651123 911.678223 1234.271729 0 133 112
v 1610.414551 911.776184 1234.420898 0 133 112
v 1602.348999 900.169312 1234.558105 0 133 112
v 1602.534790 899.983521 1234.420898 0 133 112
v 1602.534790 899.983521 1234.420898 0 133 112
v 1610.414551 911.776184 1234.420898 0 133 112
v 1610.171753 911.876709 1234.558105 0 133 112
v 1602.158691 900.359497 1234.683105 0 133 112
v 1602.348999 900.169312 1234.558105 0 133 112
v 1602.348999 900.169312 1234.558105 0 133 112
v 1610.171753 911.876709 1234.558105 0 133 112
v 1609.923218 911.979675 1234.683105 0 133 112
v 1601.909424 900.608887 1234.834229 0 133 112
v 1602.158691 900.359497 1234.683105 0 133 112
v 1602.158691 900.359497 1234.683105 0 133 112
v 1609.923218 911.979675 1234.683105 0 133 112
v 1609.597412 912.114685 1234.834229 0 133 112
v 1601.696167 900.822083 1234.980591 0 133 112
v 1601.909424 900.608887 1234.834229 0 133 112
v 1601.909424 900.608887 1234.834229 0 133 112
v 1609.597412 912.114685 1234.834229 0 133 112
v 1609.318848 912.229980 1234.980591 0 133 112
v 1601.508057 901.010071 1235.131592 0 133 112
v 1601.696167 900.822083 1234.980591 0 133 112
v 1601.696167 900.822083 1234.980591 0 133 112
v 1609.318848 912.229980 1234.980591 0 133 112
v 1609.072998 912.331787 1235.131592 0 133 112
v 1601.334106 901.184082 1235.296387 0 133 112
v 1601.508057 901.010071 1235.131592 0 133 112
v 1601.508057 901.010071 1235.131592 0 133 112
v 1609.072998 912.331787 1235.131592 0 133 112
v 1608.845703 912.426025 1235.296387 0 133 112
v 1601.163086 901.355103 1235.484863 0 133 112
v 1601.334106 901.184082 1235.296387 0 133 112
v 1601.334106 901.184082 1235.296387 0 133 112
v 1608.845703 912.426025 1235.296387 0 133 112
v 1608.622314 912.518494 1235.484863 0 133 112
v 1600.984131 901.534119 1235.705566 0 133 112
v 1601.163086 901.355103 1235.484863 0 133 112
v 1601.163086 901.355103 1235.484863 0 133 112
v 1608.622314 912.518494 1235.484863 0 133 112
v 1608.388550 912.615417 1235.705566 0 133 112
v 1600.786133 901.732117 1235.968506 0 133 112
v 1600.984131 901.534119 1235.705566 0 133 112
v 1600.984131 901.534119 1235.705566 0 133 112
v 1608.388550 912.615417 1235.705566 0 133 112
v 1608.129761 912.722473 1235.968506 0 133 112
v 1600.580688 901.937622 1236.262695 0 133 112
v 1600.786133 901.732117 1235.968506 0 133 112
v 1600.786133 901.732117 1235.968506 0 133 112
v 1608.129761 912.722473 1235.968506 0 133 112
v 1607.861328 912.833679 1236.262695 0 133 112
v 1600.387085 902.131226 1236.571777 0 133 112
v 1600.580688 901.937622 1236.262695 0 133 112
v 1600.580688 901.937622 1236.262695 0 133 112
v 1607.861328 912.833679 1236.262695 0 133 112
v 1607.608398 912.938477 1236.571777 0 133 112
v 1600.205811 902.312500 1236.894775 0 133 112
v 1600.387085 902.131226 1236.571777 0 133 112
v 1600.387085 902.131226 1236.571777 0 133 112
v 1607.608398 912.938477 1236.571777 0 133 112
v 1607.371460 913.036621 1236.894775 0 133 112
v 1600.037109 902.481201 1237.230957 0 133 112
v 1600.205811 902.312500 1236.894775 0 133 112
v 1600.205811 902.312500 1236.894775 0 133 112
v 1607.371460 913.036621 1236.894775 0 133 112
v 1607.151123 913.127930 1237.230957 0 133 112
v 1599.881348 902.636902 1237.579590 0 133 112
v 1600.037109 902.481201 1237.230957 0 133 112
v 1600.037109 902.481201 1237.230957 0 133 112
v 1607.151123 913.127930 1237.230957 0 133 112
v 1606.947632 913.212219 1237.579590 0 133 112
v 1599.739014 902.779175 1237.940186 0 133 112
v 1599.881348 902.636902 1237.579590 0 133 112
v 1599.881348 902.636902 1237.579590 0 133 112
v 1606.947632 913.212219 1237.579590 0 133 112
v 1606.761719 913.289185 1237.940186 0 133 112
v 1599.610474 902.907776 1238.311646 0 133 112
v 1599.739014 902.779175 1237.940186 0 133 112
v 1599.739014 902.779175 1237.940186 0 133 112
v 1606.761719 913.289185 1237.940186 0 133 112
v 1606.593628 913.358826 1238.311646 0 133 112
v 1599.496216 903.021973 1238.692383 0 133 112
v 1599.610474 902.907776 1238.311646 0 133 112
v 1599.610474 902.907776 1238.311646 0 133 112
v 1606.593628 913.358826 1238.311646 0 133 112
v 1606.444336 913.420715 1238.692383 0 133 112
v 1599.396973 903.121399 1239.080566 0 133 112
v 1599.496216 903.021973 1238.692383 0 133 112
v 1599.496216 903.021973 1238.692383 0 133 112
v 1606.444336 913.420715 1238.692383 0 133 112
v 1606.314697 913.474426 1239.080566 0 133 112
v 1599.312500 903.205688 1239.475342 0 133 112
v 1599.396973 903.121399 1239.080566 0 133 112
v 1599.396973 903.121399 1239.080566 0 133 112
v 1606.314697 913.474426 1239.080566 0 133 112
v 1606.204468 913.520020 1239.475342 0 133 112
v 1599.243408 903.274780 1239.875732 0 133 112
v 1599.312500 903.205688 1239.475342 0 133 112
v 1599.312500 903.205688 1239.475342 0 133 112
v 1606.204468 913.520020 1239.475342 0 133 112
v 1606.114136 913.557373 1239.875732 0 133 112
v 1599.189697 903.328613 1240.281250 0 133 112
v 1599.243408 903.274780 1239.875732 0 133 112
v 1599.243408 903.274780 1239.875732 0 133 112
v 1606.114136 913.557373 1239.875732 0 133 112
v 1606.043823 913.586487 1240.281250 0 133 112
v 1599.151367 903.366882 1240.690430 0 133 112
v 1599.189697 903.328613 1240.281250 0 133 112
v 1599.189697 903.328613 1240.281250 0 133 112
v 1606.043823 913.586487 1240.281250 0 133 112
v 1605.993774 913.607300 1240.690430 0 133 112
v 1605.964111 913.619629 1241.102783 0 133 112
v 1599.128662 903.389587 1241.102783 0 133 112
v 1599.151367 903.366882 1240.690430 0 133 112
v 1599.151367 903.366882 1240.690430 0 133 112
v 1605.993774 913.607300 1240.690430 0 133 112
v 1605.964111 913.619629 1241.102783 0 133 112
v 1612.238770 925.686707 1244.853027 0 133 112
v 1609.543457 912.137024 1244.853027 0 133 112
v 1605.964111 913.619629 1241.102783 0 133 112
v 1605.964111 913.619629 1241.102783 0 133 112
v 1608.364502 925.686707 1241.102783 0 133 112
v 1612.238770 925.686707 1244.853027 0 133 112
v 1615.613525 925.686707 1248.998291 0 133 112
v 1612.661377 910.845520 1248.998291 0 133 112
v 1609.543457 912.137024 1244.853027 0 133 112
v 1609.543457 912.137024 1244.853027 0 133 112
v 1612.238770 925.686707 1244.853027 0 133 112
v 1615.613525 925.686707 1248.998291 0 133 112
v 1618.464355 925.686707 1253.488525 0 133 112
v 1615.295288 909.754517 1253.488525 0 133 112
v 1612.661377 910.845520 1248.998291 0 133 112
v 1612.661377 910.845520 1248.998291 0 133 112
v 1615.613525 925.686707 1248.998291 0 133 112
v 1618.464355 925.686707 1253.488525 0 133 112
v 1620.767578 925.686707 1258.273682 0 133 112
v 1617.423096 908.873230 1258.273682 0 133 112
v 1615.295288 909.754517 1253.488525 0 133 112
v 1615.295288 909.754517 1253.488525 0 133 112
v 1618.464355 925.686707 1253.488525 0 133 112
v 1620.767578 925.686707 1258.273682 0 133 112
v 1622.498413 925.686707 1263.302979 0 133 112
v 1619.022217 908.210815 1263.302979 0 133 112
v 1617.423096 908.873230 1258.273682 0 133 112
v 1617.423096 908.873230 1258.273682 0 133 112
v 1620.767578 925.686707 1258.273682 0 133 112
v 1622.498413 925.686707 1263.302979 0 133 112
v 1623.633057 925.686707 1268.526611 0 133 112
v 1620.070435 907.776611 1268.526611 0 133 112
v 1619.022217 908.210815 1263.302979 0 133 112
v 1619.022217 908.210815 1263.302979 0 133 112
v 1622.498413 925.686707 1263.302979 0 133 112
v 1623.633057 925.686707 1268.526611 0 133 112
v 1624.146973 925.686707 1273.893921 0 133 112
v 1620.545288 907.579895 1273.893921 0 133 112
v 1620.070435 907.776611 1268.526611 0 133 112
v 1620.070435 907.776611 1268.526611 0 133 112
v 1623.633057 925.686707 1268.526611 0 133 112
v 1624.146973 925.686707 1273.893921 0 133 112
v 1624.021240 925.686707 1279.284424 0 133 112
v 1620.429077 907.627991 1279.284424 0 133 112
v 1620.545288 907.579895 1273.893921 0 133 112
v 1620.545288 907.579895 1273.893921 0 133 112
v 1624.146973 925.686707 1273.893921 0 133 112
v 1624.021240 925.686707 1279.284424 0 133 112
v 1623.266113 925.686707 1284.576172 0 133 112
v 1619.731445 907.916992 1284.576172 0 133 112
v 1620.429077 907.627991 1279.284424 0 133 112
v 1620.429077 907.627991 1279.284424 0 133 112
v 1624.021240 925.686707 1279.284424 0 133 112
v 1623.266113 925.686707 1284.576172 0 133 112
v 1621.902100 925.686707 1289.717285 0 133 112
v 1618.471313 908.438904 1289.717285 0 133 112
v 1619.731445 907.916992 1284.576172 0 133 112
v 1619.731445 907.916992 1284.576172 0 133 112
v 1623.266113 925.686707 1284.576172 0 133 112
v 1621.902100 925.686707 1289.717285 0 133 112
v 1619.949951 925.686707 1294.655762 0 133 112
v 1616.667725 909.185974 1294.655762 0 133 112
v 1618.471313 908.438904 1289.717285 0 133 112
v 1618.471313 908.438904 1289.717285 0 133 112
v 1621.902100 925.686707 1289.717285 0 133 112
v 1619.949951 925.686707 1294.655762 0 133 112
v 1617.430176 925.686707 1299.339844 0 133 112
v 1614.339600 910.150330 1299.339844 0 133 112
v 1616.667725 909.185974 1294.655762 0 133 112
v 1616.667725 909.185974 1294.655762 0 133 112
v 1619.949951 925.686707 1294.655762 0 133 112
v 1617.430176 925.686707 1299.339844 0 133 112
v 1614.362915 925.686707 1303.717773 0 133 112
v 1611.505981 911.324097 1303.717773 0 133 112
v 1614.339600 910.150330 1299.339844 0 133 112
v 1614.339600 910.150330 1299.339844 0 133 112
v 1617.430176 925.686707 1299.339844 0 133 112
v 1614.362915 925.686707 1303.717773 0 133 112
v 1610.769043 925.686707 1307.737305 0 133 112
v 1608.185791 912.699402 1307.737305 0 133 112
v 1611.505981 911.324097 1303.717773 0 133 112
v 1611.505981 911.324097 1303.717773 0 133 112
v 1614.362915 925.686707 1303.717773 0 133 112
v 1610.769043 925.686707 1307.737305 0 133 112
v 1606.724121 925.686707 1311.302612 0 133 112
v 1604.448730 914.247314 1311.302612 0 133 112
v 1608.185791 912.699402 1307.737305 0 133 112
v 1608.185791 912.699402 1307.737305 0 133 112
v 1610.769043 925.686707 1307.737305 0 133 112
v 1606.724121 925.686707 1311.302612 0 133 112
v 1602.324707 925.686707 1314.338501 0 133 112
v 1600.384033 915.930908 1314.338501 0 133 112
v 1604.448730 914.247314 1311.302612 0 133 112
v 1604.448730 914.247314 1311.302612 0 133 112
v 1606.724121 925.686707 1311.302612 0 133 112
v 1602.324707 925.686707 1314.338501 0 133 112
v 1597.622803 925.686707 1316.825195 0 133 112
v 1596.040039 917.730286 1316.825195 0 133 112
v 1600.384033 915.930908 1314.338501 0 133 112
v 1600.384033 915.930908 1314.338501 0 133 112
v 1602.324707 925.686707 1314.338501 0 133 112
v 1597.622803 925.686707 1316.825195 0 133 112
v 1592.670410 925.686707 1318.742188 0 133 112
v 1591.464722 919.625427 1318.742188 0 133 112
v 1596.040039 917.730286 1316.825195 0 133 112
v 1596.040039 917.730286 1316.825195 0 133 112
v 1597.622803 925.686707 1316.825195 0 133 112
v 1592.670410 925.686707 1318.742188 0 133 112
v 1587.519775 925.686707 1320.069336 0 133 112
v 1586.706055 921.596497 1320.069336 0 133 112
v 1591.464722 919.625427 1318.742188 0 133 112
v 1591.464722 919.625427 1318.742188 0 133 112
v 1592.670410 925.686707 1318.742188 0 133 112
v 1587.519775 925.686707 1320.069336 0 133 112
v 1582.222778 925.686707 1320.786987 0 133 112
v 1581.812378 923.623596 1320.786987 0 133 112
v 1586.706055 921.596497 1320.069336 0 133 112
v 1586.706055 921.596497 1320.069336 0 133 112
v 1587.519775 925.686707 1320.069336 0 133 112
v 1582.222778 925.686707 1320.786987 0 133 112
v 1576.831543 925.686707 1320.874634 0 133 112
v 1576.831543 925.686707 1320.874634 0 133 112
v 1581.812378 923.623596 1320.786987 0 133 112
v 1581.812378 923.623596 1320.786987 0 133 112
v 1582.222778 925.686707 1320.786987 0 133 112
v 1576.831543 925.686707 1320.874634 0 133 112
v 1576.671631 925.686829 0.000000 0 133 112
v 1576.683838 925.747986 0.000000 0 133 112
v 1576.831543 925.686707 1320.874634 0 133 112
v 1576.831543 925.686707 1320.874634 0 133 112
v 1576.831543 925.686707 1320.874634 0 133 112
v 1576.671631 925.686829 0.000000 0 133 112
v 1616.405762 925.686829 0.000000 0 133 112
v 1613.393311 910.542419 0.000000 0 133 112
v 1576.683838 925.747986 0.000000 0 133 112
v 1576.683838 925.747986 0.000000 0 133 112
v 1576.671631 925.686829 0.000000 0 133 112
v 1616.405762 925.686829 0.000000 0 133 112
v 1616.404297 925.686707 1230.105469 0 133 112
v 1613.392090 910.542786 1230.105469 0 133 112
v 1613.393311 910.542419 0.000000 0 133 112
v 1613.393311 910.542419 0.000000 0 133 112
v 1616.405762 925.686829 0.000000 0 133 112
v 1616.404297 925.686707 1230.105469 0 133 112
v 1616.341797 925.686707 1230.390137 0 133 112
v 1613.334229 910.566772 1230.390137 0 133 112
v 1613.392090 910.542786 1230.105469 0 133 112
v 1613.392090 910.542786 1230.105469 0 133 112
v 1616.404297 925.686707 1230.105469 0 133 112
v 1616.341797 925.686707 1230.390137 0 133 112
v 1616.262207 925.686707 1230.661865 0 133 112
v 1613.260742 910.597229 1230.661865 0 133 112
v 1613.334229 910.566772 1230.390137 0 133 112
v 1613.334229 910.566772 1230.390137 0 133 112
v 1616.341797 925.686707 1230.390137 0 133 112
v 1616.262207 925.686707 1230.661865 0 133 112
v 1616.167358 925.686707 1230.924072 0 133 112
v 1613.173096 910.633484 1230.924072 0 133 112
v 1613.260742 910.597229 1230.661865 0 133 112
v 1613.260742 910.597229 1230.661865 0 133 112
v 1616.262207 925.686707 1230.661865 0 133 112
v 1616.167358 925.686707 1230.924072 0 133 112
v 1616.058594 925.686707 1231.180176 0 133 112
v 1613.072754 910.675171 1231.180176 0 133 112
v 1613.173096 910.633484 1230.924072 0 133 112
v 1613.173096 910.633484 1230.924072 0 133 112
v 1616.167358 925.686707 1230.924072 0 133 112
v 1616.058594 925.686707 1231.180176 0 133 112
v 1615.937866 925.686707 1231.433105 0 133 112
v 1612.961060 910.721375 1231.433105 0 133 112
v 1613.072754 910.675171 1231.180176 0 133 112
v 1613.072754 910.675171 1231.180176 0 133 112
v 1616.058594 925.686707 1231.180176 0 133 112
v 1615.937866 925.686707 1231.433105 0 133 112
v 1615.806519 925.686707 1231.686279 0 133 112
v 1612.839722 910.771729 1231.686279 0 133 112
v 1612.961060 910.721375 1231.433105 0 133 112
v 1612.961060 910.721375 1231.433105 0 133 112
v 1615.937866 925.686707 1231.433105 0 133 112
v 1615.806519 925.686707 1231.686279 0 133 112
v 1615.666260 925.686707 1231.942993 0 133 112
v 1612.710205 910.825317 1231.942993 0 133 112
v 1612.839722 910.771729 1231.686279 0 133 112
v 1612.839722 910.771729 1231.686279 0 133 112
v 1615.806519 925.686707 1231.686279 0 133 112
v 1615.666260 925.686707 1231.942993 0 133 112
v 1615.516235 925.686707 1232.198730 0 133 112
v 1612.571533 910.882813 1232.198730 0 133 112
v 1612.710205 910.825317 1231.942993 0 133 112
v 1612.710205 910.825317 1231.942993 0 133 112
v 1615.666260 925.686707 1231.942993 0 133 112
v 1615.516235 925.686707 1232.198730 0 133 112
v 1615.354736 925.686707 1232.447021 0 133 112
v 1612.422241 910.944580 1232.447021 0 133 112
v 1612.571533 910.882813 1232.198730 0 133 112
v 1612.571533 910.882813 1232.198730 0 133 112
v 1615.516235 925.686707 1232.198730 0 133 112
v 1615.354736 925.686707 1232.447021 0 133 112
v 1615.181885 925.686707 1232.687256 0 133 112
v 1612.262573 911.010681 1232.687256 0 133 112
v 1612.422241 910.944580 1232.447021 0 133 112
v 1612.422241 910.944580 1232.447021 0 133 112
v 1615.354736 925.686707 1232.447021 0 133 112
v 1615.181885 925.686707 1232.687256 0 133 112
v 1614.998169 925.686707 1232.919189 0 133 112
v 1612.092773 911.080994 1232.919189 0 133 112
v 1612.262573 911.010681 1232.687256 0 133 112
v 1612.262573 911.010681 1232.687256 0 133 112
v 1615.181885 925.686707 1232.687256 0 133 112
v 1614.998169 925.686707 1232.919189 0 133 112
v 1614.803711 925.686707 1233.142334 0 133 112
v 1611.913330 911.155396 1233.142334 0 133 112
v 1612.092773 911.080994 1232.919189 0 133 112
v 1612.092773 911.080994 1232.919189 0 133 112
v 1614.998169 925.686707 1232.919189 0 133 112
v 1614.803711 925.686707 1233.142334 0 133 112
v 1614.599121 925.686707 1233.356323 0 133 112
v 1611.724121 911.233704 1233.356323 0 133 112
v 1611.913330 911.155396 1233.142334 0 133 112
v 1611.913330 911.155396 1233.142334 0 133 112
v 1614.803711 925.686707 1233.142334 0 133 112
v 1614.599121 925.686707 1233.356323 0 133 112
v 1614.384277 925.686707 1233.560791 0 133 112
v 1611.525879 911.315918 1233.560791 0 133 112
v 1611.724121 911.233704 1233.356323 0 133 112
v 1611.724121 911.233704 1233.356323 0 133 112
v 1614.599121 925.686707 1233.356323 0 133 112
v 1614.384277 925.686707 1233.560791 0 133 112
v 1614.160156 925.686707 1233.755127 0 133 112
v 1611.318726 911.401672 1233.755127 0 133 112
v 1611.525879 911.315918 1233.560791 0 133 112
v 1611.525879 911.315918 1233.560791 0 133 112
v 1614.384277 925.686707 1233.560791 0 133 112
v 1614.160156 925.686707 1233.755127 0 133 112
v 1613.927368 925.686707 1233.938599 0 133 112
v 1611.103516 911.490784 1233.938599 0 133 112
v 1611.318726 911.401672 1233.755127 0 133 112
v 1611.318726 911.401672 1233.755127 0 133 112
v 1614.160156 925.686707 1233.755127 0 133 112
v 1613.927368 925.686707 1233.938599 0 133 112
v 1613.686279 925.686707 1234.110840 0 133 112
v 1610.880859 911.583008 1234.110840 0 133 112
v 1611.103516 911.490784 1233.938599 0 133 112
v 1611.103516 911.490784 1233.938599 0 133 112
v 1613.927368 925.686707 1233.938599 0 133 112
v 1613.686279 925.686707 1234.110840 0 133 112
v 1613.437500 925.686707 1234.271729 0 133 112
v 1610.651123 911.678223 1234.271729 0 133 112
v 1610.880859 911.583008 1234.110840 0 133 112
v 1610.880859 911.583008 1234.110840 0 133 112
v 1613.686279 925.686707 1234.110840 0 133 112
v 1613.437500 925.686707 1234.271729 0 133 112
v 1613.181519 925.686707 1234.420898 0 133 112
v 1610.414551 911.776184 1234.420898 0 133 112
v 1610.651123 911.678223 1234.271729 0 133 112
v 1610.651123 911.678223 1234.271729 0 133 112
v 1613.437500 925.686707 1234.271729 0 133 112
v 1613.181519 925.686707 1234.420898 0 133 112
v 1612.918701 925.686707 1234.558105 0 133 112
v 1610.171753 911.876709 1234.558105 0 133 112
v 1610.414551 911.776184 1234.420898 0 133 112
v 1610.414551 911.776184 1234.420898 0 133 112
v 1613.181519 925.686707 1234.420898 0 133 112
v 1612.918701 925.686707 1234.558105 0 133 112
v 1612.649658 925.686707 1234.683105 0 133 112
v 1609.923218 911.979675 1234.683105 0 133 112
v 1610.171753 911.876709 1234.558105 0 133 112
v 1610.171753 911.876709 1234.558105 0 133 112
v 1612.918701 925.686707 1234.558105 0 133 112
v 1612.649658 925.686707 1234.683105 0 133 112
v 1612.297119 925.686707 1234.834229 0 133 112
v 1609.597412 912.114685 1234.834229 0 133 112
v 1609.923218 911.979675 1234.683105 0 133 112
v 1609.923218 911.979675 1234.683105 0 133 112
v 1612.649658 925.686707 1234.683105 0 133 112
v 1612.297119 925.686707 1234.834229 0 133 112
v 1611.995605 925.686707 1234.980591 0 133 112
v 1609.318848 912.229980 1234.980591 0 133 112
v 1609.597412 912.114685 1234.834229 0 133 112
v 1609.597412 912.114685 1234.834229 0 133 112
v 1612.297119 925.686707 1234.834229 0 133 112
v 1611.995605 925.686707 1234.980591 0 133 112
v 1611.729492 925.686707 1235.131592 0 133 112
v 1609.072998 912.331787 1235.131592 0 133 112
v 1609.318848 912.229980 1234.980591 0 133 112
v 1609.318848 912.229980 1234.980591 0 133 112
v 1611.995605 925.686707 1234.980591 0 133 112
v 1611.729492 925.686707 1235.131592 0 133 112
v 1611.483521 925.686707 1235.296387 0 133 112
v 1608.845703 912.426025 1235.296387 0 133 112
v 1609.072998 912.331787 1235.131592 0 133 112
v 1609.072998 912.331787 1235.131592 0 133 112
v 1611.729492 925.686707 1235.131592 0 133 112
v 1611.483521 925.686707 1235.296387 0 133 112
v 1611.241699 925.686707 1235.484863 0 133 112
v 1608.622314 912.518494 1235.484863 0 133 112
v 1608.845703 912.426025 1235.296387 0 133 112
v 1608.845703 912.426025 1235.296387 0 133 112
v 1611.483521 925.686707 1235.296387 0 133 112
v 1611.241699 925.686707 1235.484863 0 133 112
v 1610.988525 925.686707 1235.705566 0 133 112
v 1608.388550 912.615417 1235.705566 0 133 112
v 1608.622314 912.518494 1235.484863 0 133 112
v 1608.622314 912.518494 1235.484863 0 133 112
v 1611.241699 925.686707 1235.484863 0 133 112
v 1610.988525 925.686707 1235.705566 0 133 112
v 1610.708496 925.686707 1235.968506 0 133 112
v 1608.129761 912.722473 1235.968506 0 133 112
v 1608.388550 912.615417 1235.705566 0 133 112
v 1608.388550 912.615417 1235.705566 0 133 112
v 1610.988525 925.686707 1235.705566 0 133 112
v 1610.708496 925.686707 1235.968506 0 133 112
v 1610.417969 925.686707 1236.262695 0 133 112
v 1607.861328 912.833679 1236.262695 0 133 112
v 1608.129761 912.722473 1235.968506 0 133 112
v 1608.129761 912.722473 1235.968506 0 133 112
v 1610.708496 925.686707 1235.968506 0 133 112
v 1610.417969 925.686707 1236.262695 0 133 112
v 1610.144165 925.686707 1236.571777 0 133 112
v 1607.608398 912.938477 1236.571777 0 133 112
v 1607.861328 912.833679 1236.262695 0 133 112
v 1607.861328 912.833679 1236.262695 0 133 112
v 1610.417969 925.686707 1236.262695 0 133 112
v 1610.144165 925.686707 1236.571777 0 133 112
v 1609.887695 925.686707 1236.894775 0 133 112
v 1607.371460 913.036621 1236.894775 0 133 112
v 1607.608398 912.938477 1236.571777 0 133 112
v 1607.608398 912.938477 1236.571777 0 133 112
v 1610.144165 925.686707 1236.571777 0 133 112
v 1609.887695 925.686707 1236.894775 0 133 112
v 1609.649170 925.686707 1237.230957 0 133 112
v 1607.151123 913.127930 1237.230957 0 133 112
v 1607.371460 913.036621 1236.894775 0 133 112
v 1607.371460 913.036621 1236.894775 0 133 112
v 1609.887695 925.686707 1236.894775 0 133 112
v 1609.649170 925.686707 1237.230957 0 133 112
v 1609.428955 925.686707 1237.579590 0 133 112
v 1606.947632 913.212219 1237.579590 0 133 112
v 1607.151123 913.127930 1237.230957 0 133 112
v 1607.151123 913.127930 1237.230957 0 133 112
v 1609.649170 925.686707 1237.230957 0 133 112
v 1609.428955 925.686707 1237.579590 0 133 112
v 1609.227783 925.686707 1237.940186 0 133 112
v 1606.761719 913.289185 1237.940186 0 133 112
v 1606.947632 913.212219 1237.579590 0 133 112
v 1606.947632 913.212219 1237.579590 0 133 112
v 1609.428955 925.686707 1237.579590 0 133 112
v 1609.227783 925.686707 1237.940186 0 133 112
v 1609.045898 925.686707 1238.311646 0 133 112
v 1606.593628 913.358826 1238.311646 0 133 112
v 1606.761719 913.289185 1237.940186 0 133 112
v 1606.761719 913.289185 1237.940186 0 133 112
v 1609.227783 925.686707 1237.940186 0 133 112
v 1609.045898 925.686707 1238.311646 0 133 112
v 1608.884277 925.686707 1238.692383 0 133 112
v 1606.444336 913.420715 1238.692383 0 133 112
v 1606.593628 913.358826 1238.311646 0 133 112
v 1606.593628 913.358826 1238.311646 0 133 112
v 1609.045898 925.686707 1238.311646 0 133 112
v 1608.884277 925.686707 1238.692383 0 133 112
v 1608.743896 925.686707 1239.080566 0 133 112
v 1606.314697 913.474426 1239.080566 0 133 112
v 1606.444336 913.420715 1238.692383 0 133 112
v 1606.444336 913.420715 1238.692383 0 133 112
v 1608.884277 925.686707 1238.692383 0 133 112
v 1608.743896 925.686707 1239.080566 0 133 112
v 1608.624512 925.686707 1239.475342 0 133 112
v 1606.204468 913.520020 1239.475342 0 133 112
v 1606.314697 913.474426 1239.080566 0 133 112
v 1606.314697 913.474426 1239.080566 0 133 112
v 1608.743896 925.686707 1239.080566 0 133 112
v 1608.624512 925.686707 1239.475342 0 133 112
v 1608.526855 925.686707 1239.875732 0 133 112
v 1606.114136 913.557373 1239.875732 0 133 112
v 1606.204468 913.520020 1239.475342 0 133 112
v 1606.204468 913.520020 1239.475342 0 133 112
v 1608.624512 925.686707 1239.475342 0 133 112
v 1608.526855 925.686707 1239.875732 0 133 112
v 1608.450684 925.686707 1240.281250 0 133 112
v 1606.043823 913.586487 1240.281250 0 133 112
v 1606.114136 913.557373 1239.875732 0 133 112
v 1606.114136 913.557373 1239.875732 0 133 112
v 1608.526855 925.686707 1239.875732 0 133 112
v 1608.450684 925.686707 1240.281250 0 133 112
v 1608.396484 925.686707 1240.690430 0 133 112
v 1605.993774 913.607300 1240.690430 0 133 112
v 1606.043823 913.586487 1240.281250 0 133 112
v 1606.043823 913.586487 1240.281250 0 133 112
v 1608.450684 925.686707 1240.281250 0 133 112
v 1608.396484 925.686707 1240.690430 0 133 112
v 1608.364502 925.686707 1241.102783 0 133 112
v 1605.964111 913.619629 1241.102783 0 133 112
v 1605.993774 913.607300 1240.690430 0 133 112
v 1605.993774 913.607300 1240.690430 0 133 112
v 1608.396484 925.686707 1240.690430 0 133 112
v 1608.364502 925.686707 1241.102783 0 133 112
v 108.364700 925.686707 1241.102783 0 133 112
v 109.543800 939.236389 1244.853027 0 133 112
v 112.238899 925.686707 1244.853027 0 133 112
v 112.238899 925.686707 1244.853027 0 133 112
v 109.543800 939.236389 1244.853027 0 133 112
v 112.661598 940.527893 1248.998291 0 133 112
v 115.613602 925.686707 1248.998291 0 133 112
v 115.613602 925.686707 1248.998291 0 133 112
v 112.661598 940.527893 1248.998291 0 133 112
v 115.295502 941.618896 1253.488525 0 133 112
v 118.464600 925.686707 1253.488525 0 133 112
v 118.464600 925.686707 1253.488525 0 133 112
v 115.295502 941.618896 1253.488525 0 133 112
v 117.423302 942.500183 1258.273682 0 133 112
v 120.767700 925.686707 1258.273682 0 133 112
v 120.767700 925.686707 1258.273682 0 133 112
v 117.423302 942.500183 1258.273682 0 133 112
v 119.022499 943.162598 1263.302979 0 133 112
v 122.498596 925.686707 1263.302979 0 133 112
v 122.498596 925.686707 1263.302979 0 133 112
v 119.022499 943.162598 1263.302979 0 133 112
v 120.070702 943.596802 1268.526611 0 133 112
v 123.633202 925.686707 1268.526611 0 133 112
v 123.633202 925.686707 1268.526611 0 133 112
v 120.070702 943.596802 1268.526611 0 133 112
v 120.545502 943.793518 1273.893921 0 133 112
v 124.147202 925.686707 1273.893921 0 133 112
v 124.147202 925.686707 1273.893921 0 133 112
v 120.545502 943.793518 1273.893921 0 133 112
v 120.429298 943.745422 1279.284424 0 133 112
v 124.021400 925.686707 1279.284424 0 133 112
v 124.021400 925.686707 1279.284424 0 133 112
v 120.429298 943.745422 1279.284424 0 133 112
v 119.731697 943.456421 1284.576172 0 133 112
v 123.266197 925.686707 1284.576172 0 133 112
v 123.266197 925.686707 1284.576172 0 133 112
v 119.731697 943.456421 1284.576172 0 133 112
v 118.471603 942.934387 1289.717285 0 133 112
v 121.902298 925.686707 1289.717285 0 133 112
v 121.902298 925.686707 1289.717285 0 133 112
v 118.471603 942.934387 1289.717285 0 133 112
v 116.667999 942.187378 1294.655762 0 133 112
v 119.950203 925.686707 1294.655762 0 133 112
v 119.950203 925.686707 1294.655762 0 133 112
v 116.667999 942.187378 1294.655762 0 133 112
v 114.339897 941.223083 1299.339844 0 133 112
v 117.430298 925.686707 1299.339844 0 133 112
v 117.430298 925.686707 1299.339844 0 133 112
v 114.339897 941.223083 1299.339844 0 133 112
v 111.506302 940.049316 1303.717773 0 133 112
v 114.363098 925.686707 1303.717773 0 133 112
v 114.363098 925.686707 1303.717773 0 133 112
v 111.506302 940.049316 1303.717773 0 133 112
v 108.185997 938.674011 1307.737305 0 133 112
v 110.769302 925.686707 1307.737305 0 133 112
v 110.769302 925.686707 1307.737305 0 133 112
v 108.185997 938.674011 1307.737305 0 133 112
v 104.448898 937.125977 1311.302612 0 133 112
v 106.724297 925.686707 1311.302612 0 133 112
v 106.724297 925.686707 1311.302612 0 133 112
v 104.448898 937.125977 1311.302612 0 133 112
v 100.384300 935.442383 1314.338501 0 133 112
v 102.324799 925.686707 1314.338501 0 133 112
v 102.324799 925.686707 1314.338501 0 133 112
v 100.384300 935.442383 1314.338501 0 133 112
v 96.040298 933.643127 1316.825195 0 133 112
v 97.622902 925.686707 1316.825195 0 133 112
v 97.622902 925.686707 1316.825195 0 133 112
v 96.040298 933.643127 1316.825195 0 133 112
v 91.464996 931.747925 1318.742188 0 133 112
v 92.670601 925.686707 1318.742188 0 133 112
v 92.670601 925.686707 1318.742188 0 133 112
v 91.464996 931.747925 1318.742188 0 133 112
v 86.706398 929.776917 1320.069336 0 133 112
v 87.519997 925.686707 1320.069336 0 133 112
v 87.519997 925.686707 1320.069336 0 133 112
v 86.706398 929.776917 1320.069336 0 133 112
v 81.812599 927.749817 1320.786987 0 133 112
v 76.831802 925.686707 1320.874634 0 133 112
v 82.223000 925.686707 1320.786987 0 133 112
v 82.223000 925.686707 1320.786987 0 133 112
v 81.812599 927.749817 1320.786987 0 133 112
v 76.831802 925.686707 1320.874634 0 133 112
v 76.831802 925.686707 1320.874634 0 133 112
v 76.831802 925.686707 1320.874634 0 133 112
v 76.831802 925.686707 1320.874634 0 133 112
v 76.683899 925.625488 0.000000 0 133 112
v 76.671799 925.686829 0.000000 0 133 112
v 76.671799 925.686829 0.000000 0 133 112
v 76.683899 925.625488 0.000000 0 133 112
v 113.393501 940.831116 0.000000 0 133 112
v 116.405899 925.686829 0.000000 0 133 112
v 116.405899 925.686829 0.000000 0 133 112
v 113.393501 940.831116 0.000000 0 133 112
v 113.392303 940.830505 1230.105469 0 133 112
v 116.404503 925.686707 1230.105469 0 133 112
v 116.404503 925.686707 1230.105469 0 133 112
v 113.392303 940.830505 1230.105469 0 133 112
v 113.334503 940.806580 1230.390137 0 133 112
v 116.342003 925.686707 1230.390137 0 133 112
v 116.342003 925.686707 1230.390137 0 133 112
v 113.334503 940.806580 1230.390137 0 133 112
v 113.261002 940.776184 1230.661865 0 133 112
v 116.262497 925.686707 1230.661865 0 133 112
v 116.262497 925.686707 1230.661865 0 133 112
v 113.261002 940.776184 1230.661865 0 133 112
v 113.173302 940.739807 1230.924072 0 133 112
v 116.167503 925.686707 1230.924072 0 133 112
v 116.167503 925.686707 1230.924072 0 133 112
v 113.173302 940.739807 1230.924072 0 133 112
v 113.072899 940.698181 1231.180176 0 133 112
v 116.058800 925.686707 1231.180176 0 133 112
v 116.058800 925.686707 1231.180176 0 133 112
v 113.072899 940.698181 1231.180176 0 133 112
v 112.961304 940.651978 1231.433105 0 133 112
v 115.938004 925.686707 1231.433105 0 133 112
v 115.938004 925.686707 1231.433105 0 133 112
v 112.961304 940.651978 1231.433105 0 133 112
v 112.839996 940.601685 1231.686279 0 133 112
v 115.806702 925.686707 1231.686279 0 133 112
v 115.806702 925.686707 1231.686279 0 133 112
v 112.839996 940.601685 1231.686279 0 133 112
v 112.710403 940.548096 1231.942993 0 133 112
v 115.666397 925.686707 1231.942993 0 133 112
v 115.666397 925.686707 1231.942993 0 133 112
v 112.710403 940.548096 1231.942993 0 133 112
v 112.571800 940.490723 1232.198730 0 133 112
v 115.516403 925.686707 1232.198730 0 133 112
v 115.516403 925.686707 1232.198730 0 133 112
v 112.571800 940.490723 1232.198730 0 133 112
v 112.422501 940.428772 1232.447021 0 133 112
v 115.354897 925.686707 1232.447021 0 133 112
v 115.354897 925.686707 1232.447021 0 133 112
v 112.422501 940.428772 1232.447021 0 133 112
v 112.262901 940.362671 1232.687256 0 133 112
v 115.182098 925.686707 1232.687256 0 133 112
v 115.182098 925.686707 1232.687256 0 133 112
v 112.262901 940.362671 1232.687256 0 133 112
v 112.093102 940.292419 1232.919189 0 133 112
v 114.998398 925.686707 1232.919189 0 133 112
v 114.998398 925.686707 1232.919189 0 133 112
v 112.093102 940.292419 1232.919189 0 133 112
v 111.913498 940.218018 1233.142334 0 133 112
v 114.804001 925.686707 1233.142334 0 133 112
v 114.804001 925.686707 1233.142334 0 133 112
v 111.913498 940.218018 1233.142334 0 133 112
v 111.724403 940.139709 1233.356323 0 133 112
v 114.599297 925.686707 1233.356323 0 133 112
v 114.599297 925.686707 1233.356323 0 133 112
v 111.724403 940.139709 1233.356323 0 133 112
v 111.526100 940.057495 1233.560791 0 133 112
v 114.384499 925.686707 1233.560791 0 133 112
v 114.384499 925.686707 1233.560791 0 133 112
v 111.526100 940.057495 1233.560791 0 133 112
v 111.319000 939.971680 1233.755127 0 133 112
v 114.160400 925.686707 1233.755127 0 133 112
v 114.160400 925.686707 1233.755127 0 133 112
v 111.319000 939.971680 1233.755127 0 133 112
v 111.103798 939.882629 1233.938599 0 133 112
v 113.927597 925.686707 1233.938599 0 133 112
v 113.927597 925.686707 1233.938599 0 133 112
v 111.103798 939.882629 1233.938599 0 133 112
v 110.881104 939.790405 1234.110840 0 133 112
v 113.686501 925.686707 1234.110840 0 133 112
v 113.686501 925.686707 1234.110840 0 133 112
v 110.881104 939.790405 1234.110840 0 133 112
v 110.651299 939.695190 1234.271729 0 133 112
v 113.437698 925.686707 1234.271729 0 133 112
v 113.437698 925.686707 1234.271729 0 133 112
v 110.651299 939.695190 1234.271729 0 133 112
v 110.414803 939.597229 1234.420898 0 133 112
v 113.181702 925.686707 1234.420898 0 133 112
v 113.181702 925.686707 1234.420898 0 133 112
v 110.414803 939.597229 1234.420898 0 133 112
v 110.171997 939.496582 1234.558105 0 133 112
v 112.918900 925.686707 1234.558105 0 133 112
v 112.918900 925.686707 1234.558105 0 133 112
v 110.171997 939.496582 1234.558105 0 133 112
v 109.923500 939.393677 1234.683105 0 133 112
v 112.649902 925.686707 1234.683105 0 133 112
v 112.649902 925.686707 1234.683105 0 133 112
v 109.923500 939.393677 1234.683105 0 133 112
v 109.597603 939.258728 1234.834229 0 133 112
v 112.297203 925.686707 1234.834229 0 133 112
v 112.297203 925.686707 1234.834229 0 133 112
v 109.597603 939.258728 1234.834229 0 133 112
v 109.319000 939.143372 1234.980591 0 133 112
v 111.995697 925.686707 1234.980591 0 133 112
v 111.995697 925.686707 1234.980591 0 133 112
v 109.319000 939.143372 1234.980591 0 133 112
v 109.073303 939.041626 1235.131592 0 133 112
v 111.729698 925.686707 1235.131592 0 133 112
v 111.729698 925.686707 1235.131592 0 133 112
v 109.073303 939.041626 1235.131592 0 133 112
v 108.846001 938.947388 1235.296387 0 133 112
v 111.483704 925.686707 1235.296387 0 133 112
v 111.483704 925.686707 1235.296387 0 133 112
v 108.846001 938.947388 1235.296387 0 133 112
v 108.622597 938.854919 1235.484863 0 133 112
v 111.241898 925.686707 1235.484863 0 133 112
v 111.241898 925.686707 1235.484863 0 133 112
v 108.622597 938.854919 1235.484863 0 133 112
v 108.388802 938.757996 1235.705566 0 133 112
v 110.988800 925.686707 1235.705566 0 133 112
v 110.988800 925.686707 1235.705566 0 133 112
v 108.388802 938.757996 1235.705566 0 133 112
v 108.129997 938.650818 1235.968506 0 133 112
v 110.708702 925.686707 1235.968506 0 133 112
v 110.708702 925.686707 1235.968506 0 133 112
v 108.129997 938.650818 1235.968506 0 133 112
v 107.861603 938.539612 1236.262695 0 133 112
v 110.418198 925.686707 1236.262695 0 133 112
v 110.418198 925.686707 1236.262695 0 133 112
v 107.861603 938.539612 1236.262695 0 133 112
v 107.608597 938.434875 1236.571777 0 133 112
v 110.144302 925.686707 1236.571777 0 133 112
v 110.144302 925.686707 1236.571777 0 133 112
v 107.608597 938.434875 1236.571777 0 133 112
v 107.371803 938.336670 1236.894775 0 133 112
v 109.887901 925.686707 1236.894775 0 133 112
v 109.887901 925.686707 1236.894775 0 133 112
v 107.371803 938.336670 1236.894775 0 133 112
v 107.151299 938.245422 1237.230957 0 133 112
v 109.649399 925.686707 1237.230957 0 133 112
v 109.649399 925.686707 1237.230957 0 133 112
v 107.151299 938.245422 1237.230957 0 133 112
v 106.947899 938.161194 1237.579590 0 133 112
v 109.429199 925.686707 1237.579590 0 133 112
v 109.429199 925.686707 1237.579590 0 133 112
v 106.947899 938.161194 1237.579590 0 133 112
v 106.762001 938.084229 1237.940186 0 133 112
v 109.227898 925.686707 1237.940186 0 133 112
v 109.227898 925.686707 1237.940186 0 133 112
v 106.762001 938.084229 1237.940186 0 133 112
v 106.593903 938.014526 1238.311646 0 133 112
v 109.045998 925.686707 1238.311646 0 133 112
v 109.045998 925.686707 1238.311646 0 133 112
v 106.593903 938.014526 1238.311646 0 133 112
v 106.444603 937.952820 1238.692383 0 133 112
v 108.884499 925.686707 1238.692383 0 133 112
v 108.884499 925.686707 1238.692383 0 133 112
v 106.444603 937.952820 1238.692383 0 133 112
v 106.314903 937.898987 1239.080566 0 133 112
v 108.744003 925.686707 1239.080566 0 133 112
v 108.744003 925.686707 1239.080566 0 133 112
v 106.314903 937.898987 1239.080566 0 133 112
v 106.204697 937.853271 1239.475342 0 133 112
v 108.624802 925.686707 1239.475342 0 133 112
v 108.624802 925.686707 1239.475342 0 133 112
v 106.204697 937.853271 1239.475342 0 133 112
v 106.114403 937.815918 1239.875732 0 133 112
v 108.527000 925.686707 1239.875732 0 133 112
v 108.527000 925.686707 1239.875732 0 133 112
v 106.114403 937.815918 1239.875732 0 133 112
v 106.044098 937.786804 1240.281250 0 133 112
v 108.450897 925.686707 1240.281250 0 133 112
v 108.450897 925.686707 1240.281250 0 133 112
v 106.044098 937.786804 1240.281250 0 133 112
v 105.994003 937.766113 1240.690430 0 133 112
v 105.964401 937.753784 1241.102783 0 133 112
v 108.364700 925.686707 1241.102783 0 133 112
v 108.396698 925.686707 1240.690430 0 133 112
v 108.396698 925.686707 1240.690430 0 133 112
v 105.994003 937.766113 1240.690430 0 133 112
v 105.964401 937.753784 1241.102783 0 133 112
v 109.543800 939.236389 1244.853027 0 133 112
v 105.964401 937.753784 1241.102783 0 133 112
v 105.964401 937.753784 1241.102783 0 133 112
v 101.868500 950.723328 1244.853027 0 133 112
v 112.661598 940.527893 1248.998291 0 133 112
v 109.543800 939.236389 1244.853027 0 133 112
v 109.543800 939.236389 1244.853027 0 133 112
v 101.868500 950.723328 1244.853027 0 133 112
v 104.254799 953.109619 1248.998291 0 133 112
v 115.295502 941.618896 1253.488525 0 133 112
v 112.661598 940.527893 1248.998291 0 133 112
v 112.661598 940.527893 1248.998291 0 133 112
v 104.254799 953.109619 1248.998291 0 133 112
v 106.270699 955.125488 1253.488525 0 133 112
v 117.423302 942.500183 1258.273682 0 133 112
v 115.295502 941.618896 1253.488525 0 133 112
v 115.295502 941.618896 1253.488525 0 133 112
v 106.270699 955.125488 1253.488525 0 133 112
v 107.899200 956.754089 1258.273682 0 133 112
v 119.022499 943.162598 1263.302979 0 133 112
v 117.423302 942.500183 1258.273682 0 133 112
v 117.423302 942.500183 1258.273682 0 133 112
v 107.899200 956.754089 1258.273682 0 133 112
v 109.123199 957.978027 1263.302979 0 133 112
v 120.070702 943.596802 1268.526611 0 133 112
v 119.022499 943.162598 1263.302979 0 133 112
v 119.022499 943.162598 1263.302979 0 133 112
v 109.123199 957.978027 1263.302979 0 133 112
v 109.925400 958.780273 1268.526611 0 133 112
v 120.545502 943.793518 1273.893921 0 133 112
v 120.070702 943.596802 1268.526611 0 133 112
v 120.070702 943.596802 1268.526611 0 133 112
v 109.925400 958.780273 1268.526611 0 133 112
v 110.288902 959.143677 1273.893921 0 133 112
v 120.429298 943.745422 1279.284424 0 133 112
v 120.545502 943.793518 1273.893921 0 133 112
v 120.545502 943.793518 1273.893921 0 133 112
v 110.288902 959.143677 1273.893921 0 133 112
v 110.199997 959.054810 1279.284424 0 133 112
v 119.731697 943.456421 1284.576172 0 133 112
v 120.429298 943.745422 1279.284424 0 133 112
v 120.429298 943.745422 1279.284424 0 133 112
v 110.199997 959.054810 1279.284424 0 133 112
v 109.666000 958.520874 1284.576172 0 133 112
v 118.471603 942.934387 1289.717285 0 133 112
v 119.731697 943.456421 1284.576172 0 133 112
v 119.731697 943.456421 1284.576172 0 133 112
v 109.666000 958.520874 1284.576172 0 133 112
v 108.701500 957.556396 1289.717285 0 133 112
v 116.667999 942.187378 1294.655762 0 133 112
v 118.471603 942.934387 1289.717285 0 133 112
v 118.471603 942.934387 1289.717285 0 133 112
v 108.701500 957.556396 1289.717285 0 133 112
v 107.321198 956.176025 1294.655762 0 133 112
v 114.339897 941.223083 1299.339844 0 133 112
v 116.667999 942.187378 1294.655762 0 133 112
v 116.667999 942.187378 1294.655762 0 133 112
v 107.321198 956.176025 1294.655762 0 133 112
v 105.539299 954.394226 1299.339844 0 133 112
v 111.506302 940.049316 1303.717773 0 133 112
v 114.339897 941.223083 1299.339844 0 133 112
v 114.339897 941.223083 1299.339844 0 133 112
v 105.539299 954.394226 1299.339844 0 133 112
v 103.370499 952.225403 1303.717773 0 133 112
v 108.185997 938.674011 1307.737305 0 133 112
v 111.506302 940.049316 1303.717773 0 133 112
v 111.506302 940.049316 1303.717773 0 133 112
v 103.370499 952.225403 1303.717773 0 133 112
v 100.829300 949.684082 1307.737305 0 133 112
v 104.448898 937.125977 1311.302612 0 133 112
v 108.185997 938.674011 1307.737305 0 133 112
v 108.185997 938.674011 1307.737305 0 133 112
v 100.829300 949.684082 1307.737305 0 133 112
v 97.969101 946.823914 1311.302612 0 133 112
v 100.384300 935.442383 1314.338501 0 133 112
v 104.448898 937.125977 1311.302612 0 133 112
v 104.448898 937.125977 1311.302612 0 133 112
v 97.969101 946.823914 1311.302612 0 133 112
v 94.858200 943.713013 1314.338501 0 133 112
v 96.040298 933.643127 1316.825195 0 133 112
v 100.384300 935.442383 1314.338501 0 133 112
v 100.384300 935.442383 1314.338501 0 133 112
v 94.858200 943.713013 1314.338501 0 133 112
v 91.533401 940.388184 1316.825195 0 133 112
v 91.464996 931.747925 1318.742188 0 133 112
v 96.040298 933.643127 1316.825195 0 133 112
v 96.040298 933.643127 1316.825195 0 133 112
v 91.533401 940.388184 1316.825195 0 133 112
v 88.031601 936.886414 1318.742188 0 133 112
v 86.706398 929.776917 1320.069336 0 133 112
v 91.464996 931.747925 1318.742188 0 133 112
v 91.464996 931.747925 1318.742188 0 133 112
v 88.031601 936.886414 1318.742188 0 133 112
v 84.389503 933.244385 1320.069336 0 133 112
v 81.812599 927.749817 1320.786987 0 133 112
v 86.706398 929.776917 1320.069336 0 133 112
v 86.706398 929.776917 1320.069336 0 133 112
v 84.389503 933.244385 1320.069336 0 133 112
v 80.643997 929.498779 1320.786987 0 133 112
v 76.831802 925.686707 1320.874634 0 133 112
v 76.831802 925.686707 1320.874634 0 133 112
v 81.812599 927.749817 1320.786987 0 133 112
v 81.812599 927.749817 1320.786987 0 133 112
v 80.643997 929.498779 1320.786987 0 133 112
v 76.831802 925.686707 1320.874634 0 133 112
v 76.683899 925.625488 0.000000 0 133 112
v 76.831802 925.686707 1320.874634 0 133 112
v 76.831802 925.686707 1320.874634 0 133 112
v 76.831802 925.686707 1320.874634 0 133 112
v 76.718597 925.573486 0.000000 0 133 112
v 113.393501 940.831116 0.000000 0 133 112
v 76.683899 925.625488 0.000000 0 133 112
v 76.683899 925.625488 0.000000 0 133 112
v 76.718597 925.573486 0.000000 0 133 112
v 104.814903 953.669922 0.000000 0 133 112
v 113.392303 940.830505 1230.105469 0 133 112
v 113.393501 940.831116 0.000000 0 133 112
v 113.393501 940.831116 0.000000 0 133 112
v 104.814903 953.669922 0.000000 0 133 112
v 104.814003 953.668884 1230.105469 0 133 112
v 113.334503 940.806580 1230.390137 0 133 112
v 113.392303 940.830505 1230.105469 0 133 112
v 113.392303 940.830505 1230.105469 0 133 112
v 104.814003 953.668884 1230.105469 0 133 112
v 104.769798 953.624573 1230.390137 0 133 112
v 113.261002 940.776184 1230.661865 0 133 112
v 113.334503 940.806580 1230.390137 0 133 112
v 113.334503 940.806580 1230.390137 0 133 112
v 104.769798 953.624573 1230.390137 0 133 112
v 104.713600 953.568420 1230.661865 0 133 112
v 113.173302 940.739807 1230.924072 0 133 112
v 113.261002 940.776184 1230.661865 0 133 112
v 113.261002 940.776184 1230.661865 0 133 112
v 104.713600 953.568420 1230.661865 0 133 112
v 104.646400 953.501282 1230.924072 0 133 112
v 113.072899 940.698181 1231.180176 0 133 112
v 113.173302 940.739807 1230.924072 0 133 112
v 113.173302 940.739807 1230.924072 0 133 112
v 104.646400 953.501282 1230.924072 0 133 112
v 104.569603 953.424377 1231.180176 0 133 112
v 112.961304 940.651978 1231.433105 0 133 112
v 113.072899 940.698181 1231.180176 0 133 112
v 113.072899 940.698181 1231.180176 0 133 112
v 104.569603 953.424377 1231.180176 0 133 112
v 104.484100 953.338989 1231.433105 0 133 112
v 112.839996 940.601685 1231.686279 0 133 112
v 112.961304 940.651978 1231.433105 0 133 112
v 112.961304 940.651978 1231.433105 0 133 112
v 104.484100 953.338989 1231.433105 0 133 112
v 104.391296 953.246216 1231.686279 0 133 112
v 112.710403 940.548096 1231.942993 0 133 112
v 112.839996 940.601685 1231.686279 0 133 112
v 112.839996 940.601685 1231.686279 0 133 112
v 104.391296 953.246216 1231.686279 0 133 112
v 104.292099 953.146973 1231.942993 0 133 112
v 112.571800 940.490723 1232.198730 0 133 112
v 112.710403 940.548096 1231.942993 0 133 112
v 112.710403 940.548096 1231.942993 0 133 112
v 104.292099 953.146973 1231.942993 0 133 112
v 104.185997 953.040894 1232.198730 0 133 112
v 112.422501 940.428772 1232.447021 0 133 112
v 112.571800 940.490723 1232.198730 0 133 112
v 112.571800 940.490723 1232.198730 0 133 112
v 104.185997 953.040894 1232.198730 0 133 112
v 104.071800 952.926575 1232.447021 0 133 112
v 112.262901 940.362671 1232.687256 0 133 112
v 112.422501 940.428772 1232.447021 0 133 112
v 112.422501 940.428772 1232.447021 0 133 112
v 104.071800 952.926575 1232.447021 0 133 112
v 103.949600 952.804382 1232.687256 0 133 112
v 112.093102 940.292419 1232.919189 0 133 112
v 112.262901 940.362671 1232.687256 0 133 112
v 112.262901 940.362671 1232.687256 0 133 112
v 103.949600 952.804382 1232.687256 0 133 112
v 103.819702 952.674622 1232.919189 0 133 112
v 111.913498 940.218018 1233.142334 0 133 112
v 112.093102 940.292419 1232.919189 0 133 112
v 112.093102 940.292419 1232.919189 0 133 112
v 103.819702 952.674622 1232.919189 0 133 112
v 103.682297 952.537109 1233.142334 0 133 112
v 111.724403 940.139709 1233.356323 0 133 112
v 111.913498 940.218018 1233.142334 0 133 112
v 111.913498 940.218018 1233.142334 0 133 112
v 103.682297 952.537109 1233.142334 0 133 112
v 103.537498 952.392273 1233.356323 0 133 112
v 111.526100 940.057495 1233.560791 0 133 112
v 111.724403 940.139709 1233.356323 0 133 112
v 111.724403 940.139709 1233.356323 0 133 112
v 103.537498 952.392273 1233.356323 0 133 112
v 103.385696 952.240479 1233.560791 0 133 112
v 111.319000 939.971680 1233.755127 0 133 112
v 111.526100 940.057495 1233.560791 0 133 112
v 111.526100 940.057495 1233.560791 0 133 112
v 103.385696 952.240479 1233.560791 0 133 112
v 103.227203 952.081970 1233.755127 0 133 112
v 111.103798 939.882629 1233.938599 0 133 112
v 111.319000 939.971680 1233.755127 0 133 112
v 111.319000 939.971680 1233.755127 0 133 112
v 103.227203 952.081970 1233.755127 0 133 112
v 103.062500 951.917419 1233.938599 0 133 112
v 110.881104 939.790405 1234.110840 0 133 112
v 111.103798 939.882629 1233.938599 0 133 112
v 111.103798 939.882629 1233.938599 0 133 112
v 103.062500 951.917419 1233.938599 0 133 112
v 102.892097 951.746887 1234.110840 0 133 112
v 110.651299 939.695190 1234.271729 0 133 112
v 110.881104 939.790405 1234.110840 0 133 112
v 110.881104 939.790405 1234.110840 0 133 112
v 102.892097 951.746887 1234.110840 0 133 112
v 102.716202 951.570984 1234.271729 0 133 112
v 110.414803 939.597229 1234.420898 0 133 112
v 110.651299 939.695190 1234.271729 0 133 112
v 110.651299 939.695190 1234.271729 0 133 112
v 102.716202 951.570984 1234.271729 0 133 112
v 102.535202 951.390015 1234.420898 0 133 112
v 110.171997 939.496582 1234.558105 0 133 112
v 110.414803 939.597229 1234.420898 0 133 112
v 110.414803 939.597229 1234.420898 0 133 112
v 102.535202 951.390015 1234.420898 0 133 112
v 102.349297 951.204224 1234.558105 0 133 112
v 109.923500 939.393677 1234.683105 0 133 112
v 110.171997 939.496582 1234.558105 0 133 112
v 110.171997 939.496582 1234.558105 0 133 112
v 102.349297 951.204224 1234.558105 0 133 112
v 102.159103 951.013977 1234.683105 0 133 112
v 109.597603 939.258728 1234.834229 0 133 112
v 109.923500 939.393677 1234.683105 0 133 112
v 109.923500 939.393677 1234.683105 0 133 112
v 102.159103 951.013977 1234.683105 0 133 112
v 101.909698 950.764587 1234.834229 0 133 112
v 109.319000 939.143372 1234.980591 0 133 112
v 109.597603 939.258728 1234.834229 0 133 112
v 109.597603 939.258728 1234.834229 0 133 112
v 101.909698 950.764587 1234.834229 0 133 112
v 101.696503 950.551392 1234.980591 0 133 112
v 109.073303 939.041626 1235.131592 0 133 112
v 109.319000 939.143372 1234.980591 0 133 112
v 109.319000 939.143372 1234.980591 0 133 112
v 101.696503 950.551392 1234.980591 0 133 112
v 101.508400 950.363281 1235.131592 0 133 112
v 108.846001 938.947388 1235.296387 0 133 112
v 109.073303 939.041626 1235.131592 0 133 112
v 109.073303 939.041626 1235.131592 0 133 112
v 101.508400 950.363281 1235.131592 0 133 112
v 101.334503 950.189270 1235.296387 0 133 112
v 108.622597 938.854919 1235.484863 0 133 112
v 108.846001 938.947388 1235.296387 0 133 112
v 108.846001 938.947388 1235.296387 0 133 112
v 101.334503 950.189270 1235.296387 0 133 112
v 101.163498 950.018372 1235.484863 0 133 112
v 108.388802 938.757996 1235.705566 0 133 112
v 108.622597 938.854919 1235.484863 0 133 112
v 108.622597 938.854919 1235.484863 0 133 112
v 101.163498 950.018372 1235.484863 0 133 112
v 100.984497 949.839417 1235.705566 0 133 112
v 108.129997 938.650818 1235.968506 0 133 112
v 108.388802 938.757996 1235.705566 0 133 112
v 108.388802 938.757996 1235.705566 0 133 112
v 100.984497 949.839417 1235.705566 0 133 112
v 100.786400 949.641296 1235.968506 0 133 112
v 107.861603 938.539612 1236.262695 0 133 112
v 108.129997 938.650818 1235.968506 0 133 112
v 108.129997 938.650818 1235.968506 0 133 112
v 100.786400 949.641296 1235.968506 0 133 112
v 100.581001 949.435913 1236.262695 0 133 112
v 107.608597 938.434875 1236.571777 0 133 112
v 107.861603 938.539612 1236.262695 0 133 112
v 107.861603 938.539612 1236.262695 0 133 112
v 100.581001 949.435913 1236.262695 0 133 112
v 100.387398 949.242188 1236.571777 0 133 112
v 107.371803 938.336670 1236.894775 0 133 112
v 107.608597 938.434875 1236.571777 0 133 112
v 107.608597 938.434875 1236.571777 0 133 112
v 100.387398 949.242188 1236.571777 0 133 112
v 100.206100 949.060974 1236.894775 0 133 112
v 107.151299 938.245422 1237.230957 0 133 112
v 107.371803 938.336670 1236.894775 0 133 112
v 107.371803 938.336670 1236.894775 0 133 112
v 100.206100 949.060974 1236.894775 0 133 112
v 100.037399 948.892273 1237.230957 0 133 112
v 106.947899 938.161194 1237.579590 0 133 112
v 107.151299 938.245422 1237.230957 0 133 112
v 107.151299 938.245422 1237.230957 0 133 112
v 100.037399 948.892273 1237.230957 0 133 112
v 99.881699 948.736572 1237.579590 0 133 112
v 106.762001 938.084229 1237.940186 0 133 112
v 106.947899 938.161194 1237.579590 0 133 112
v 106.947899 938.161194 1237.579590 0 133 112
v 99.881699 948.736572 1237.579590 0 133 112
v 99.739403 948.594177 1237.940186 0 133 112
v 106.593903 938.014526 1238.311646 0 133 112
v 106.762001 938.084229 1237.940186 0 133 112
v 106.762001 938.084229 1237.940186 0 133 112
v 99.739403 948.594177 1237.940186 0 133 112
v 99.610802 948.465576 1238.311646 0 133 112
v 106.444603 937.952820 1238.692383 0 133 112
v 106.593903 938.014526 1238.311646 0 133 112
v 106.593903 938.014526 1238.311646 0 133 112
v 99.610802 948.465576 1238.311646 0 133 112
v 99.496498 948.351379 1238.692383 0 133 112
v 106.314903 937.898987 1239.080566 0 133 112
v 106.444603 937.952820 1238.692383 0 133 112
v 106.444603 937.952820 1238.692383 0 133 112
v 99.496498 948.351379 1238.692383 0 133 112
v 99.397202 948.252075 1239.080566 0 133 112
v 106.204697 937.853271 1239.475342 0 133 112
v 106.314903 937.898987 1239.080566 0 133 112
v 106.314903 937.898987 1239.080566 0 133 112
v 99.397202 948.252075 1239.080566 0 133 112
v 99.312897 948.167725 1239.475342 0 133 112
v 106.114403 937.815918 1239.875732 0 133 112
v 106.204697 937.853271 1239.475342 0 133 112
v 106.204697 937.853271 1239.475342 0 133 112
v 99.312897 948.167725 1239.475342 0 133 112
v 99.243797 948.098572 1239.875732 0 133 112
v 106.044098 937.786804 1240.281250 0 133 112
v 106.114403 937.815918 1239.875732 0 133 112
v 106.114403 937.815918 1239.875732 0 133 112
v 99.243797 948.098572 1239.875732 0 133 112
v 99.189903 948.044800 1240.281250 0 133 112
v 105.994003 937.766113 1240.690430 0 133 112
v 106.044098 937.786804 1240.281250 0 133 112
v 106.044098 937.786804 1240.281250 0 133 112
v 99.189903 948.044800 1240.281250 0 133 112
v 99.151703 948.006470 1240.690430 0 133 112
v 99.128998 947.983826 1241.102783 0 133 112
v 105.964401 937.753784 1241.102783 0 133 112
v 105.994003 937.766113 1240.690430 0 133 112
v 105.994003 937.766113 1240.690430 0 133 112
v 99.151703 948.006470 1240.690430 0 133 112
v 99.128998 947.983826 1241.102783 0 133 112
v 101.868500 950.723328 1244.853027 0 133 112
v 99.128998 947.983826 1241.102783 0 133 112
v 99.128998 947.983826 1241.102783 0 133 112
v 90.381599 958.398682 1244.853027 0 133 112
v 104.254799 953.109619 1248.998291 0 133 112
v 101.868500 950.723328 1244.853027 0 133 112
v 101.868500 950.723328 1244.853027 0 133 112
v 90.381599 958.398682 1244.853027 0 133 112
v 91.672997 961.516479 1248.998291 0 133 112
v 106.270699 955.125488 1253.488525 0 133 112
v 104.254799 953.109619 1248.998291 0 133 112
v 104.254799 953.109619 1248.998291 0 133 112
v 91.672997 961.516479 1248.998291 0 133 112
v 92.764099 964.150513 1253.488525 0 133 112
v 107.899200 956.754089 1258.273682 0 133 112
v 106.270699 955.125488 1253.488525 0 133 112
v 106.270699 955.125488 1253.488525 0 133 112
v 92.764099 964.150513 1253.488525 0 133 112
v 93.645401 966.278198 1258.273682 0 133 112
v 109.123199 957.978027 1263.302979 0 133 112
v 107.899200 956.754089 1258.273682 0 133 112
v 107.899200 956.754089 1258.273682 0 133 112
v 93.645401 966.278198 1258.273682 0 133 112
v 94.307800 967.877380 1263.302979 0 133 112
v 109.925400 958.780273 1268.526611 0 133 112
v 109.123199 957.978027 1263.302979 0 133 112
v 109.123199 957.978027 1263.302979 0 133 112
v 94.307800 967.877380 1263.302979 0 133 112
v 94.741997 968.925598 1268.526611 0 133 112
v 110.288902 959.143677 1273.893921 0 133 112
v 109.925400 958.780273 1268.526611 0 133 112
v 109.925400 958.780273 1268.526611 0 133 112
v 94.741997 968.925598 1268.526611 0 133 112
v 94.938698 969.400513 1273.893921 0 133 112
v 110.199997 959.054810 1279.284424 0 133 112
v 110.288902 959.143677 1273.893921 0 133 112
v 110.288902 959.143677 1273.893921 0 133 112
v 94.938698 969.400513 1273.893921 0 133 112
v 94.890602 969.284180 1279.284424 0 133 112
v 109.666000 958.520874 1284.576172 0 133 112
v 110.199997 959.054810 1279.284424 0 133 112
v 110.199997 959.054810 1279.284424 0 133 112
v 94.890602 969.284180 1279.284424 0 133 112
v 94.601601 968.586609 1284.576172 0 133 112
v 108.701500 957.556396 1289.717285 0 133 112
v 109.666000 958.520874 1284.576172 0 133 112
v 109.666000 958.520874 1284.576172 0 133 112
v 94.601601 968.586609 1284.576172 0 133 112
v 94.079697 967.326477 1289.717285 0 133 112
v 107.321198 956.176025 1294.655762 0 133 112
v 108.701500 957.556396 1289.717285 0 133 112
v 108.701500 957.556396 1289.717285 0 133 112
v 94.079697 967.326477 1289.717285 0 133 112
v 93.332603 965.522888 1294.655762 0 133 112
v 105.539299 954.394226 1299.339844 0 133 112
v 107.321198 956.176025 1294.655762 0 133 112
v 107.321198 956.176025 1294.655762 0 133 112
v 93.332603 965.522888 1294.655762 0 133 112
v 92.368202 963.194824 1299.339844 0 133 112
v 103.370499 952.225403 1303.717773 0 133 112
v 105.539299 954.394226 1299.339844 0 133 112
v 105.539299 954.394226 1299.339844 0 133 112
v 92.368202 963.194824 1299.339844 0 133 112
v 91.194504 960.361206 1303.717773 0 133 112
v 100.829300 949.684082 1307.737305 0 133 112
v 103.370499 952.225403 1303.717773 0 133 112
v 103.370499 952.225403 1303.717773 0 133 112
v 91.194504 960.361206 1303.717773 0 133 112
v 89.819199 957.040894 1307.737305 0 133 112
v 97.969101 946.823914 1311.302612 0 133 112
v 100.829300 949.684082 1307.737305 0 133 112
v 100.829300 949.684082 1307.737305 0 133 112
v 89.819199 957.040894 1307.737305 0 133 112
v 88.271202 953.303772 1311.302612 0 133 112
v 94.858200 943.713013 1314.338501 0 133 112
v 97.969101 946.823914 1311.302612 0 133 112
v 97.969101 946.823914 1311.302612 0 133 112
v 88.271202 953.303772 1311.302612 0 133 112
v 86.587601 949.239319 1314.338501 0 133 112
v 91.533401 940.388184 1316.825195 0 133 112
v 94.858200 943.713013 1314.338501 0 133 112
v 94.858200 943.713013 1314.338501 0 133 112
v 86.587601 949.239319 1314.338501 0 133 112
v 84.788300 944.895325 1316.825195 0 133 112
v 88.031601 936.886414 1318.742188 0 133 112
v 91.533401 940.388184 1316.825195 0 133 112
v 91.533401 940.388184 1316.825195 0 133 112
v 84.788300 944.895325 1316.825195 0 133 112
v 82.893097 940.319885 1318.742188 0 133 112
v 84.389503 933.244385 1320.069336 0 133 112
v 88.031601 936.886414 1318.742188 0 133 112
v 88.031601 936.886414 1318.742188 0 133 112
v 82.893097 940.319885 1318.742188 0 133 112
v 80.922096 935.561279 1320.069336 0 133 112
v 80.643997 929.498779 1320.786987 0 133 112
v 84.389503 933.244385 1320.069336 0 133 112
v 84.389503 933.244385 1320.069336 0 133 112
v 80.922096 935.561279 1320.069336 0 133 112
v 78.894997 930.667480 1320.786987 0 133 112
v 76.831802 925.686707 1320.874634 0 133 112
v 80.643997 929.498779 1320.786987 0 133 112
v 80.643997 929.498779 1320.786987 0 133 112
v 78.894997 930.667480 1320.786987 0 133 112
v 76.831902 925.686829 1320.874634 0 133 112
v 76.718597 925.573486 0.000000 0 133 112
v 76.831802 925.686707 1320.874634 0 133 112
v 76.831802 925.686707 1320.874634 0 133 112
v 76.831902 925.686829 1320.874634 0 133 112
v 76.770401 925.538818 0.000000 0 133 112
v 104.814903 953.669922 0.000000 0 133 112
v 76.718597 925.573486 0.000000 0 133 112
v 76.718597 925.573486 0.000000 0 133 112
v 76.770401 925.538818 0.000000 0 133 112
v 91.976097 962.248413 0.000000 0 133 112
v 104.814003 953.668884 1230.105469 0 133 112
v 104.814903 953.669922 0.000000 0 133 112
v 104.814903 953.669922 0.000000 0 133 112
v 91.976097 962.248413 0.000000 0 133 112
v 91.975700 962.247192 1230.105469 0 133 112
v 104.769798 953.624573 1230.390137 0 133 112
v 104.814003 953.668884 1230.105469 0 133 112
v 104.814003 953.668884 1230.105469 0 133 112
v 91.975700 962.247192 1230.105469 0 133 112
v 91.951797 962.189392 1230.390137 0 133 112
v 104.713600 953.568420 1230.661865 0 133 112
v 104.769798 953.624573 1230.390137 0 133 112
v 104.769798 953.624573 1230.390137 0 133 112
v 91.951797 962.189392 1230.390137 0 133 112
v 91.921303 962.115906 1230.661865 0 133 112
v 104.646400 953.501282 1230.924072 0 133 112
v 104.713600 953.568420 1230.661865 0 133 112
v 104.713600 953.568420 1230.661865 0 133 112
v 91.921303 962.115906 1230.661865 0 133 112
v 91.885002 962.028320 1230.924072 0 133 112
v 104.569603 953.424377 1231.180176 0 133 112
v 104.646400 953.501282 1230.924072 0 133 112
v 104.646400 953.501282 1230.924072 0 133 112
v 91.885002 962.028320 1230.924072 0 133 112
v 91.843399 961.927917 1231.180176 0 133 112
v 104.484100 953.338989 1231.433105 0 133 112
v 104.569603 953.424377 1231.180176 0 133 112
v 104.569603 953.424377 1231.180176 0 133 112
v 91.843399 961.927917 1231.180176 0 133 112
v 91.797203 961.816223 1231.433105 0 133 112
v 104.391296 953.246216 1231.686279 0 133 112
v 104.484100 953.338989 1231.433105 0 133 112
v 104.484100 953.338989 1231.433105 0 133 112
v 91.797203 961.816223 1231.433105 0 133 112
v 91.746902 961.694885 1231.686279 0 133 112
v 104.292099 953.146973 1231.942993 0 133 112
v 104.391296 953.246216 1231.686279 0 133 112
v 104.391296 953.246216 1231.686279 0 133 112
v 91.746902 961.694885 1231.686279 0 133 112
v 91.693199 961.565308 1231.942993 0 133 112
v 104.185997 953.040894 1232.198730 0 133 112
v 104.292099 953.146973 1231.942993 0 133 112
v 104.292099 953.146973 1231.942993 0 133 112
v 91.693199 961.565308 1231.942993 0 133 112
v 91.635902 961.426697 1232.198730 0 133 112
v 104.071800 952.926575 1232.447021 0 133 112
v 104.185997 953.040894 1232.198730 0 133 112
v 104.185997 953.040894 1232.198730 0 133 112
v 91.635902 961.426697 1232.198730 0 133 112
v 91.573997 961.277405 1232.447021 0 133 112
v 103.949600 952.804382 1232.687256 0 133 112
v 104.071800 952.926575 1232.447021 0 133 112
v 104.071800 952.926575 1232.447021 0 133 112
v 91.573997 961.277405 1232.447021 0 133 112
v 91.507896 961.117798 1232.687256 0 133 112
v 103.819702 952.674622 1232.919189 0 133 112
v 103.949600 952.804382 1232.687256 0 133 112
v 103.949600 952.804382 1232.687256 0 133 112
v 91.507896 961.117798 1232.687256 0 133 112
v 91.437599 960.948120 1232.919189 0 133 112
v 103.682297 952.537109 1233.142334 0 133 112
v 103.819702 952.674622 1232.919189 0 133 112
v 103.819702 952.674622 1232.919189 0 133 112
v 91.437599 960.948120 1232.919189 0 133 112
v 91.363197 960.768494 1233.142334 0 133 112
v 103.537498 952.392273 1233.356323 0 133 112
v 103.682297 952.537109 1233.142334 0 133 112
v 103.682297 952.537109 1233.142334 0 133 112
v 91.363197 960.768494 1233.142334 0 133 112
v 91.284897 960.579285 1233.356323 0 133 112
v 103.385696 952.240479 1233.560791 0 133 112
v 103.537498 952.392273 1233.356323 0 133 112
v 103.537498 952.392273 1233.356323 0 133 112
v 91.284897 960.579285 1233.356323 0 133 112
v 91.202698 960.380981 1233.560791 0 133 112
v 103.227203 952.081970 1233.755127 0 133 112
v 103.385696 952.240479 1233.560791 0 133 112
v 103.385696 952.240479 1233.560791 0 133 112
v 91.202698 960.380981 1233.560791 0 133 112
v 91.116898 960.173889 1233.755127 0 133 112
v 103.062500 951.917419 1233.938599 0 133 112
v 103.227203 952.081970 1233.755127 0 133 112
v 103.227203 952.081970 1233.755127 0 133 112
v 91.116898 960.173889 1233.755127 0 133 112
v 91.027802 959.958679 1233.938599 0 133 112
v 102.892097 951.746887 1234.110840 0 133 112
v 103.062500 951.917419 1233.938599 0 133 112
v 103.062500 951.917419 1233.938599 0 133 112
v 91.027802 959.958679 1233.938599 0 133 112
v 90.935501 959.736084 1234.110840 0 133 112
v 102.716202 951.570984 1234.271729 0 133 112
v 102.892097 951.746887 1234.110840 0 133 112
v 102.892097 951.746887 1234.110840 0 133 112
v 90.935501 959.736084 1234.110840 0 133 112
v 90.840302 959.506226 1234.271729 0 133 112
v 102.535202 951.390015 1234.420898 0 133 112
v 102.716202 951.570984 1234.271729 0 133 112
v 102.716202 951.570984 1234.271729 0 133 112
v 90.840302 959.506226 1234.271729 0 133 112
v 90.742401 959.269714 1234.420898 0 133 112
v 102.349297 951.204224 1234.558105 0 133 112
v 102.535202 951.390015 1234.420898 0 133 112
v 102.535202 951.390015 1234.420898 0 133 112
v 90.742401 959.269714 1234.420898 0 133 112
v 90.641800 959.026917 1234.558105 0 133 112
v 102.159103 951.013977 1234.683105 0 133 112
v 102.349297 951.204224 1234.558105 0 133 112
v 102.349297 951.204224 1234.558105 0 133 112
v 90.641800 959.026917 1234.558105 0 133 112
v 90.538902 958.778381 1234.683105 0 133 112
v 101.909698 950.764587 1234.834229 0 133 112
v 102.159103 951.013977 1234.683105 0 133 112
v 102.159103 951.013977 1234.683105 0 133 112
v 90.538902 958.778381 1234.683105 0 133 112
v 90.403900 958.452515 1234.834229 0 133 112
v 101.696503 950.551392 1234.980591 0 133 112
v 101.909698 950.764587 1234.834229 0 133 112
v 101.909698 950.764587 1234.834229 0 133 112
v 90.403900 958.452515 1234.834229 0 133 112
v 90.288498 958.174011 1234.980591 0 133 112
v 101.508400 950.363281 1235.131592 0 133 112
v 101.696503 950.551392 1234.980591 0 133 112
v 101.696503 950.551392 1234.980591 0 133 112
v 90.288498 958.174011 1234.980591 0 133 112
v 90.186798 957.928223 1235.131592 0 133 112
v 101.334503 950.189270 1235.296387 0 133 112
v 101.508400 950.363281 1235.131592 0 133 112
v 101.508400 950.363281 1235.131592 0 133 112
v 90.186798 957.928223 1235.131592 0 133 112
v 90.092598 957.700928 1235.296387 0 133 112
v 101.163498 950.018372 1235.484863 0 133 112
v 101.334503 950.189270 1235.296387 0 133 112
v 101.334503 950.189270 1235.296387 0 133 112
v 90.092598 957.700928 1235.296387 0 133 112
v 90.000099 957.477478 1235.484863 0 133 112
v 100.984497 949.839417 1235.705566 0 133 112
v 101.163498 950.018372 1235.484863 0 133 112
v 101.163498 950.018372 1235.484863 0 133 112
v 90.000099 957.477478 1235.484863 0 133 112
v 89.903198 957.243713 1235.705566 0 133 112
v 100.786400 949.641296 1235.968506 0 133 112
v 100.984497 949.839417 1235.705566 0 133 112
v 100.984497 949.839417 1235.705566 0 133 112
v 89.903198 957.243713 1235.705566 0 133 112
v 89.795998 956.984924 1235.968506 0 133 112
v 100.581001 949.435913 1236.262695 0 133 112
v 100.786400 949.641296 1235.968506 0 133 112
v 100.786400 949.641296 1235.968506 0 133 112
v 89.795998 956.984924 1235.968506 0 133 112
v 89.684799 956.716492 1236.262695 0 133 112
v 100.387398 949.242188 1236.571777 0 133 112
v 100.581001 949.435913 1236.262695 0 133 112
v 100.581001 949.435913 1236.262695 0 133 112
v 89.684799 956.716492 1236.262695 0 133 112
v 89.580101 956.463623 1236.571777 0 133 112
v 100.206100 949.060974 1236.894775 0 133 112
v 100.387398 949.242188 1236.571777 0 133 112
v 100.387398 949.242188 1236.571777 0 133 112
v 89.580101 956.463623 1236.571777 0 133 112
v 89.481903 956.226685 1236.894775 0 133 112
v 100.037399 948.892273 1237.230957 0 133 112
v 100.206100 949.060974 1236.894775 0 133 112
v 100.206100 949.060974 1236.894775 0 133 112
v 89.481903 956.226685 1236.894775 0 133 112
v 89.390602 956.006226 1237.230957 0 133 112
v 99.881699 948.736572 1237.579590 0 133 112
v 100.037399 948.892273 1237.230957 0 133 112
v 100.037399 948.892273 1237.230957 0 133 112
v 89.390602 956.006226 1237.230957 0 133 112
v 89.306297 955.802917 1237.579590 0 133 112
v 99.739403 948.594177 1237.940186 0 133 112
v 99.881699 948.736572 1237.579590 0 133 112
v 99.881699 948.736572 1237.579590 0 133 112
v 89.306297 955.802917 1237.579590 0 133 112
v 89.229301 955.616882 1237.940186 0 133 112
v 99.610802 948.465576 1238.311646 0 133 112
v 99.739403 948.594177 1237.940186 0 133 112
v 99.739403 948.594177 1237.940186 0 133 112
v 89.229301 955.616882 1237.940186 0 133 112
v 89.159698 955.448914 1238.311646 0 133 112
v 99.496498 948.351379 1238.692383 0 133 112
v 99.610802 948.465576 1238.311646 0 133 112
v 99.610802 948.465576 1238.311646 0 133 112
v 89.159698 955.448914 1238.311646 0 133 112
v 89.097900 955.299622 1238.692383 0 133 112
v 99.397202 948.252075 1239.080566 0 133 112
v 99.496498 948.351379 1238.692383 0 133 112
v 99.496498 948.351379 1238.692383 0 133 112
v 89.097900 955.299622 1238.692383 0 133 112
v 89.044098 955.169800 1239.080566 0 133 112
v 99.312897 948.167725 1239.475342 0 133 112
v 99.397202 948.252075 1239.080566 0 133 112
v 99.397202 948.252075 1239.080566 0 133 112
v 89.044098 955.169800 1239.080566 0 133 112
v 88.998497 955.059570 1239.475342 0 133 112
v 99.243797 948.098572 1239.875732 0 133 112
v 99.312897 948.167725 1239.475342 0 133 112
v 99.312897 948.167725 1239.475342 0 133 112
v 88.998497 955.059570 1239.475342 0 133 112
v 88.961098 954.969299 1239.875732 0 133 112
v 99.189903 948.044800 1240.281250 0 133 112
v 99.243797 948.098572 1239.875732 0 133 112
v 99.243797 948.098572 1239.875732 0 133 112
v 88.961098 954.969299 1239.875732 0 133 112
v 88.931999 954.898987 1240.281250 0 133 112
v 99.151703 948.006470 1240.690430 0 133 112
v 99.189903 948.044800 1240.281250 0 133 112
v 99.189903 948.044800 1240.281250 0 133 112
v 88.931999 954.898987 1240.281250 0 133 112
v 88.911301 954.848999 1240.690430 0 133 112
v 88.899002 954.819275 1241.102783 0 133 112
v 99.128998 947.983826 1241.102783 0 133 112
v 99.151703 948.006470 1240.690430 0 133 112
v 99.151703 948.006470 1240.690430 0 133 112
v 88.911301 954.848999 1240.690430 0 133 112
v 88.899002 954.819275 1241.102783 0 133 112
v 90.381599 958.398682 1244.853027 0 133 112
v 88.899002 954.819275 1241.102783 0 133 112
v 88.899002 954.819275 1241.102783 0 133 112
v 76.831902 961.093872 1244.853027 0 133 112
v 91.672997 961.516479 1248.998291 0 133 112
v 90.381599 958.398682 1244.853027 0 133 112
v 90.381599 958.398682 1244.853027 0 133 112
v 76.831902 961.093872 1244.853027 0 133 112
v 76.831902 964.468628 1248.998291 0 133 112
v 92.764099 964.150513 1253.488525 0 133 112
v 91.672997 961.516479 1248.998291 0 133 112
v 91.672997 961.516479 1248.998291 0 133 112
v 76.831902 964.468628 1248.998291 0 133 112
v 76.831902 967.319580 1253.488525 0 133 112
v 93.645401 966.278198 1258.273682 0 133 112
v 92.764099 964.150513 1253.488525 0 133 112
v 92.764099 964.150513 1253.488525 0 133 112
v 76.831902 967.319580 1253.488525 0 133 112
v 76.831902 969.622681 1258.273682 0 133 112
v 94.307800 967.877380 1263.302979 0 133 112
v 93.645401 966.278198 1258.273682 0 133 112
v 93.645401 966.278198 1258.273682 0 133 112
v 76.831902 969.622681 1258.273682 0 133 112
v 76.831902 971.353577 1263.302979 0 133 112
v 94.741997 968.925598 1268.526611 0 133 112
v 94.307800 967.877380 1263.302979 0 133 112
v 94.307800 967.877380 1263.302979 0 133 112
v 76.831902 971.353577 1263.302979 0 133 112
v 76.831902 972.488220 1268.526611 0 133 112
v 94.938698 969.400513 1273.893921 0 133 112
v 94.741997 968.925598 1268.526611 0 133 112
v 94.741997 968.925598 1268.526611 0 133 112
v 76.831902 972.488220 1268.526611 0 133 112
v 76.831902 973.002197 1273.893921 0 133 112
v 94.890602 969.284180 1279.284424 0 133 112
v 94.938698 969.400513 1273.893921 0 133 112
v 94.938698 969.400513 1273.893921 0 133 112
v 76.831902 973.002197 1273.893921 0 133 112
v 76.831902 972.876404 1279.284424 0 133 112
v 94.601601 968.586609 1284.576172 0 133 112
v 94.890602 969.284180 1279.284424 0 133 112
v 94.890602 969.284180 1279.284424 0 133 112
v 76.831902 972.876404 1279.284424 0 133 112
v 76.831902 972.121277 1284.576172 0 133 112
v 94.079697 967.326477 1289.717285 0 133 112
v 94.601601 968.586609 1284.576172 0 133 112
v 94.601601 968.586609 1284.576172 0 133 112
v 76.831902 972.121277 1284.576172 0 133 112
v 76.831902 970.757385 1289.717285 0 133 112
v 93.332603 965.522888 1294.655762 0 133 112
v 94.079697 967.326477 1289.717285 0 133 112
v 94.079697 967.326477 1289.717285 0 133 112
v 76.831902 970.757385 1289.717285 0 133 112
v 76.831902 968.805176 1294.655762 0 133 112
v 92.368202 963.194824 1299.339844 0 133 112
v 93.332603 965.522888 1294.655762 0 133 112
v 93.332603 965.522888 1294.655762 0 133 112
v 76.831902 968.805176 1294.655762 0 133 112
v 76.831902 966.285278 1299.339844 0 133 112
v 91.194504 960.361206 1303.717773 0 133 112
v 92.368202 963.194824 1299.339844 0 133 112
v 92.368202 963.194824 1299.339844 0 133 112
v 76.831902 966.285278 1299.339844 0 133 112
v 76.831902 963.218079 1303.717773 0 133 112
v 89.819199 957.040894 1307.737305 0 133 112
v 91.194504 960.361206 1303.717773 0 133 112
v 91.194504 960.361206 1303.717773 0 133 112
v 76.831902 963.218079 1303.717773 0 133 112
v 76.831902 959.624329 1307.737305 0 133 112
v 88.271202 953.303772 1311.302612 0 133 112
v 89.819199 957.040894 1307.737305 0 133 112
v 89.819199 957.040894 1307.737305 0 133 112
v 76.831902 959.624329 1307.737305 0 133 112
v 76.831902 955.579285 1311.302612 0 133 112
v 86.587601 949.239319 1314.338501 0 133 112
v 88.271202 953.303772 1311.302612 0 133 112
v 88.271202 953.303772 1311.302612 0 133 112
v 76.831902 955.579285 1311.302612 0 133 112
v 76.831902 951.179810 1314.338501 0 133 112
v 84.788300 944.895325 1316.825195 0 133 112
v 86.587601 949.239319 1314.338501 0 133 112
v 86.587601 949.239319 1314.338501 0 133 112
v 76.831902 951.179810 1314.338501 0 133 112
v 76.831902 946.477905 1316.825195 0 133 112
v 82.893097 940.319885 1318.742188 0 133 112
v 84.788300 944.895325 1316.825195 0 133 112
v 84.788300 944.895325 1316.825195 0 133 112
v 76.831902 946.477905 1316.825195 0 133 112
v 76.831902 941.525574 1318.742188 0 133 112
v 80.922096 935.561279 1320.069336 0 133 112
v 82.893097 940.319885 1318.742188 0 133 112
v 82.893097 940.319885 1318.742188 0 133 112
v 76.831902 941.525574 1318.742188 0 133 112
v 76.831902 936.374878 1320.069336 0 133 112
v 78.894997 930.667480 1320.786987 0 133 112
v 80.922096 935.561279 1320.069336 0 133 112
v 80.922096 935.561279 1320.069336 0 133 112
v 76.831902 936.374878 1320.069336 0 133 112
v 76.831902 931.078003 1320.786987 0 133 112
v 76.831902 925.686829 1320.874634 0 133 112
v 76.831902 925.686829 1320.874634 0 133 112
v 78.894997 930.667480 1320.786987 0 133 112
v 78.894997 930.667480 1320.786987 0 133 112
v 76.831902 931.078003 1320.786987 0 133 112
v 76.831902 925.686829 1320.874634 0 133 112
v 76.770401 925.538818 0.000000 0 133 112
v 76.831902 925.686829 1320.874634 0 133 112
v 76.831902 925.686829 1320.874634 0 133 112
v 76.831902 925.686829 1320.874634 0 133 112
v 76.831703 925.526611 0.000000 0 133 112
v 91.976097 962.248413 0.000000 0 133 112
v 76.770401 925.538818 0.000000 0 133 112
v 76.770401 925.538818 0.000000 0 133 112
v 76.831703 925.526611 0.000000 0 133 112
v 76.831703 965.260803 0.000000 0 133 112
v 91.975700 962.247192 1230.105469 0 133 112
v 91.976097 962.248413 0.000000 0 133 112
v 91.976097 962.248413 0.000000 0 133 112
v 76.831703 965.260803 0.000000 0 133 112
v 76.831902 965.259521 1230.105469 0 133 112
v 91.951797 962.189392 1230.390137 0 133 112
v 91.975700 962.247192 1230.105469 0 133 112
v 91.975700 962.247192 1230.105469 0 133 112
v 76.831902 965.259521 1230.105469 0 133 112
v 76.831902 965.197021 1230.390137 0 133 112
v 91.921303 962.115906 1230.661865 0 133 112
v 91.951797 962.189392 1230.390137 0 133 112
v 91.951797 962.189392 1230.390137 0 133 112
v 76.831902 965.197021 1230.390137 0 133 112
v 76.831902 965.117371 1230.661865 0 133 112
v 91.885002 962.028320 1230.924072 0 133 112
v 91.921303 962.115906 1230.661865 0 133 112
v 91.921303 962.115906 1230.661865 0 133 112
v 76.831902 965.117371 1230.661865 0 133 112
v 76.831902 965.022522 1230.924072 0 133 112
v 91.843399 961.927917 1231.180176 0 133 112
v 91.885002 962.028320 1230.924072 0 133 112
v 91.885002 962.028320 1230.924072 0 133 112
v 76.831902 965.022522 1230.924072 0 133 112
v 76.831902 964.913879 1231.180176 0 133 112
v 91.797203 961.816223 1231.433105 0 133 112
v 91.843399 961.927917 1231.180176 0 133 112
v 91.843399 961.927917 1231.180176 0 133 112
v 76.831902 964.913879 1231.180176 0 133 112
v 76.831902 964.793030 1231.433105 0 133 112
v 91.746902 961.694885 1231.686279 0 133 112
v 91.797203 961.816223 1231.433105 0 133 112
v 91.797203 961.816223 1231.433105 0 133 112
v 76.831902 964.793030 1231.433105 0 133 112
v 76.831902 964.661682 1231.686279 0 133 112
v 91.693199 961.565308 1231.942993 0 133 112
v 91.746902 961.694885 1231.686279 0 133 112
v 91.746902 961.694885 1231.686279 0 133 112
v 76.831902 964.661682 1231.686279 0 133 112
v 76.831902 964.521423 1231.942993 0 133 112
v 91.635902 961.426697 1232.198730 0 133 112
v 91.693199 961.565308 1231.942993 0 133 112
v 91.693199 961.565308 1231.942993 0 133 112
v 76.831902 964.521423 1231.942993 0 133 112
v 76.831902 964.371399 1232.198730 0 133 112
v 91.573997 961.277405 1232.447021 0 133 112
v 91.635902 961.426697 1232.198730 0 133 112
v 91.635902 961.426697 1232.198730 0 133 112
v 76.831902 964.371399 1232.198730 0 133 112
v 76.831902 964.209778 1232.447021 0 133 112
v 91.507896 961.117798 1232.687256 0 133 112
v 91.573997 961.277405 1232.447021 0 133 112
v 91.573997 961.277405 1232.447021 0 133 112
v 76.831902 964.209778 1232.447021 0 133 112
v 76.831902 964.036987 1232.687256 0 133 112
v 91.437599 960.948120 1232.919189 0 133 112
v 91.507896 961.117798 1232.687256 0 133 112
v 91.507896 961.117798 1232.687256 0 133 112
v 76.831902 964.036987 1232.687256 0 133 112
v 76.831902 963.853271 1232.919189 0 133 112
v 91.363197 960.768494 1233.142334 0 133 112
v 91.437599 960.948120 1232.919189 0 133 112
v 91.437599 960.948120 1232.919189 0 133 112
v 76.831902 963.853271 1232.919189 0 133 112
v 76.831902 963.658875 1233.142334 0 133 112
v 91.284897 960.579285 1233.356323 0 133 112
v 91.363197 960.768494 1233.142334 0 133 112
v 91.363197 960.768494 1233.142334 0 133 112
v 76.831902 963.658875 1233.142334 0 133 112
v 76.831902 963.454285 1233.356323 0 133 112
v 91.202698 960.380981 1233.560791 0 133 112
v 91.284897 960.579285 1233.356323 0 133 112
v 91.284897 960.579285 1233.356323 0 133 112
v 76.831902 963.454285 1233.356323 0 133 112
v 76.831902 963.239624 1233.560791 0 133 112
v 91.116898 960.173889 1233.755127 0 133 112
v 91.202698 960.380981 1233.560791 0 133 112
v 91.202698 960.380981 1233.560791 0 133 112
v 76.831902 963.239624 1233.560791 0 133 112
v 76.831902 963.015381 1233.755127 0 133 112
v 91.027802 959.958679 1233.938599 0 133 112
v 91.116898 960.173889 1233.755127 0 133 112
v 91.116898 960.173889 1233.755127 0 133 112
v 76.831902 963.015381 1233.755127 0 133 112
v 76.831902 962.782471 1233.938599 0 133 112
v 90.935501 959.736084 1234.110840 0 133 112
v 91.027802 959.958679 1233.938599 0 133 112
v 91.027802 959.958679 1233.938599 0 133 112
v 76.831902 962.782471 1233.938599 0 133 112
v 76.831902 962.541504 1234.110840 0 133 112
v 90.840302 959.506226 1234.271729 0 133 112
v 90.935501 959.736084 1234.110840 0 133 112
v 90.935501 959.736084 1234.110840 0 133 112
v 76.831902 962.541504 1234.110840 0 133 112
v 76.831902 962.292725 1234.271729 0 133 112
v 90.742401 959.269714 1234.420898 0 133 112
v 90.840302 959.506226 1234.271729 0 133 112
v 90.840302 959.506226 1234.271729 0 133 112
v 76.831902 962.292725 1234.271729 0 133 112
v 76.831902 962.036682 1234.420898 0 133 112
v 90.641800 959.026917 1234.558105 0 133 112
v 90.742401 959.269714 1234.420898 0 133 112
v 90.742401 959.269714 1234.420898 0 133 112
v 76.831902 962.036682 1234.420898 0 133 112
v 76.831902 961.773926 1234.558105 0 133 112
v 90.538902 958.778381 1234.683105 0 133 112
v 90.641800 959.026917 1234.558105 0 133 112
v 90.641800 959.026917 1234.558105 0 133 112
v 76.831902 961.773926 1234.558105 0 133 112
v 76.831902 961.504883 1234.683105 0 133 112
v 90.403900 958.452515 1234.834229 0 133 112
v 90.538902 958.778381 1234.683105 0 133 112
v 90.538902 958.778381 1234.683105 0 133 112
v 76.831902 961.504883 1234.683105 0 133 112
v 76.831902 961.152222 1234.834229 0 133 112
v 90.288498 958.174011 1234.980591 0 133 112
v 90.403900 958.452515 1234.834229 0 133 112
v 90.403900 958.452515 1234.834229 0 133 112
v 76.831902 961.152222 1234.834229 0 133 112
v 76.831902 960.850708 1234.980591 0 133 112
v 90.186798 957.928223 1235.131592 0 133 112
v 90.288498 958.174011 1234.980591 0 133 112
v 90.288498 958.174011 1234.980591 0 133 112
v 76.831902 960.850708 1234.980591 0 133 112
v 76.831902 960.584717 1235.131592 0 133 112
v 90.092598 957.700928 1235.296387 0 133 112
v 90.186798 957.928223 1235.131592 0 133 112
v 90.186798 957.928223 1235.131592 0 133 112
v 76.831902 960.584717 1235.131592 0 133 112
v 76.831902 960.338684 1235.296387 0 133 112
v 90.000099 957.477478 1235.484863 0 133 112
v 90.092598 957.700928 1235.296387 0 133 112
v 90.092598 957.700928 1235.296387 0 133 112
v 76.831902 960.338684 1235.296387 0 133 112
v 76.831902 960.096924 1235.484863 0 133 112
v 89.903198 957.243713 1235.705566 0 133 112
v 90.000099 957.477478 1235.484863 0 133 112
v 90.000099 957.477478 1235.484863 0 133 112
v 76.831902 960.096924 1235.484863 0 133 112
v 76.831902 959.843811 1235.705566 0 133 112
v 89.795998 956.984924 1235.968506 0 133 112
v 89.903198 957.243713 1235.705566 0 133 112
v 89.903198 957.243713 1235.705566 0 133 112
v 76.831902 959.843811 1235.705566 0 133 112
v 76.831902 959.563721 1235.968506 0 133 112
v 89.684799 956.716492 1236.262695 0 133 112
v 89.795998 956.984924 1235.968506 0 133 112
v 89.795998 956.984924 1235.968506 0 133 112
v 76.831902 959.563721 1235.968506 0 133 112
v 76.831902 959.273071 1236.262695 0 133 112
v 89.580101 956.463623 1236.571777 0 133 112
v 89.684799 956.716492 1236.262695 0 133 112
v 89.684799 956.716492 1236.262695 0 133 112
v 76.831902 959.273071 1236.262695 0 133 112
v 76.831902 958.999390 1236.571777 0 133 112
v 89.481903 956.226685 1236.894775 0 133 112
v 89.580101 956.463623 1236.571777 0 133 112
v 89.580101 956.463623 1236.571777 0 133 112
v 76.831902 958.999390 1236.571777 0 133 112
v 76.831902 958.742981 1236.894775 0 133 112
v 89.390602 956.006226 1237.230957 0 133 112
v 89.481903 956.226685 1236.894775 0 133 112
v 89.481903 956.226685 1236.894775 0 133 112
v 76.831902 958.742981 1236.894775 0 133 112
v 76.831902 958.504395 1237.230957 0 133 112
v 89.306297 955.802917 1237.579590 0 133 112
v 89.390602 956.006226 1237.230957 0 133 112
v 89.390602 956.006226 1237.230957 0 133 112
v 76.831902 958.504395 1237.230957 0 133 112
v 76.831902 958.284180 1237.579590 0 133 112
v 89.229301 955.616882 1237.940186 0 133 112
v 89.306297 955.802917 1237.579590 0 133 112
v 89.306297 955.802917 1237.579590 0 133 112
v 76.831902 958.284180 1237.579590 0 133 112
v 76.831902 958.082886 1237.940186 0 133 112
v 89.159698 955.448914 1238.311646 0 133 112
v 89.229301 955.616882 1237.940186 0 133 112
v 89.229301 955.616882 1237.940186 0 133 112
v 76.831902 958.082886 1237.940186 0 133 112
v 76.831902 957.901001 1238.311646 0 133 112
v 89.097900 955.299622 1238.692383 0 133 112
v 89.159698 955.448914 1238.311646 0 133 112
v 89.159698 955.448914 1238.311646 0 133 112
v 76.831902 957.901001 1238.311646 0 133 112
v 76.831902 957.739502 1238.692383 0 133 112
v 89.044098 955.169800 1239.080566 0 133 112
v 89.097900 955.299622 1238.692383 0 133 112
v 89.097900 955.299622 1238.692383 0 133 112
v 76.831902 957.739502 1238.692383 0 133 112
v 76.831902 957.598999 1239.080566 0 133 112
v 88.998497 955.059570 1239.475342 0 133 112
v 89.044098 955.169800 1239.080566 0 133 112
v 89.044098 955.169800 1239.080566 0 133 112
v 76.831902 957.598999 1239.080566 0 133 112
v 76.831902 957.479675 1239.475342 0 133 112
v 88.961098 954.969299 1239.875732 0 133 112
v 88.998497 955.059570 1239.475342 0 133 112
v 88.998497 955.059570 1239.475342 0 133 112
v 76.831902 957.479675 1239.475342 0 133 112
v 76.831902 957.382019 1239.875732 0 133 112
v 88.931999 954.898987 1240.281250 0 133 112
v 88.961098 954.969299 1239.875732 0 133 112
v 88.961098 954.969299 1239.875732 0 133 112
v 76.831902 957.382019 1239.875732 0 133 112
v 76.831902 957.305908 1240.281250 0 133 112
v 88.911301 954.848999 1240.690430 0 133 112
v 88.931999 954.898987 1240.281250 0 133 112
v 88.931999 954.898987 1240.281250 0 133 112
v 76.831902 957.305908 1240.281250 0 133 112
v 76.831902 957.251770 1240.690430 0 133 112
v 76.831902 957.219727 1241.102783 0 133 112
v 88.899002 954.819275 1241.102783 0 133 112
v 88.911301 954.848999 1240.690430 0 133 112
v 88.911301 954.848999 1240.690430 0 133 112
v 76.831902 957.251770 1240.690430 0 133 112
v 76.831902 957.219727 1241.102783 0 133 112
v 76.831902 961.093872 1244.853027 0 133 112
v 76.831902 957.219727 1241.102783 0 133 112
v 76.831902 957.219727 1241.102783 0 133 112
v 63.282200 958.398682 1244.853027 0 133 112
v 76.831902 964.468628 1248.998291 0 133 112
v 76.831902 961.093872 1244.853027 0 133 112
v 76.831902 961.093872 1244.853027 0 133 112
v 63.282200 958.398682 1244.853027 0 133 112
v 61.990700 961.516602 1248.998291 0 133 112
v 76.831902 967.319580 1253.488525 0 133 112
v 76.831902 964.468628 1248.998291 0 133 112
v 76.831902 964.468628 1248.998291 0 133 112
v 61.990700 961.516602 1248.998291 0 133 112
v 60.899700 964.150513 1253.488525 0 133 112
v 76.831902 969.622681 1258.273682 0 133 112
v 76.831902 967.319580 1253.488525 0 133 112
v 76.831902 967.319580 1253.488525 0 133 112
v 60.899700 964.150513 1253.488525 0 133 112
v 60.018398 966.278320 1258.273682 0 133 112
v 76.831902 971.353577 1263.302979 0 133 112
v 76.831902 969.622681 1258.273682 0 133 112
v 76.831902 969.622681 1258.273682 0 133 112
v 60.018398 966.278320 1258.273682 0 133 112
v 59.355999 967.877380 1263.302979 0 133 112
v 76.831902 972.488220 1268.526611 0 133 112
v 76.831902 971.353577 1263.302979 0 133 112
v 76.831902 971.353577 1263.302979 0 133 112
v 59.355999 967.877380 1263.302979 0 133 112
v 58.921799 968.925720 1268.526611 0 133 112
v 76.831902 973.002197 1273.893921 0 133 112
v 76.831902 972.488220 1268.526611 0 133 112
v 76.831902 972.488220 1268.526611 0 133 112
v 58.921799 968.925720 1268.526611 0 133 112
v 58.724998 969.400574 1273.893921 0 133 112
v 76.831902 972.876404 1279.284424 0 133 112
v 76.831902 973.002197 1273.893921 0 133 112
v 76.831902 973.002197 1273.893921 0 133 112
v 58.724998 969.400574 1273.893921 0 133 112
v 58.773201 969.284302 1279.284424 0 133 112
v 76.831902 972.121277 1284.576172 0 133 112
v 76.831902 972.876404 1279.284424 0 133 112
v 76.831902 972.876404 1279.284424 0 133 112
v 58.773201 969.284302 1279.284424 0 133 112
v 59.062199 968.586670 1284.576172 0 133 112
v 76.831902 970.757385 1289.717285 0 133 112
v 76.831902 972.121277 1284.576172 0 133 112
v 76.831902 972.121277 1284.576172 0 133 112
v 59.062199 968.586670 1284.576172 0 133 112
v 59.584099 967.326599 1289.717285 0 133 112
v 76.831902 968.805176 1294.655762 0 133 112
v 76.831902 970.757385 1289.717285 0 133 112
v 76.831902 970.757385 1289.717285 0 133 112
v 59.584099 967.326599 1289.717285 0 133 112
v 60.331200 965.523071 1294.655762 0 133 112
v 76.831902 966.285278 1299.339844 0 133 112
v 76.831902 968.805176 1294.655762 0 133 112
v 76.831902 968.805176 1294.655762 0 133 112
v 60.331200 965.523071 1294.655762 0 133 112
v 61.295502 963.194885 1299.339844 0 133 112
v 76.831902 963.218079 1303.717773 0 133 112
v 76.831902 966.285278 1299.339844 0 133 112
v 76.831902 966.285278 1299.339844 0 133 112
v 61.295502 963.194885 1299.339844 0 133 112
v 62.469200 960.361328 1303.717773 0 133 112
v 76.831902 959.624329 1307.737305 0 133 112
v 76.831902 963.218079 1303.717773 0 133 112
v 76.831902 963.218079 1303.717773 0 133 112
v 62.469200 960.361328 1303.717773 0 133 112
v 63.844501 957.041016 1307.737305 0 133 112
v 76.831902 955.579285 1311.302612 0 133 112
v 76.831902 959.624329 1307.737305 0 133 112
v 76.831902 959.624329 1307.737305 0 133 112
v 63.844501 957.041016 1307.737305 0 133 112
v 65.392502 953.303894 1311.302612 0 133 112
v 76.831902 951.179810 1314.338501 0 133 112
v 76.831902 955.579285 1311.302612 0 133 112
v 76.831902 955.579285 1311.302612 0 133 112
v 65.392502 953.303894 1311.302612 0 133 112
v 67.076103 949.239319 1314.338501 0 133 112
v 76.831902 946.477905 1316.825195 0 133 112
v 76.831902 951.179810 1314.338501 0 133 112
v 76.831902 951.179810 1314.338501 0 133 112
v 67.076103 949.239319 1314.338501 0 133 112
v 68.875504 944.895325 1316.825195 0 133 112
v 76.831902 941.525574 1318.742188 0 133 112
v 76.831902 946.477905 1316.825195 0 133 112
v 76.831902 946.477905 1316.825195 0 133 112
v 68.875504 944.895325 1316.825195 0 133 112
v 70.770599 940.320007 1318.742188 0 133 112
v 76.831902 936.374878 1320.069336 0 133 112
v 76.831902 941.525574 1318.742188 0 133 112
v 76.831902 941.525574 1318.742188 0 133 112
v 70.770599 940.320007 1318.742188 0 133 112
v 72.741699 935.561401 1320.069336 0 133 112
v 76.831902 931.078003 1320.786987 0 133 112
v 76.831902 936.374878 1320.069336 0 133 112
v 76.831902 936.374878 1320.069336 0 133 112
v 72.741699 935.561401 1320.069336 0 133 112
v 74.768799 930.667725 1320.786987 0 133 112
v 76.831902 925.686829 1320.874634 0 133 112
v 76.831902 925.686829 1320.874634 0 133 112
v 76.831902 931.078003 1320.786987 0 133 112
v 76.831902 931.078003 1320.786987 0 133 112
v 74.768799 930.667725 1320.786987 0 133 112
v 76.831902 925.686829 1320.874634 0 133 112
v 76.831703 925.526611 0.000000 0 133 112
v 76.831902 925.686829 1320.874634 0 133 112
v 76.831902 925.686829 1320.874634 0 133 112
v 76.831902 925.686829 1320.874634 0 133 112
v 76.892899 925.538818 0.000000 0 133 112
v 76.831703 965.260803 0.000000 0 133 112
v 76.831703 925.526611 0.000000 0 133 112
v 76.831703 925.526611 0.000000 0 133 112
v 76.892899 925.538818 0.000000 0 133 112
v 61.687302 962.248413 0.000000 0 133 112
v 76.831902 965.259521 1230.105469 0 133 112
v 76.831703 965.260803 0.000000 0 133 112
v 76.831703 965.260803 0.000000 0 133 112
v 61.687302 962.248413 0.000000 0 133 112
v 61.688000 962.247314 1230.105469 0 133 112
v 76.831902 965.197021 1230.390137 0 133 112
v 76.831902 965.259521 1230.105469 0 133 112
v 76.831902 965.259521 1230.105469 0 133 112
v 61.688000 962.247314 1230.105469 0 133 112
v 61.712002 962.189514 1230.390137 0 133 112
v 76.831902 965.117371 1230.661865 0 133 112
v 76.831902 965.197021 1230.390137 0 133 112
v 76.831902 965.197021 1230.390137 0 133 112
v 61.712002 962.189514 1230.390137 0 133 112
v 61.742401 962.116028 1230.661865 0 133 112
v 76.831902 965.022522 1230.924072 0 133 112
v 76.831902 965.117371 1230.661865 0 133 112
v 76.831902 965.117371 1230.661865 0 133 112
v 61.742401 962.116028 1230.661865 0 133 112
v 61.778702 962.028320 1230.924072 0 133 112
v 76.831902 964.913879 1231.180176 0 133 112
v 76.831902 965.022522 1230.924072 0 133 112
v 76.831902 965.022522 1230.924072 0 133 112
v 61.778702 962.028320 1230.924072 0 133 112
v 61.820301 961.927917 1231.180176 0 133 112
v 76.831902 964.793030 1231.433105 0 133 112
v 76.831902 964.913879 1231.180176 0 133 112
v 76.831902 964.913879 1231.180176 0 133 112
v 61.820301 961.927917 1231.180176 0 133 112
v 61.866600 961.816284 1231.433105 0 133 112
v 76.831902 964.661682 1231.686279 0 133 112
v 76.831902 964.793030 1231.433105 0 133 112
v 76.831902 964.793030 1231.433105 0 133 112
v 61.866600 961.816284 1231.433105 0 133 112
v 61.916801 961.694885 1231.686279 0 133 112
v 76.831902 964.521423 1231.942993 0 133 112
v 76.831902 964.661682 1231.686279 0 133 112
v 76.831902 964.661682 1231.686279 0 133 112
v 61.916801 961.694885 1231.686279 0 133 112
v 61.970501 961.565430 1231.942993 0 133 112
v 76.831902 964.371399 1232.198730 0 133 112
v 76.831902 964.521423 1231.942993 0 133 112
v 76.831902 964.521423 1231.942993 0 133 112
v 61.970501 961.565430 1231.942993 0 133 112
v 62.027901 961.426819 1232.198730 0 133 112
v 76.831902 964.209778 1232.447021 0 133 112
v 76.831902 964.371399 1232.198730 0 133 112
v 76.831902 964.371399 1232.198730 0 133 112
v 62.027901 961.426819 1232.198730 0 133 112
v 62.089699 961.277527 1232.447021 0 133 112
v 76.831902 964.036987 1232.687256 0 133 112
v 76.831902 964.209778 1232.447021 0 133 112
v 76.831902 964.209778 1232.447021 0 133 112
v 62.089699 961.277527 1232.447021 0 133 112
v 62.155899 961.117920 1232.687256 0 133 112
v 76.831902 963.853271 1232.919189 0 133 112
v 76.831902 964.036987 1232.687256 0 133 112
v 76.831902 964.036987 1232.687256 0 133 112
v 62.155899 961.117920 1232.687256 0 133 112
v 62.226200 960.948120 1232.919189 0 133 112
v 76.831902 963.658875 1233.142334 0 133 112
v 76.831902 963.853271 1232.919189 0 133 112
v 76.831902 963.853271 1232.919189 0 133 112
v 62.226200 960.948120 1232.919189 0 133 112
v 62.300499 960.768616 1233.142334 0 133 112
v 76.831902 963.454285 1233.356323 0 133 112
v 76.831902 963.658875 1233.142334 0 133 112
v 76.831902 963.658875 1233.142334 0 133 112
v 62.300499 960.768616 1233.142334 0 133 112
v 62.378899 960.579407 1233.356323 0 133 112
v 76.831902 963.239624 1233.560791 0 133 112
v 76.831902 963.454285 1233.356323 0 133 112
v 76.831902 963.454285 1233.356323 0 133 112
v 62.378899 960.579407 1233.356323 0 133 112
v 62.461102 960.380981 1233.560791 0 133 112
v 76.831902 963.015381 1233.755127 0 133 112
v 76.831902 963.239624 1233.560791 0 133 112
v 76.831902 963.239624 1233.560791 0 133 112
v 62.461102 960.380981 1233.560791 0 133 112
v 62.546799 960.174011 1233.755127 0 133 112
v 76.831902 962.782471 1233.938599 0 133 112
v 76.831902 963.015381 1233.755127 0 133 112
v 76.831902 963.015381 1233.755127 0 133 112
v 62.546799 960.174011 1233.755127 0 133 112
v 62.635899 959.958923 1233.938599 0 133 112
v 76.831902 962.541504 1234.110840 0 133 112
v 76.831902 962.782471 1233.938599 0 133 112
v 76.831902 962.782471 1233.938599 0 133 112
v 62.635899 959.958923 1233.938599 0 133 112
v 62.728199 959.736084 1234.110840 0 133 112
v 76.831902 962.292725 1234.271729 0 133 112
v 76.831902 962.541504 1234.110840 0 133 112
v 76.831902 962.541504 1234.110840 0 133 112
v 62.728199 959.736084 1234.110840 0 133 112
v 62.823399 959.506287 1234.271729 0 133 112
v 76.831902 962.036682 1234.420898 0 133 112
v 76.831902 962.292725 1234.271729 0 133 112
v 76.831902 962.292725 1234.271729 0 133 112
v 62.823399 959.506287 1234.271729 0 133 112
v 62.921398 959.269775 1234.420898 0 133 112
v 76.831902 961.773926 1234.558105 0 133 112
v 76.831902 962.036682 1234.420898 0 133 112
v 76.831902 962.036682 1234.420898 0 133 112
v 62.921398 959.269775 1234.420898 0 133 112
v 63.021900 959.026978 1234.558105 0 133 112
v 76.831902 961.504883 1234.683105 0 133 112
v 76.831902 961.773926 1234.558105 0 133 112
v 76.831902 961.773926 1234.558105 0 133 112
v 63.021900 959.026978 1234.558105 0 133 112
v 63.124901 958.778381 1234.683105 0 133 112
v 76.831902 961.152222 1234.834229 0 133 112
v 76.831902 961.504883 1234.683105 0 133 112
v 76.831902 961.504883 1234.683105 0 133 112
v 63.124901 958.778381 1234.683105 0 133 112
v 63.259800 958.452576 1234.834229 0 133 112
v 76.831902 960.850708 1234.980591 0 133 112
v 76.831902 961.152222 1234.834229 0 133 112
v 76.831902 961.152222 1234.834229 0 133 112
v 63.259800 958.452576 1234.834229 0 133 112
v 63.375198 958.174072 1234.980591 0 133 112
v 76.831902 960.584717 1235.131592 0 133 112
v 76.831902 960.850708 1234.980591 0 133 112
v 76.831902 960.850708 1234.980591 0 133 112
v 63.375198 958.174072 1234.980591 0 133 112
v 63.477001 957.928284 1235.131592 0 133 112
v 76.831902 960.338684 1235.296387 0 133 112
v 76.831902 960.584717 1235.131592 0 133 112
v 76.831902 960.584717 1235.131592 0 133 112
v 63.477001 957.928284 1235.131592 0 133 112
v 63.571201 957.700989 1235.296387 0 133 112
v 76.831902 960.096924 1235.484863 0 133 112
v 76.831902 960.338684 1235.296387 0 133 112
v 76.831902 960.338684 1235.296387 0 133 112
v 63.571201 957.700989 1235.296387 0 133 112
v 63.663700 957.477600 1235.484863 0 133 112
v 76.831902 959.843811 1235.705566 0 133 112
v 76.831902 960.096924 1235.484863 0 133 112
v 76.831902 960.096924 1235.484863 0 133 112
v 63.663700 957.477600 1235.484863 0 133 112
v 63.760601 957.243774 1235.705566 0 133 112
v 76.831902 959.563721 1235.968506 0 133 112
v 76.831902 959.843811 1235.705566 0 133 112
v 76.831902 959.843811 1235.705566 0 133 112
v 63.760601 957.243774 1235.705566 0 133 112
v 63.867699 956.984985 1235.968506 0 133 112
v 76.831902 959.273071 1236.262695 0 133 112
v 76.831902 959.563721 1235.968506 0 133 112
v 76.831902 959.563721 1235.968506 0 133 112
v 63.867699 956.984985 1235.968506 0 133 112
v 63.978901 956.716614 1236.262695 0 133 112
v 76.831902 958.999390 1236.571777 0 133 112
v 76.831902 959.273071 1236.262695 0 133 112
v 76.831902 959.273071 1236.262695 0 133 112
v 63.978901 956.716614 1236.262695 0 133 112
v 64.083702 956.463623 1236.571777 0 133 112
v 76.831902 958.742981 1236.894775 0 133 112
v 76.831902 958.999390 1236.571777 0 133 112
v 76.831902 958.999390 1236.571777 0 133 112
v 64.083702 956.463623 1236.571777 0 133 112
v 64.181801 956.226685 1236.894775 0 133 112
v 76.831902 958.504395 1237.230957 0 133 112
v 76.831902 958.742981 1236.894775 0 133 112
v 76.831902 958.742981 1236.894775 0 133 112
v 64.181801 956.226685 1236.894775 0 133 112
v 64.273102 956.006287 1237.230957 0 133 112
v 76.831902 958.284180 1237.579590 0 133 112
v 76.831902 958.504395 1237.230957 0 133 112
v 76.831902 958.504395 1237.230957 0 133 112
v 64.273102 956.006287 1237.230957 0 133 112
v 64.357399 955.802917 1237.579590 0 133 112
v 76.831902 958.082886 1237.940186 0 133 112
v 76.831902 958.284180 1237.579590 0 133 112
v 76.831902 958.284180 1237.579590 0 133 112
v 64.357399 955.802917 1237.579590 0 133 112
v 64.434402 955.616882 1237.940186 0 133 112
v 76.831902 957.901001 1238.311646 0 133 112
v 76.831902 958.082886 1237.940186 0 133 112
v 76.831902 958.082886 1237.940186 0 133 112
v 64.434402 955.616882 1237.940186 0 133 112
v 64.503998 955.448914 1238.311646 0 133 112
v 76.831902 957.739502 1238.692383 0 133 112
v 76.831902 957.901001 1238.311646 0 133 112
v 76.831902 957.901001 1238.311646 0 133 112
v 64.503998 955.448914 1238.311646 0 133 112
v 64.565903 955.299683 1238.692383 0 133 112
v 76.831902 957.598999 1239.080566 0 133 112
v 76.831902 957.739502 1238.692383 0 133 112
v 76.831902 957.739502 1238.692383 0 133 112
v 64.565903 955.299683 1238.692383 0 133 112
v 64.619598 955.169922 1239.080566 0 133 112
v 76.831902 957.479675 1239.475342 0 133 112
v 76.831902 957.598999 1239.080566 0 133 112
v 76.831902 957.598999 1239.080566 0 133 112
v 64.619598 955.169922 1239.080566 0 133 112
v 64.665199 955.059692 1239.475342 0 133 112
v 76.831902 957.382019 1239.875732 0 133 112
v 76.831902 957.479675 1239.475342 0 133 112
v 76.831902 957.479675 1239.475342 0 133 112
v 64.665199 955.059692 1239.475342 0 133 112
v 64.702599 954.969421 1239.875732 0 133 112
v 76.831902 957.305908 1240.281250 0 133 112
v 76.831902 957.382019 1239.875732 0 133 112
v 76.831902 957.382019 1239.875732 0 133 112
v 64.702599 954.969421 1239.875732 0 133 112
v 64.731796 954.899109 1240.281250 0 133 112
v 76.831902 957.251770 1240.690430 0 133 112
v 76.831902 957.305908 1240.281250 0 133 112
v 76.831902 957.305908 1240.281250 0 133 112
v 64.731796 954.899109 1240.281250 0 133 112
v 64.752502 954.849121 1240.690430 0 133 112
v 64.764801 954.819397 1241.102783 0 133 112
v 76.831902 957.219727 1241.102783 0 133 112
v 76.831902 957.251770 1240.690430 0 133 112
v 76.831902 957.251770 1240.690430 0 133 112
v 64.752502 954.849121 1240.690430 0 133 112
v 64.764801 954.819397 1241.102783 0 133 112
v 63.282200 958.398682 1244.853027 0 133 112
v 64.764801 954.819397 1241.102783 0 133 112
v 64.764801 954.819397 1241.102783 0 133 112
v 51.795200 950.723389 1244.853027 0 133 112
v 61.990700 961.516602 1248.998291 0 133 112
v 63.282200 958.398682 1244.853027 0 133 112
v 63.282200 958.398682 1244.853027 0 133 112
v 51.795200 950.723389 1244.853027 0 133 112
v 49.408901 953.109680 1248.998291 0 133 112
v 60.899700 964.150513 1253.488525 0 133 112
v 61.990700 961.516602 1248.998291 0 133 112
v 61.990700 961.516602 1248.998291 0 133 112
v 49.408901 953.109680 1248.998291 0 133 112
v 47.393002 955.125671 1253.488525 0 133 112
v 60.018398 966.278320 1258.273682 0 133 112
v 60.899700 964.150513 1253.488525 0 133 112
v 60.899700 964.150513 1253.488525 0 133 112
v 47.393002 955.125671 1253.488525 0 133 112
v 45.764500 956.754211 1258.273682 0 133 112
v 59.355999 967.877380 1263.302979 0 133 112
v 60.018398 966.278320 1258.273682 0 133 112
v 60.018398 966.278320 1258.273682 0 133 112
v 45.764500 956.754211 1258.273682 0 133 112
v 44.540501 957.978088 1263.302979 0 133 112
v 58.921799 968.925720 1268.526611 0 133 112
v 59.355999 967.877380 1263.302979 0 133 112
v 59.355999 967.877380 1263.302979 0 133 112
v 44.540501 957.978088 1263.302979 0 133 112
v 43.738300 958.780518 1268.526611 0 133 112
v 58.724998 969.400574 1273.893921 0 133 112
v 58.921799 968.925720 1268.526611 0 133 112
v 58.921799 968.925720 1268.526611 0 133 112
v 43.738300 958.780518 1268.526611 0 133 112
v 43.374802 959.143921 1273.893921 0 133 112
v 58.773201 969.284302 1279.284424 0 133 112
v 58.724998 969.400574 1273.893921 0 133 112
v 58.724998 969.400574 1273.893921 0 133 112
v 43.374802 959.143921 1273.893921 0 133 112
v 43.463799 959.054871 1279.284424 0 133 112
v 59.062199 968.586670 1284.576172 0 133 112
v 58.773201 969.284302 1279.284424 0 133 112
v 58.773201 969.284302 1279.284424 0 133 112
v 43.463799 959.054871 1279.284424 0 133 112
v 43.997700 958.520996 1284.576172 0 133 112
v 59.584099 967.326599 1289.717285 0 133 112
v 59.062199 968.586670 1284.576172 0 133 112
v 59.062199 968.586670 1284.576172 0 133 112
v 43.997700 958.520996 1284.576172 0 133 112
v 44.962200 957.556580 1289.717285 0 133 112
v 60.331200 965.523071 1294.655762 0 133 112
v 59.584099 967.326599 1289.717285 0 133 112
v 59.584099 967.326599 1289.717285 0 133 112
v 44.962200 957.556580 1289.717285 0 133 112
v 46.342499 956.176208 1294.655762 0 133 112
v 61.295502 963.194885 1299.339844 0 133 112
v 60.331200 965.523071 1294.655762 0 133 112
v 60.331200 965.523071 1294.655762 0 133 112
v 46.342499 956.176208 1294.655762 0 133 112
v 48.124401 954.394287 1299.339844 0 133 112
v 62.469200 960.361328 1303.717773 0 133 112
v 61.295502 963.194885 1299.339844 0 133 112
v 61.295502 963.194885 1299.339844 0 133 112
v 48.124401 954.394287 1299.339844 0 133 112
v 50.293201 952.225525 1303.717773 0 133 112
v 63.844501 957.041016 1307.737305 0 133 112
v 62.469200 960.361328 1303.717773 0 133 112
v 62.469200 960.361328 1303.717773 0 133 112
v 50.293201 952.225525 1303.717773 0 133 112
v 52.834400 949.684326 1307.737305 0 133 112
v 65.392502 953.303894 1311.302612 0 133 112
v 63.844501 957.041016 1307.737305 0 133 112
v 63.844501 957.041016 1307.737305 0 133 112
v 52.834400 949.684326 1307.737305 0 133 112
v 55.694599 946.824097 1311.302612 0 133 112
v 67.076103 949.239319 1314.338501 0 133 112
v 65.392502 953.303894 1311.302612 0 133 112
v 65.392502 953.303894 1311.302612 0 133 112
v 55.694599 946.824097 1311.302612 0 133 112
v 58.805500 943.713196 1314.338501 0 133 112
v 68.875504 944.895325 1316.825195 0 133 112
v 67.076103 949.239319 1314.338501 0 133 112
v 67.076103 949.239319 1314.338501 0 133 112
v 58.805500 943.713196 1314.338501 0 133 112
v 62.130299 940.388428 1316.825195 0 133 112
v 70.770599 940.320007 1318.742188 0 133 112
v 68.875504 944.895325 1316.825195 0 133 112
v 68.875504 944.895325 1316.825195 0 133 112
v 62.130299 940.388428 1316.825195 0 133 112
v 65.632103 936.886597 1318.742188 0 133 112
v 72.741699 935.561401 1320.069336 0 133 112
v 70.770599 940.320007 1318.742188 0 133 112
v 70.770599 940.320007 1318.742188 0 133 112
v 65.632103 936.886597 1318.742188 0 133 112
v 69.274200 933.244507 1320.069336 0 133 112
v 74.768799 930.667725 1320.786987 0 133 112
v 72.741699 935.561401 1320.069336 0 133 112
v 72.741699 935.561401 1320.069336 0 133 112
v 69.274200 933.244507 1320.069336 0 133 112
v 73.019699 929.499023 1320.786987 0 133 112
v 76.831902 925.686829 1320.874634 0 133 112
v 74.768799 930.667725 1320.786987 0 133 112
v 74.768799 930.667725 1320.786987 0 133 112
v 73.019699 929.499023 1320.786987 0 133 112
v 76.831802 925.686890 1320.874634 0 133 112
v 76.892899 925.538818 0.000000 0 133 112
v 76.831902 925.686829 1320.874634 0 133 112
v 76.831902 925.686829 1320.874634 0 133 112
v 76.831802 925.686890 1320.874634 0 133 112
v 76.944901 925.573425 0.000000 0 133 112
v 61.687302 962.248413 0.000000 0 133 112
v 76.892899 925.538818 0.000000 0 133 112
v 76.892899 925.538818 0.000000 0 133 112
v 76.944901 925.573425 0.000000 0 133 112
v 48.848598 953.669678 0.000000 0 133 112
v 61.688000 962.247314 1230.105469 0 133 112
v 61.687302 962.248413 0.000000 0 133 112
v 61.687302 962.248413 0.000000 0 133 112
v 48.848598 953.669678 0.000000 0 133 112
v 48.849701 953.669006 1230.105469 0 133 112
v 61.712002 962.189514 1230.390137 0 133 112
v 61.688000 962.247314 1230.105469 0 133 112
v 61.688000 962.247314 1230.105469 0 133 112
v 48.849701 953.669006 1230.105469 0 133 112
v 48.893902 953.624817 1230.390137 0 133 112
v 61.742401 962.116028 1230.661865 0 133 112
v 61.712002 962.189514 1230.390137 0 133 112
v 61.712002 962.189514 1230.390137 0 133 112
v 48.893902 953.624817 1230.390137 0 133 112
v 48.950100 953.568481 1230.661865 0 133 112
v 61.778702 962.028320 1230.924072 0 133 112
v 61.742401 962.116028 1230.661865 0 133 112
v 61.742401 962.116028 1230.661865 0 133 112
v 48.950100 953.568481 1230.661865 0 133 112
v 49.017300 953.501404 1230.924072 0 133 112
v 61.820301 961.927917 1231.180176 0 133 112
v 61.778702 962.028320 1230.924072 0 133 112
v 61.778702 962.028320 1230.924072 0 133 112
v 49.017300 953.501404 1230.924072 0 133 112
v 49.094101 953.424622 1231.180176 0 133 112
v 61.866600 961.816284 1231.433105 0 133 112
v 61.820301 961.927917 1231.180176 0 133 112
v 61.820301 961.927917 1231.180176 0 133 112
v 49.094101 953.424622 1231.180176 0 133 112
v 49.179600 953.339172 1231.433105 0 133 112
v 61.916801 961.694885 1231.686279 0 133 112
v 61.866600 961.816284 1231.433105 0 133 112
v 61.866600 961.816284 1231.433105 0 133 112
v 49.179600 953.339172 1231.433105 0 133 112
v 49.272400 953.246277 1231.686279 0 133 112
v 61.970501 961.565430 1231.942993 0 133 112
v 61.916801 961.694885 1231.686279 0 133 112
v 61.916801 961.694885 1231.686279 0 133 112
v 49.272400 953.246277 1231.686279 0 133 112
v 49.371601 953.147095 1231.942993 0 133 112
v 62.027901 961.426819 1232.198730 0 133 112
v 61.970501 961.565430 1231.942993 0 133 112
v 61.970501 961.565430 1231.942993 0 133 112
v 49.371601 953.147095 1231.942993 0 133 112
v 49.477699 953.041016 1232.198730 0 133 112
v 62.089699 961.277527 1232.447021 0 133 112
v 62.027901 961.426819 1232.198730 0 133 112
v 62.027901 961.426819 1232.198730 0 133 112
v 49.477699 953.041016 1232.198730 0 133 112
v 49.591900 952.926819 1232.447021 0 133 112
v 62.155899 961.117920 1232.687256 0 133 112
v 62.089699 961.277527 1232.447021 0 133 112
v 62.089699 961.277527 1232.447021 0 133 112
v 49.591900 952.926819 1232.447021 0 133 112
v 49.714100 952.804626 1232.687256 0 133 112
v 62.226200 960.948120 1232.919189 0 133 112
v 62.155899 961.117920 1232.687256 0 133 112
v 62.155899 961.117920 1232.687256 0 133 112
v 49.714100 952.804626 1232.687256 0 133 112
v 49.844101 952.674683 1232.919189 0 133 112
v 62.300499 960.768616 1233.142334 0 133 112
v 62.226200 960.948120 1232.919189 0 133 112
v 62.226200 960.948120 1232.919189 0 133 112
v 49.844101 952.674683 1232.919189 0 133 112
v 49.981400 952.537170 1233.142334 0 133 112
v 62.378899 960.579407 1233.356323 0 133 112
v 62.300499 960.768616 1233.142334 0 133 112
v 62.300499 960.768616 1233.142334 0 133 112
v 49.981400 952.537170 1233.142334 0 133 112
v 50.126202 952.392517 1233.356323 0 133 112
v 62.461102 960.380981 1233.560791 0 133 112
v 62.378899 960.579407 1233.356323 0 133 112
v 62.378899 960.579407 1233.356323 0 133 112
v 50.126202 952.392517 1233.356323 0 133 112
v 50.278099 952.240723 1233.560791 0 133 112
v 62.546799 960.174011 1233.755127 0 133 112
v 62.461102 960.380981 1233.560791 0 133 112
v 62.461102 960.380981 1233.560791 0 133 112
v 50.278099 952.240723 1233.560791 0 133 112
v 50.436501 952.082214 1233.755127 0 133 112
v 62.635899 959.958923 1233.938599 0 133 112
v 62.546799 960.174011 1233.755127 0 133 112
v 62.546799 960.174011 1233.755127 0 133 112
v 50.436501 952.082214 1233.755127 0 133 112
v 50.601200 951.917480 1233.938599 0 133 112
v 62.728199 959.736084 1234.110840 0 133 112
v 62.635899 959.958923 1233.938599 0 133 112
v 62.635899 959.958923 1233.938599 0 133 112
v 50.601200 951.917480 1233.938599 0 133 112
v 50.771702 951.747070 1234.110840 0 133 112
v 62.823399 959.506287 1234.271729 0 133 112
v 62.728199 959.736084 1234.110840 0 133 112
v 62.728199 959.736084 1234.110840 0 133 112
v 50.771702 951.747070 1234.110840 0 133 112
v 50.947601 951.571228 1234.271729 0 133 112
v 62.921398 959.269775 1234.420898 0 133 112
v 62.823399 959.506287 1234.271729 0 133 112
v 62.823399 959.506287 1234.271729 0 133 112
v 50.947601 951.571228 1234.271729 0 133 112
v 51.128601 951.390076 1234.420898 0 133 112
v 63.021900 959.026978 1234.558105 0 133 112
v 62.921398 959.269775 1234.420898 0 133 112
v 62.921398 959.269775 1234.420898 0 133 112
v 51.128601 951.390076 1234.420898 0 133 112
v 51.314400 951.204285 1234.558105 0 133 112
v 63.124901 958.778381 1234.683105 0 133 112
v 63.021900 959.026978 1234.558105 0 133 112
v 63.021900 959.026978 1234.558105 0 133 112
v 51.314400 951.204285 1234.558105 0 133 112
v 51.504601 951.014099 1234.683105 0 133 112
v 63.259800 958.452576 1234.834229 0 133 112
v 63.124901 958.778381 1234.683105 0 133 112
v 63.124901 958.778381 1234.683105 0 133 112
v 51.504601 951.014099 1234.683105 0 133 112
v 51.754002 950.764709 1234.834229 0 133 112
v 63.375198 958.174072 1234.980591 0 133 112
v 63.259800 958.452576 1234.834229 0 133 112
v 63.259800 958.452576 1234.834229 0 133 112
v 51.754002 950.764709 1234.834229 0 133 112
v 51.967201 950.551514 1234.980591 0 133 112
v 63.477001 957.928284 1235.131592 0 133 112
v 63.375198 958.174072 1234.980591 0 133 112
v 63.375198 958.174072 1234.980591 0 133 112
v 51.967201 950.551514 1234.980591 0 133 112
v 52.155300 950.363403 1235.131592 0 133 112
v 63.571201 957.700989 1235.296387 0 133 112
v 63.477001 957.928284 1235.131592 0 133 112
v 63.477001 957.928284 1235.131592 0 133 112
v 52.155300 950.363403 1235.131592 0 133 112
v 52.329300 950.189514 1235.296387 0 133 112
v 63.663700 957.477600 1235.484863 0 133 112
v 63.571201 957.700989 1235.296387 0 133 112
v 63.571201 957.700989 1235.296387 0 133 112
v 52.329300 950.189514 1235.296387 0 133 112
v 52.500198 950.018494 1235.484863 0 133 112
v 63.760601 957.243774 1235.705566 0 133 112
v 63.663700 957.477600 1235.484863 0 133 112
v 63.663700 957.477600 1235.484863 0 133 112
v 52.500198 950.018494 1235.484863 0 133 112
v 52.679199 949.839478 1235.705566 0 133 112
v 63.867699 956.984985 1235.968506 0 133 112
v 63.760601 957.243774 1235.705566 0 133 112
v 63.760601 957.243774 1235.705566 0 133 112
v 52.679199 949.839478 1235.705566 0 133 112
v 52.877300 949.641418 1235.968506 0 133 112
v 63.978901 956.716614 1236.262695 0 133 112
v 63.867699 956.984985 1235.968506 0 133 112
v 63.867699 956.984985 1235.968506 0 133 112
v 52.877300 949.641418 1235.968506 0 133 112
v 53.082699 949.435974 1236.262695 0 133 112
v 64.083702 956.463623 1236.571777 0 133 112
v 63.978901 956.716614 1236.262695 0 133 112
v 63.978901 956.716614 1236.262695 0 133 112
v 53.082699 949.435974 1236.262695 0 133 112
v 53.276299 949.242371 1236.571777 0 133 112
v 64.181801 956.226685 1236.894775 0 133 112
v 64.083702 956.463623 1236.571777 0 133 112
v 64.083702 956.463623 1236.571777 0 133 112
v 53.276299 949.242371 1236.571777 0 133 112
v 53.457600 949.061096 1236.894775 0 133 112
v 64.273102 956.006287 1237.230957 0 133 112
v 64.181801 956.226685 1236.894775 0 133 112
v 64.181801 956.226685 1236.894775 0 133 112
v 53.457600 949.061096 1236.894775 0 133 112
v 53.626301 948.892395 1237.230957 0 133 112
v 64.357399 955.802917 1237.579590 0 133 112
v 64.273102 956.006287 1237.230957 0 133 112
v 64.273102 956.006287 1237.230957 0 133 112
v 53.626301 948.892395 1237.230957 0 133 112
v 53.782001 948.736694 1237.579590 0 133 112
v 64.434402 955.616882 1237.940186 0 133 112
v 64.357399 955.802917 1237.579590 0 133 112
v 64.357399 955.802917 1237.579590 0 133 112
v 53.782001 948.736694 1237.579590 0 133 112
v 53.924301 948.594421 1237.940186 0 133 112
v 64.503998 955.448914 1238.311646 0 133 112
v 64.434402 955.616882 1237.940186 0 133 112
v 64.434402 955.616882 1237.940186 0 133 112
v 53.924301 948.594421 1237.940186 0 133 112
v 54.052898 948.465820 1238.311646 0 133 112
v 64.565903 955.299683 1238.692383 0 133 112
v 64.503998 955.448914 1238.311646 0 133 112
v 64.503998 955.448914 1238.311646 0 133 112
v 54.052898 948.465820 1238.311646 0 133 112
v 54.167198 948.351624 1238.692383 0 133 112
v 64.619598 955.169922 1239.080566 0 133 112
v 64.565903 955.299683 1238.692383 0 133 112
v 64.565903 955.299683 1238.692383 0 133 112
v 54.167198 948.351624 1238.692383 0 133 112
v 54.266499 948.252197 1239.080566 0 133 112
v 64.665199 955.059692 1239.475342 0 133 112
v 64.619598 955.169922 1239.080566 0 133 112
v 64.619598 955.169922 1239.080566 0 133 112
v 54.266499 948.252197 1239.080566 0 133 112
v 54.350800 948.167908 1239.475342 0 133 112
v 64.702599 954.969421 1239.875732 0 133 112
v 64.665199 955.059692 1239.475342 0 133 112
v 64.665199 955.059692 1239.475342 0 133 112
v 54.350800 948.167908 1239.475342 0 133 112
v 54.419998 948.098816 1239.875732 0 133 112
v 64.731796 954.899109 1240.281250 0 133 112
v 64.702599 954.969421 1239.875732 0 133 112
v 64.702599 954.969421 1239.875732 0 133 112
v 54.419998 948.098816 1239.875732 0 133 112
v 54.473801 948.044983 1240.281250 0 133 112
v 64.752502 954.849121 1240.690430 0 133 112
v 64.731796 954.899109 1240.281250 0 133 112
v 64.731796 954.899109 1240.281250 0 133 112
v 54.473801 948.044983 1240.281250 0 133 112
v 54.512100 948.006714 1240.690430 0 133 112
v 54.534698 947.983887 1241.102783 0 133 112
v 64.764801 954.819397 1241.102783 0 133 112
v 64.752502 954.849121 1240.690430 0 133 112
v 64.752502 954.849121 1240.690430 0 133 112
v 54.512100 948.006714 1240.690430 0 133 112
v 54.534698 947.983887 1241.102783 0 133 112
v 51.795200 950.723389 1244.853027 0 133 112
v 54.534698 947.983887 1241.102783 0 133 112
v 54.534698 947.983887 1241.102783 0 133 112
v 44.119900 939.236572 1244.853027 0 133 112
v 49.408901 953.109680 1248.998291 0 133 112
v 51.795200 950.723389 1244.853027 0 133 112
v 51.795200 950.723389 1244.853027 0 133 112
v 44.119900 939.236572 1244.853027 0 133 112
v 41.002102 940.528015 1248.998291 0 133 112
v 47.393002 955.125671 1253.488525 0 133 112
v 49.408901 953.109680 1248.998291 0 133 112
v 49.408901 953.109680 1248.998291 0 133 112
v 41.002102 940.528015 1248.998291 0 133 112
v 38.368099 941.619080 1253.488525 0 133 112
v 45.764500 956.754211 1258.273682 0 133 112
v 47.393002 955.125671 1253.488525 0 133 112
v 47.393002 955.125671 1253.488525 0 133 112
v 38.368099 941.619080 1253.488525 0 133 112
v 36.240398 942.500427 1258.273682 0 133 112
v 44.540501 957.978088 1263.302979 0 133 112
v 45.764500 956.754211 1258.273682 0 133 112
v 45.764500 956.754211 1258.273682 0 133 112
v 36.240398 942.500427 1258.273682 0 133 112
v 34.641201 943.162781 1263.302979 0 133 112
v 43.738300 958.780518 1268.526611 0 133 112
v 44.540501 957.978088 1263.302979 0 133 112
v 44.540501 957.978088 1263.302979 0 133 112
v 34.641201 943.162781 1263.302979 0 133 112
v 33.592999 943.596985 1268.526611 0 133 112
v 43.374802 959.143921 1273.893921 0 133 112
v 43.738300 958.780518 1268.526611 0 133 112
v 43.738300 958.780518 1268.526611 0 133 112
v 33.592999 943.596985 1268.526611 0 133 112
v 33.118099 943.793701 1273.893921 0 133 112
v 43.463799 959.054871 1279.284424 0 133 112
v 43.374802 959.143921 1273.893921 0 133 112
v 43.374802 959.143921 1273.893921 0 133 112
v 33.118099 943.793701 1273.893921 0 133 112
v 33.234299 943.745483 1279.284424 0 133 112
v 43.997700 958.520996 1284.576172 0 133 112
v 43.463799 959.054871 1279.284424 0 133 112
v 43.463799 959.054871 1279.284424 0 133 112
v 33.234299 943.745483 1279.284424 0 133 112
v 33.931900 943.456604 1284.576172 0 133 112
v 44.962200 957.556580 1289.717285 0 133 112
v 43.997700 958.520996 1284.576172 0 133 112
v 43.997700 958.520996 1284.576172 0 133 112
v 33.931900 943.456604 1284.576172 0 133 112
v 35.192101 942.934570 1289.717285 0 133 112
v 46.342499 956.176208 1294.655762 0 133 112
v 44.962200 957.556580 1289.717285 0 133 112
v 44.962200 957.556580 1289.717285 0 133 112
v 35.192101 942.934570 1289.717285 0 133 112
v 36.995602 942.187622 1294.655762 0 133 112
v 48.124401 954.394287 1299.339844 0 133 112
v 46.342499 956.176208 1294.655762 0 133 112
v 46.342499 956.176208 1294.655762 0 133 112
v 36.995602 942.187622 1294.655762 0 133 112
v 39.323700 941.223328 1299.339844 0 133 112
v 50.293201 952.225525 1303.717773 0 133 112
v 48.124401 954.394287 1299.339844 0 133 112
v 48.124401 954.394287 1299.339844 0 133 112
v 39.323700 941.223328 1299.339844 0 133 112
v 42.157398 940.049500 1303.717773 0 133 112
v 52.834400 949.684326 1307.737305 0 133 112
v 50.293201 952.225525 1303.717773 0 133 112
v 50.293201 952.225525 1303.717773 0 133 112
v 42.157398 940.049500 1303.717773 0 133 112
v 45.477699 938.674194 1307.737305 0 133 112
v 55.694599 946.824097 1311.302612 0 133 112
v 52.834400 949.684326 1307.737305 0 133 112
v 52.834400 949.684326 1307.737305 0 133 112
v 45.477699 938.674194 1307.737305 0 133 112
v 49.214699 937.126282 1311.302612 0 133 112
v 58.805500 943.713196 1314.338501 0 133 112
v 55.694599 946.824097 1311.302612 0 133 112
v 55.694599 946.824097 1311.302612 0 133 112
v 49.214699 937.126282 1311.302612 0 133 112
v 53.279301 935.442627 1314.338501 0 133 112
v 62.130299 940.388428 1316.825195 0 133 112
v 58.805500 943.713196 1314.338501 0 133 112
v 58.805500 943.713196 1314.338501 0 133 112
v 53.279301 935.442627 1314.338501 0 133 112
v 57.623402 933.643311 1316.825195 0 133 112
v 65.632103 936.886597 1318.742188 0 133 112
v 62.130299 940.388428 1316.825195 0 133 112
v 62.130299 940.388428 1316.825195 0 133 112
v 57.623402 933.643311 1316.825195 0 133 112
v 62.198700 931.748230 1318.742188 0 133 112
v 69.274200 933.244507 1320.069336 0 133 112
v 65.632103 936.886597 1318.742188 0 133 112
v 65.632103 936.886597 1318.742188 0 133 112
v 62.198700 931.748230 1318.742188 0 133 112
v 66.957298 929.777100 1320.069336 0 133 112
v 73.019699 929.499023 1320.786987 0 133 112
v 69.274200 933.244507 1320.069336 0 133 112
v 69.274200 933.244507 1320.069336 0 133 112
v 66.957298 929.777100 1320.069336 0 133 112
v 71.850998 927.750000 1320.786987 0 133 112
v 76.831802 925.686890 1320.874634 0 133 112
v 76.831802 925.686890 1320.874634 0 133 112
v 73.019699 929.499023 1320.786987 0 133 112
v 73.019699 929.499023 1320.786987 0 133 112
v 71.850998 927.750000 1320.786987 0 133 112
v 76.831802 925.686890 1320.874634 0 133 112
v 76.944901 925.573425 0.000000 0 133 112
v 76.831802 925.686890 1320.874634 0 133 112
v 76.831802 925.686890 1320.874634 0 133 112
v 76.831802 925.686890 1320.874634 0 133 112
v 76.979599 925.625305 0.000000 0 133 112
v 48.848598 953.669678 0.000000 0 133 112
v 76.944901 925.573425 0.000000 0 133 112
v 76.944901 925.573425 0.000000 0 133 112
v 76.979599 925.625305 0.000000 0 133 112
v 40.270000 940.830872 0.000000 0 133 112
v 48.849701 953.669006 1230.105469 0 133 112
v 48.848598 953.669678 0.000000 0 133 112
v 48.848598 953.669678 0.000000 0 133 112
v 40.270000 940.830872 0.000000 0 133 112
v 40.271400 940.830688 1230.105469 0 133 112
v 48.893902 953.624817 1230.390137 0 133 112
v 48.849701 953.669006 1230.105469 0 133 112
v 48.849701 953.669006 1230.105469 0 133 112
v 40.271400 940.830688 1230.105469 0 133 112
v 40.329201 940.806824 1230.390137 0 133 112
v 48.950100 953.568481 1230.661865 0 133 112
v 48.893902 953.624817 1230.390137 0 133 112
v 48.893902 953.624817 1230.390137 0 133 112
v 40.329201 940.806824 1230.390137 0 133 112
v 40.402599 940.776306 1230.661865 0 133 112
v 49.017300 953.501404 1230.924072 0 133 112
v 48.950100 953.568481 1230.661865 0 133 112
v 48.950100 953.568481 1230.661865 0 133 112
v 40.402599 940.776306 1230.661865 0 133 112
v 40.490299 940.739990 1230.924072 0 133 112
v 49.094101 953.424622 1231.180176 0 133 112
v 49.017300 953.501404 1230.924072 0 133 112
v 49.017300 953.501404 1230.924072 0 133 112
v 40.490299 940.739990 1230.924072 0 133 112
v 40.590801 940.698425 1231.180176 0 133 112
v 49.179600 953.339172 1231.433105 0 133 112
v 49.094101 953.424622 1231.180176 0 133 112
v 49.094101 953.424622 1231.180176 0 133 112
v 40.590801 940.698425 1231.180176 0 133 112
v 40.702301 940.652222 1231.433105 0 133 112
v 49.272400 953.246277 1231.686279 0 133 112
v 49.179600 953.339172 1231.433105 0 133 112
v 49.179600 953.339172 1231.433105 0 133 112
v 40.702301 940.652222 1231.433105 0 133 112
v 40.823700 940.601929 1231.686279 0 133 112
v 49.371601 953.147095 1231.942993 0 133 112
v 49.272400 953.246277 1231.686279 0 133 112
v 49.272400 953.246277 1231.686279 0 133 112
v 40.823700 940.601929 1231.686279 0 133 112
v 40.953201 940.548279 1231.942993 0 133 112
v 49.477699 953.041016 1232.198730 0 133 112
v 49.371601 953.147095 1231.942993 0 133 112
v 49.371601 953.147095 1231.942993 0 133 112
v 40.953201 940.548279 1231.942993 0 133 112
v 41.091900 940.490784 1232.198730 0 133 112
v 49.591900 952.926819 1232.447021 0 133 112
v 49.477699 953.041016 1232.198730 0 133 112
v 49.477699 953.041016 1232.198730 0 133 112
v 41.091900 940.490784 1232.198730 0 133 112
v 41.241100 940.429016 1232.447021 0 133 112
v 49.714100 952.804626 1232.687256 0 133 112
v 49.591900 952.926819 1232.447021 0 133 112
v 49.591900 952.926819 1232.447021 0 133 112
v 41.241100 940.429016 1232.447021 0 133 112
v 41.400799 940.362915 1232.687256 0 133 112
v 49.844101 952.674683 1232.919189 0 133 112
v 49.714100 952.804626 1232.687256 0 133 112
v 49.714100 952.804626 1232.687256 0 133 112
v 41.400799 940.362915 1232.687256 0 133 112
v 41.570599 940.292480 1232.919189 0 133 112
v 49.981400 952.537170 1233.142334 0 133 112
v 49.844101 952.674683 1232.919189 0 133 112
v 49.844101 952.674683 1232.919189 0 133 112
v 41.570599 940.292480 1232.919189 0 133 112
v 41.750099 940.218201 1233.142334 0 133 112
v 50.126202 952.392517 1233.356323 0 133 112
v 49.981400 952.537170 1233.142334 0 133 112
v 49.981400 952.537170 1233.142334 0 133 112
v 41.750099 940.218201 1233.142334 0 133 112
v 41.939201 940.139771 1233.356323 0 133 112
v 50.278099 952.240723 1233.560791 0 133 112
v 50.126202 952.392517 1233.356323 0 133 112
v 50.126202 952.392517 1233.356323 0 133 112
v 41.939201 940.139771 1233.356323 0 133 112
v 42.137600 940.057678 1233.560791 0 133 112
v 50.436501 952.082214 1233.755127 0 133 112
v 50.278099 952.240723 1233.560791 0 133 112
v 50.278099 952.240723 1233.560791 0 133 112
v 42.137600 940.057678 1233.560791 0 133 112
v 42.344700 939.971924 1233.755127 0 133 112
v 50.601200 951.917480 1233.938599 0 133 112
v 50.436501 952.082214 1233.755127 0 133 112
v 50.436501 952.082214 1233.755127 0 133 112
v 42.344700 939.971924 1233.755127 0 133 112
v 42.559799 939.882813 1233.938599 0 133 112
v 50.771702 951.747070 1234.110840 0 133 112
v 50.601200 951.917480 1233.938599 0 133 112
v 50.601200 951.917480 1233.938599 0 133 112
v 42.559799 939.882813 1233.938599 0 133 112
v 42.782501 939.790527 1234.110840 0 133 112
v 50.947601 951.571228 1234.271729 0 133 112
v 50.771702 951.747070 1234.110840 0 133 112
v 50.771702 951.747070 1234.110840 0 133 112
v 42.782501 939.790527 1234.110840 0 133 112
v 43.012299 939.695374 1234.271729 0 133 112
v 51.128601 951.390076 1234.420898 0 133 112
v 50.947601 951.571228 1234.271729 0 133 112
v 50.947601 951.571228 1234.271729 0 133 112
v 43.012299 939.695374 1234.271729 0 133 112
v 43.248798 939.597412 1234.420898 0 133 112
v 51.314400 951.204285 1234.558105 0 133 112
v 51.128601 951.390076 1234.420898 0 133 112
v 51.128601 951.390076 1234.420898 0 133 112
v 43.248798 939.597412 1234.420898 0 133 112
v 43.491600 939.496826 1234.558105 0 133 112
v 51.504601 951.014099 1234.683105 0 133 112
v 51.314400 951.204285 1234.558105 0 133 112
v 51.314400 951.204285 1234.558105 0 133 112
v 43.491600 939.496826 1234.558105 0 133 112
v 43.740200 939.393921 1234.683105 0 133 112
v 51.754002 950.764709 1234.834229 0 133 112
v 51.504601 951.014099 1234.683105 0 133 112
v 51.504601 951.014099 1234.683105 0 133 112
v 43.740200 939.393921 1234.683105 0 133 112
v 44.066002 939.258911 1234.834229 0 133 112
v 51.967201 950.551514 1234.980591 0 133 112
v 51.754002 950.764709 1234.834229 0 133 112
v 51.754002 950.764709 1234.834229 0 133 112
v 44.066002 939.258911 1234.834229 0 133 112
v 44.344601 939.143494 1234.980591 0 133 112
v 52.155300 950.363403 1235.131592 0 133 112
v 51.967201 950.551514 1234.980591 0 133 112
v 51.967201 950.551514 1234.980591 0 133 112
v 44.344601 939.143494 1234.980591 0 133 112
v 44.590302 939.041687 1235.131592 0 133 112
v 52.329300 950.189514 1235.296387 0 133 112
v 52.155300 950.363403 1235.131592 0 133 112
v 52.155300 950.363403 1235.131592 0 133 112
v 44.590302 939.041687 1235.131592 0 133 112
v 44.817600 938.947571 1235.296387 0 133 112
v 52.500198 950.018494 1235.484863 0 133 112
v 52.329300 950.189514 1235.296387 0 133 112
v 52.329300 950.189514 1235.296387 0 133 112
v 44.817600 938.947571 1235.296387 0 133 112
v 45.041000 938.854980 1235.484863 0 133 112
v 52.679199 949.839478 1235.705566 0 133 112
v 52.500198 950.018494 1235.484863 0 133 112
v 52.500198 950.018494 1235.484863 0 133 112
v 45.041000 938.854980 1235.484863 0 133 112
v 45.274799 938.758179 1235.705566 0 133 112
v 52.877300 949.641418 1235.968506 0 133 112
v 52.679199 949.839478 1235.705566 0 133 112
v 52.679199 949.839478 1235.705566 0 133 112
v 45.274799 938.758179 1235.705566 0 133 112
v 45.533600 938.651001 1235.968506 0 133 112
v 53.082699 949.435974 1236.262695 0 133 112
v 52.877300 949.641418 1235.968506 0 133 112
v 52.877300 949.641418 1235.968506 0 133 112
v 45.533600 938.651001 1235.968506 0 133 112
v 45.802101 938.539795 1236.262695 0 133 112
v 53.276299 949.242371 1236.571777 0 133 112
v 53.082699 949.435974 1236.262695 0 133 112
v 53.082699 949.435974 1236.262695 0 133 112
v 45.802101 938.539795 1236.262695 0 133 112
v 46.055000 938.435120 1236.571777 0 133 112
v 53.457600 949.061096 1236.894775 0 133 112
v 53.276299 949.242371 1236.571777 0 133 112
v 53.276299 949.242371 1236.571777 0 133 112
v 46.055000 938.435120 1236.571777 0 133 112
v 46.291901 938.336914 1236.894775 0 133 112
v 53.626301 948.892395 1237.230957 0 133 112
v 53.457600 949.061096 1236.894775 0 133 112
v 53.457600 949.061096 1236.894775 0 133 112
v 46.291901 938.336914 1236.894775 0 133 112
v 46.512299 938.245605 1237.230957 0 133 112
v 53.782001 948.736694 1237.579590 0 133 112
v 53.626301 948.892395 1237.230957 0 133 112
v 53.626301 948.892395 1237.230957 0 133 112
v 46.512299 938.245605 1237.230957 0 133 112
v 46.715801 938.161377 1237.579590 0 133 112
v 53.924301 948.594421 1237.940186 0 133 112
v 53.782001 948.736694 1237.579590 0 133 112
v 53.782001 948.736694 1237.579590 0 133 112
v 46.715801 938.161377 1237.579590 0 133 112
v 46.901699 938.084412 1237.940186 0 133 112
v 54.052898 948.465820 1238.311646 0 133 112
v 53.924301 948.594421 1237.940186 0 133 112
v 53.924301 948.594421 1237.940186 0 133 112
v 46.901699 938.084412 1237.940186 0 133 112
v 47.069801 938.014709 1238.311646 0 133 112
v 54.167198 948.351624 1238.692383 0 133 112
v 54.052898 948.465820 1238.311646 0 133 112
v 54.052898 948.465820 1238.311646 0 133 112
v 47.069801 938.014709 1238.311646 0 133 112
v 47.219002 937.952881 1238.692383 0 133 112
v 54.266499 948.252197 1239.080566 0 133 112
v 54.167198 948.351624 1238.692383 0 133 112
v 54.167198 948.351624 1238.692383 0 133 112
v 47.219002 937.952881 1238.692383 0 133 112
v 47.348801 937.899170 1239.080566 0 133 112
v 54.350800 948.167908 1239.475342 0 133 112
v 54.266499 948.252197 1239.080566 0 133 112
v 54.266499 948.252197 1239.080566 0 133 112
v 47.348801 937.899170 1239.080566 0 133 112
v 47.458900 937.853516 1239.475342 0 133 112
v 54.419998 948.098816 1239.875732 0 133 112
v 54.350800 948.167908 1239.475342 0 133 112
v 54.350800 948.167908 1239.475342 0 133 112
v 47.458900 937.853516 1239.475342 0 133 112
v 47.549301 937.816101 1239.875732 0 133 112
v 54.473801 948.044983 1240.281250 0 133 112
v 54.419998 948.098816 1239.875732 0 133 112
v 54.419998 948.098816 1239.875732 0 133 112
v 47.549301 937.816101 1239.875732 0 133 112
v 47.619598 937.786987 1240.281250 0 133 112
v 54.512100 948.006714 1240.690430 0 133 112
v 54.473801 948.044983 1240.281250 0 133 112
v 54.473801 948.044983 1240.281250 0 133 112
v 47.619598 937.786987 1240.281250 0 133 112
v 47.669601 937.766174 1240.690430 0 133 112
v 47.699200 937.754028 1241.102783 0 133 112
v 54.534698 947.983887 1241.102783 0 133 112
v 54.512100 948.006714 1240.690430 0 133 112
v 54.512100 948.006714 1240.690430 0 133 112
v 47.669601 937.766174 1240.690430 0 133 112
v 47.699200 937.754028 1241.102783 0 133 112
v 44.119900 939.236572 1244.853027 0 133 112
v 47.699200 937.754028 1241.102783 0 133 112
v 47.699200 937.754028 1241.102783 0 133 112
v 41.424702 925.686890 1244.853027 0 133 112
v 41.002102 940.528015 1248.998291 0 133 112
v 44.119900 939.236572 1244.853027 0 133 112
v 44.119900 939.236572 1244.853027 0 133 112
v 41.424702 925.686890 1244.853027 0 133 112
v 38.049900 925.686890 1248.998291 0 133 112
v 38.368099 941.619080 1253.488525 0 133 112
v 41.002102 940.528015 1248.998291 0 133 112
v 41.002102 940.528015 1248.998291 0 133 112
v 38.049900 925.686890 1248.998291 0 133 112
v 35.199001 925.686890 1253.488525 0 133 112
v 36.240398 942.500427 1258.273682 0 133 112
v 38.368099 941.619080 1253.488525 0 133 112
v 38.368099 941.619080 1253.488525 0 133 112
v 35.199001 925.686890 1253.488525 0 133 112
v 32.895901 925.686890 1258.273682 0 133 112
v 34.641201 943.162781 1263.302979 0 133 112
v 36.240398 942.500427 1258.273682 0 133 112
v 36.240398 942.500427 1258.273682 0 133 112
v 32.895901 925.686890 1258.273682 0 133 112
v 31.165001 925.686890 1263.302979 0 133 112
v 33.592999 943.596985 1268.526611 0 133 112
v 34.641201 943.162781 1263.302979 0 133 112
v 34.641201 943.162781 1263.302979 0 133 112
v 31.165001 925.686890 1263.302979 0 133 112
v 30.030399 925.686890 1268.526611 0 133 112
v 33.118099 943.793701 1273.893921 0 133 112
v 33.592999 943.596985 1268.526611 0 133 112
v 33.592999 943.596985 1268.526611 0 133 112
v 30.030399 925.686890 1268.526611 0 133 112
v 29.516399 925.686890 1273.893921 0 133 112
v 33.234299 943.745483 1279.284424 0 133 112
v 33.118099 943.793701 1273.893921 0 133 112
v 33.118099 943.793701 1273.893921 0 133 112
v 29.516399 925.686890 1273.893921 0 133 112
v 29.642200 925.686890 1279.284424 0 133 112
v 33.931900 943.456604 1284.576172 0 133 112
v 33.234299 943.745483 1279.284424 0 133 112
v 33.234299 943.745483 1279.284424 0 133 112
v 29.642200 925.686890 1279.284424 0 133 112
v 30.397301 925.686890 1284.576172 0 133 112
v 35.192101 942.934570 1289.717285 0 133 112
v 33.931900 943.456604 1284.576172 0 133 112
v 33.931900 943.456604 1284.576172 0 133 112
v 30.397301 925.686890 1284.576172 0 133 112
v 31.761200 925.686890 1289.717285 0 133 112
v 36.995602 942.187622 1294.655762 0 133 112
v 35.192101 942.934570 1289.717285 0 133 112
v 35.192101 942.934570 1289.717285 0 133 112
v 31.761200 925.686890 1289.717285 0 133 112
v 33.713402 925.686890 1294.655762 0 133 112
v 39.323700 941.223328 1299.339844 0 133 112
v 36.995602 942.187622 1294.655762 0 133 112
v 36.995602 942.187622 1294.655762 0 133 112
v 33.713402 925.686890 1294.655762 0 133 112
v 36.233299 925.686890 1299.339844 0 133 112
v 42.157398 940.049500 1303.717773 0 133 112
v 39.323700 941.223328 1299.339844 0 133 112
v 39.323700 941.223328 1299.339844 0 133 112
v 36.233299 925.686890 1299.339844 0 133 112
v 39.300499 925.686890 1303.717773 0 133 112
v 45.477699 938.674194 1307.737305 0 133 112
v 42.157398 940.049500 1303.717773 0 133 112
v 42.157398 940.049500 1303.717773 0 133 112
v 39.300499 925.686890 1303.717773 0 133 112
v 42.894299 925.686890 1307.737305 0 133 112
v 49.214699 937.126282 1311.302612 0 133 112
v 45.477699 938.674194 1307.737305 0 133 112
v 45.477699 938.674194 1307.737305 0 133 112
v 42.894299 925.686890 1307.737305 0 133 112
v 46.939301 925.686890 1311.302612 0 133 112
v 53.279301 935.442627 1314.338501 0 133 112
v 49.214699 937.126282 1311.302612 0 133 112
v 49.214699 937.126282 1311.302612 0 133 112
v 46.939301 925.686890 1311.302612 0 133 112
v 51.338699 925.686890 1314.338501 0 133 112
v 57.623402 933.643311 1316.825195 0 133 112
v 53.279301 935.442627 1314.338501 0 133 112
v 53.279301 935.442627 1314.338501 0 133 112
v 51.338699 925.686890 1314.338501 0 133 112
v 56.040600 925.686890 1316.825195 0 133 112
v 62.198700 931.748230 1318.742188 0 133 112
v 57.623402 933.643311 1316.825195 0 133 112
v 57.623402 933.643311 1316.825195 0 133 112
v 56.040600 925.686890 1316.825195 0 133 112
v 60.993000 925.686890 1318.742188 0 133 112
v 66.957298 929.777100 1320.069336 0 133 112
v 62.198700 931.748230 1318.742188 0 133 112
v 62.198700 931.748230 1318.742188 0 133 112
v 60.993000 925.686890 1318.742188 0 133 112
v 66.143600 925.686890 1320.069336 0 133 112
v 71.850998 927.750000 1320.786987 0 133 112
v 66.957298 929.777100 1320.069336 0 133 112
v 66.957298 929.777100 1320.069336 0 133 112
v 66.143600 925.686890 1320.069336 0 133 112
v 71.440598 925.686890 1320.786987 0 133 112
v 76.831802 925.686890 1320.874634 0 133 112
v 76.831802 925.686890 1320.874634 0 133 112
v 71.850998 927.750000 1320.786987 0 133 112
v 71.850998 927.750000 1320.786987 0 133 112
v 71.440598 925.686890 1320.786987 0 133 112
v 76.831802 925.686890 1320.874634 0 133 112
v 76.979599 925.625305 0.000000 0 133 112
v 76.831802 925.686890 1320.874634 0 133 112
v 76.831802 925.686890 1320.874634 0 133 112
v 76.831802 925.686890 1320.874634 0 133 112
v 76.991798 925.686523 0.000000 0 133 112
v 40.270000 940.830872 0.000000 0 133 112
v 76.979599 925.625305 0.000000 0 133 112
v 76.979599 925.625305 0.000000 0 133 112
v 76.991798 925.686523 0.000000 0 133 112
v 37.257599 925.686523 0.000000 0 133 112
v 40.271400 940.830688 1230.105469 0 133 112
v 40.270000 940.830872 0.000000 0 133 112
v 40.270000 940.830872 0.000000 0 133 112
v 37.257599 925.686523 0.000000 0 133 112
v 37.258999 925.686890 1230.105469 0 133 112
v 40.329201 940.806824 1230.390137 0 133 112
v 40.271400 940.830688 1230.105469 0 133 112
v 40.271400 940.830688 1230.105469 0 133 112
v 37.258999 925.686890 1230.105469 0 133 112
v 37.321602 925.686890 1230.390137 0 133 112
v 40.402599 940.776306 1230.661865 0 133 112
v 40.329201 940.806824 1230.390137 0 133 112
v 40.329201 940.806824 1230.390137 0 133 112
v 37.321602 925.686890 1230.390137 0 133 112
v 37.401100 925.686890 1230.661865 0 133 112
v 40.490299 940.739990 1230.924072 0 133 112
v 40.402599 940.776306 1230.661865 0 133 112
v 40.402599 940.776306 1230.661865 0 133 112
v 37.401100 925.686890 1230.661865 0 133 112
v 37.495998 925.686890 1230.924072 0 133 112
v 40.590801 940.698425 1231.180176 0 133 112
v 40.490299 940.739990 1230.924072 0 133 112
v 40.490299 940.739990 1230.924072 0 133 112
v 37.495998 925.686890 1230.924072 0 133 112
v 37.604698 925.686890 1231.180176 0 133 112
v 40.702301 940.652222 1231.433105 0 133 112
v 40.590801 940.698425 1231.180176 0 133 112
v 40.590801 940.698425 1231.180176 0 133 112
v 37.604698 925.686890 1231.180176 0 133 112
v 37.725498 925.686890 1231.433105 0 133 112
v 40.823700 940.601929 1231.686279 0 133 112
v 40.702301 940.652222 1231.433105 0 133 112
v 40.702301 940.652222 1231.433105 0 133 112
v 37.725498 925.686890 1231.433105 0 133 112
v 37.856899 925.686890 1231.686279 0 133 112
v 40.953201 940.548279 1231.942993 0 133 112
v 40.823700 940.601929 1231.686279 0 133 112
v 40.823700 940.601929 1231.686279 0 133 112
v 37.856899 925.686890 1231.686279 0 133 112
v 37.997101 925.686890 1231.942993 0 133 112
v 41.091900 940.490784 1232.198730 0 133 112
v 40.953201 940.548279 1231.942993 0 133 112
v 40.953201 940.548279 1231.942993 0 133 112
v 37.997101 925.686890 1231.942993 0 133 112
v 38.147202 925.686890 1232.198730 0 133 112
v 41.241100 940.429016 1232.447021 0 133 112
v 41.091900 940.490784 1232.198730 0 133 112
v 41.091900 940.490784 1232.198730 0 133 112
v 38.147202 925.686890 1232.198730 0 133 112
v 38.308701 925.686890 1232.447021 0 133 112
v 41.400799 940.362915 1232.687256 0 133 112
v 41.241100 940.429016 1232.447021 0 133 112
v 41.241100 940.429016 1232.447021 0 133 112
v 38.308701 925.686890 1232.447021 0 133 112
v 38.481499 925.686890 1232.687256 0 133 112
v 41.570599 940.292480 1232.919189 0 133 112
v 41.400799 940.362915 1232.687256 0 133 112
v 41.400799 940.362915 1232.687256 0 133 112
v 38.481499 925.686890 1232.687256 0 133 112
v 38.665199 925.686890 1232.919189 0 133 112
v 41.750099 940.218201 1233.142334 0 133 112
v 41.570599 940.292480 1232.919189 0 133 112
v 41.570599 940.292480 1232.919189 0 133 112
v 38.665199 925.686890 1232.919189 0 133 112
v 38.859600 925.686890 1233.142334 0 133 112
v 41.939201 940.139771 1233.356323 0 133 112
v 41.750099 940.218201 1233.142334 0 133 112
v 41.750099 940.218201 1233.142334 0 133 112
v 38.859600 925.686890 1233.142334 0 133 112
v 39.064301 925.686890 1233.356323 0 133 112
v 42.137600 940.057678 1233.560791 0 133 112
v 41.939201 940.139771 1233.356323 0 133 112
v 41.939201 940.139771 1233.356323 0 133 112
v 39.064301 925.686890 1233.356323 0 133 112
v 39.279099 925.686890 1233.560791 0 133 112
v 42.344700 939.971924 1233.755127 0 133 112
v 42.137600 940.057678 1233.560791 0 133 112
v 42.137600 940.057678 1233.560791 0 133 112
v 39.279099 925.686890 1233.560791 0 133 112
v 39.503201 925.686890 1233.755127 0 133 112
v 42.559799 939.882813 1233.938599 0 133 112
v 42.344700 939.971924 1233.755127 0 133 112
v 42.344700 939.971924 1233.755127 0 133 112
v 39.503201 925.686890 1233.755127 0 133 112
v 39.736000 925.686890 1233.938599 0 133 112
v 42.782501 939.790527 1234.110840 0 133 112
v 42.559799 939.882813 1233.938599 0 133 112
v 42.559799 939.882813 1233.938599 0 133 112
v 39.736000 925.686890 1233.938599 0 133 112
v 39.977100 925.686890 1234.110840 0 133 112
v 43.012299 939.695374 1234.271729 0 133 112
v 42.782501 939.790527 1234.110840 0 133 112
v 42.782501 939.790527 1234.110840 0 133 112
v 39.977100 925.686890 1234.110840 0 133 112
v 40.225800 925.686890 1234.271729 0 133 112
v 43.248798 939.597412 1234.420898 0 133 112
v 43.012299 939.695374 1234.271729 0 133 112
v 43.012299 939.695374 1234.271729 0 133 112
v 40.225800 925.686890 1234.271729 0 133 112
v 40.481899 925.686890 1234.420898 0 133 112
v 43.491600 939.496826 1234.558105 0 133 112
v 43.248798 939.597412 1234.420898 0 133 112
v 43.248798 939.597412 1234.420898 0 133 112
v 40.481899 925.686890 1234.420898 0 133 112
v 40.744598 925.686890 1234.558105 0 133 112
v 43.740200 939.393921 1234.683105 0 133 112
v 43.491600 939.496826 1234.558105 0 133 112
v 43.491600 939.496826 1234.558105 0 133 112
v 40.744598 925.686890 1234.558105 0 133 112
v 41.013699 925.686890 1234.683105 0 133 112
v 44.066002 939.258911 1234.834229 0 133 112
v 43.740200 939.393921 1234.683105 0 133 112
v 43.740200 939.393921 1234.683105 0 133 112
v 41.013699 925.686890 1234.683105 0 133 112
v 41.366299 925.686890 1234.834229 0 133 112
v 44.344601 939.143494 1234.980591 0 133 112
v 44.066002 939.258911 1234.834229 0 133 112
v 44.066002 939.258911 1234.834229 0 133 112
v 41.366299 925.686890 1234.834229 0 133 112
v 41.667801 925.686890 1234.980591 0 133 112
v 44.590302 939.041687 1235.131592 0 133 112
v 44.344601 939.143494 1234.980591 0 133 112
v 44.344601 939.143494 1234.980591 0 133 112
v 41.667801 925.686890 1234.980591 0 133 112
v 41.933800 925.686890 1235.131592 0 133 112
v 44.817600 938.947571 1235.296387 0 133 112
v 44.590302 939.041687 1235.131592 0 133 112
v 44.590302 939.041687 1235.131592 0 133 112
v 41.933800 925.686890 1235.131592 0 133 112
v 42.179901 925.686890 1235.296387 0 133 112
v 45.041000 938.854980 1235.484863 0 133 112
v 44.817600 938.947571 1235.296387 0 133 112
v 44.817600 938.947571 1235.296387 0 133 112
v 42.179901 925.686890 1235.296387 0 133 112
v 42.421700 925.686890 1235.484863 0 133 112
v 45.274799 938.758179 1235.705566 0 133 112
v 45.041000 938.854980 1235.484863 0 133 112
v 45.041000 938.854980 1235.484863 0 133 112
v 42.421700 925.686890 1235.484863 0 133 112
v 42.674801 925.686890 1235.705566 0 133 112
v 45.533600 938.651001 1235.968506 0 133 112
v 45.274799 938.758179 1235.705566 0 133 112
v 45.274799 938.758179 1235.705566 0 133 112
v 42.674801 925.686890 1235.705566 0 133 112
v 42.954899 925.686890 1235.968506 0 133 112
v 45.802101 938.539795 1236.262695 0 133 112
v 45.533600 938.651001 1235.968506 0 133 112
v 45.533600 938.651001 1235.968506 0 133 112
v 42.954899 925.686890 1235.968506 0 133 112
v 43.245399 925.686890 1236.262695 0 133 112
v 46.055000 938.435120 1236.571777 0 133 112
v 45.802101 938.539795 1236.262695 0 133 112
v 45.802101 938.539795 1236.262695 0 133 112
v 43.245399 925.686890 1236.262695 0 133 112
v 43.519199 925.686890 1236.571777 0 133 112
v 46.291901 938.336914 1236.894775 0 133 112
v 46.055000 938.435120 1236.571777 0 133 112
v 46.055000 938.435120 1236.571777 0 133 112
v 43.519199 925.686890 1236.571777 0 133 112
v 43.775600 925.686890 1236.894775 0 133 112
v 46.512299 938.245605 1237.230957 0 133 112
v 46.291901 938.336914 1236.894775 0 133 112
v 46.291901 938.336914 1236.894775 0 133 112
v 43.775600 925.686890 1236.894775 0 133 112
v 44.014198 925.686890 1237.230957 0 133 112
v 46.715801 938.161377 1237.579590 0 133 112
v 46.512299 938.245605 1237.230957 0 133 112
v 46.512299 938.245605 1237.230957 0 133 112
v 44.014198 925.686890 1237.230957 0 133 112
v 44.234402 925.686890 1237.579590 0 133 112
v 46.901699 938.084412 1237.940186 0 133 112
v 46.715801 938.161377 1237.579590 0 133 112
v 46.715801 938.161377 1237.579590 0 133 112
v 44.234402 925.686890 1237.579590 0 133 112
v 44.435699 925.686890 1237.940186 0 133 112
v 47.069801 938.014709 1238.311646 0 133 112
v 46.901699 938.084412 1237.940186 0 133 112
v 46.901699 938.084412 1237.940186 0 133 112
v 44.435699 925.686890 1237.940186 0 133 112
v 44.617599 925.686890 1238.311646 0 133 112
v 47.219002 937.952881 1238.692383 0 133 112
v 47.069801 938.014709 1238.311646 0 133 112
v 47.069801 938.014709 1238.311646 0 133 112
v 44.617599 925.686890 1238.311646 0 133 112
v 44.779099 925.686890 1238.692383 0 133 112
v 47.348801 937.899170 1239.080566 0 133 112
v 47.219002 937.952881 1238.692383 0 133 112
v 47.219002 937.952881 1238.692383 0 133 112
v 44.779099 925.686890 1238.692383 0 133 112
v 44.919601 925.686890 1239.080566 0 133 112
v 47.458900 937.853516 1239.475342 0 133 112
v 47.348801 937.899170 1239.080566 0 133 112
v 47.348801 937.899170 1239.080566 0 133 112
v 44.919601 925.686890 1239.080566 0 133 112
v 45.038799 925.686890 1239.475342 0 133 112
v 47.549301 937.816101 1239.875732 0 133 112
v 47.458900 937.853516 1239.475342 0 133 112
v 47.458900 937.853516 1239.475342 0 133 112
v 45.038799 925.686890 1239.475342 0 133 112
v 45.136501 925.686890 1239.875732 0 133 112
v 47.619598 937.786987 1240.281250 0 133 112
v 47.549301 937.816101 1239.875732 0 133 112
v 47.549301 937.816101 1239.875732 0 133 112
v 45.136501 925.686890 1239.875732 0 133 112
v 45.212601 925.686890 1240.281250 0 133 112
v 47.669601 937.766174 1240.690430 0 133 112
v 47.619598 937.786987 1240.281250 0 133 112
v 47.619598 937.786987 1240.281250 0 133 112
v 45.212601 925.686890 1240.281250 0 133 112
v 45.266800 925.686890 1240.690430 0 133 112
v 45.298901 925.686890 1241.102783 0 133 112
v 47.699200 937.754028 1241.102783 0 133 112
v 47.669601 937.766174 1240.690430 0 133 112
v 47.669601 937.766174 1240.690430 0 133 112
v 45.266800 925.686890 1240.690430 0 133 112
v 45.298901 925.686890 1241.102783 0 133 112
v 41.424702 925.686890 1244.853027 0 133 112
v 45.298901 925.686890 1241.102783 0 133 112
v 45.298901 925.686890 1241.102783 0 133 112
v 44.119801 912.137085 1244.853027 0 133 112
v 38.049900 925.686890 1248.998291 0 133 112
v 41.424702 925.686890 1244.853027 0 133 112
v 41.424702 925.686890 1244.853027 0 133 112
v 44.119801 912.137085 1244.853027 0 133 112
v 41.001999 910.845703 1248.998291 0 133 112
v 35.199001 925.686890 1253.488525 0 133 112
v 38.049900 925.686890 1248.998291 0 133 112
v 38.049900 925.686890 1248.998291 0 133 112
v 41.001999 910.845703 1248.998291 0 133 112
v 38.368000 909.754700 1253.488525 0 133 112
v 32.895901 925.686890 1258.273682 0 133 112
v 35.199001 925.686890 1253.488525 0 133 112
v 35.199001 925.686890 1253.488525 0 133 112
v 38.368000 909.754700 1253.488525 0 133 112
v 36.240299 908.873413 1258.273682 0 133 112
v 31.165001 925.686890 1263.302979 0 133 112
v 32.895901 925.686890 1258.273682 0 133 112
v 32.895901 925.686890 1258.273682 0 133 112
v 36.240299 908.873413 1258.273682 0 133 112
v 34.641102 908.210876 1263.302979 0 133 112
v 30.030399 925.686890 1268.526611 0 133 112
v 31.165001 925.686890 1263.302979 0 133 112
v 31.165001 925.686890 1263.302979 0 133 112
v 34.641102 908.210876 1263.302979 0 133 112
v 33.592899 907.776794 1268.526611 0 133 112
v 29.516399 925.686890 1273.893921 0 133 112
v 30.030399 925.686890 1268.526611 0 133 112
v 30.030399 925.686890 1268.526611 0 133 112
v 33.592899 907.776794 1268.526611 0 133 112
v 33.118000 907.580078 1273.893921 0 133 112
v 29.642200 925.686890 1279.284424 0 133 112
v 29.516399 925.686890 1273.893921 0 133 112
v 29.516399 925.686890 1273.893921 0 133 112
v 33.118000 907.580078 1273.893921 0 133 112
v 33.234299 907.628174 1279.284424 0 133 112
v 30.397301 925.686890 1284.576172 0 133 112
v 29.642200 925.686890 1279.284424 0 133 112
v 29.642200 925.686890 1279.284424 0 133 112
v 33.234299 907.628174 1279.284424 0 133 112
v 33.931900 907.917175 1284.576172 0 133 112
v 31.761200 925.686890 1289.717285 0 133 112
v 30.397301 925.686890 1284.576172 0 133 112
v 30.397301 925.686890 1284.576172 0 133 112
v 33.931900 907.917175 1284.576172 0 133 112
v 35.192001 908.439087 1289.717285 0 133 112
v 33.713402 925.686890 1294.655762 0 133 112
v 31.761200 925.686890 1289.717285 0 133 112
v 31.761200 925.686890 1289.717285 0 133 112
v 35.192001 908.439087 1289.717285 0 133 112
v 36.995499 909.186218 1294.655762 0 133 112
v 36.233299 925.686890 1299.339844 0 133 112
v 33.713402 925.686890 1294.655762 0 133 112
v 33.713402 925.686890 1294.655762 0 133 112
v 36.995499 909.186218 1294.655762 0 133 112
v 39.323700 910.150513 1299.339844 0 133 112
v 39.300499 925.686890 1303.717773 0 133 112
v 36.233299 925.686890 1299.339844 0 133 112
v 36.233299 925.686890 1299.339844 0 133 112
v 39.323700 910.150513 1299.339844 0 133 112
v 42.157299 911.324280 1303.717773 0 133 112
v 42.894299 925.686890 1307.737305 0 133 112
v 39.300499 925.686890 1303.717773 0 133 112
v 39.300499 925.686890 1303.717773 0 133 112
v 42.157299 911.324280 1303.717773 0 133 112
v 45.477600 912.699585 1307.737305 0 133 112
v 46.939301 925.686890 1311.302612 0 133 112
v 42.894299 925.686890 1307.737305 0 133 112
v 42.894299 925.686890 1307.737305 0 133 112
v 45.477600 912.699585 1307.737305 0 133 112
v 49.214699 914.247498 1311.302612 0 133 112
v 51.338699 925.686890 1314.338501 0 133 112
v 46.939301 925.686890 1311.302612 0 133 112
v 46.939301 925.686890 1311.302612 0 133 112
v 49.214699 914.247498 1311.302612 0 133 112
v 53.279202 915.931213 1314.338501 0 133 112
v 56.040600 925.686890 1316.825195 0 133 112
v 51.338699 925.686890 1314.338501 0 133 112
v 51.338699 925.686890 1314.338501 0 133 112
v 53.279202 915.931213 1314.338501 0 133 112
v 57.623199 917.730530 1316.825195 0 133 112
v 60.993000 925.686890 1318.742188 0 133 112
v 56.040600 925.686890 1316.825195 0 133 112
v 56.040600 925.686890 1316.825195 0 133 112
v 57.623199 917.730530 1316.825195 0 133 112
v 62.198601 919.625671 1318.742188 0 133 112
v 66.143600 925.686890 1320.069336 0 133 112
v 60.993000 925.686890 1318.742188 0 133 112
v 60.993000 925.686890 1318.742188 0 133 112
v 62.198601 919.625671 1318.742188 0 133 112
v 66.957199 921.596680 1320.069336 0 133 112
v 71.440598 925.686890 1320.786987 0 133 112
v 66.143600 925.686890 1320.069336 0 133 112
v 66.143600 925.686890 1320.069336 0 133 112
v 66.957199 921.596680 1320.069336 0 133 112
v 71.850998 923.623779 1320.786987 0 133 112
v 76.831802 925.686890 1320.874634 0 133 112
v 71.440598 925.686890 1320.786987 0 133 112
v 71.440598 925.686890 1320.786987 0 133 112
v 71.850998 923.623779 1320.786987 0 133 112
v 76.831703 925.686890 1320.874634 0 133 112
v 76.991798 925.686523 0.000000 0 133 112
v 76.831802 925.686890 1320.874634 0 133 112
v 76.831802 925.686890 1320.874634 0 133 112
v 76.831703 925.686890 1320.874634 0 133 112
v 76.979698 925.747803 0.000000 0 133 112
v 37.257599 925.686523 0.000000 0 133 112
v 76.991798 925.686523 0.000000 0 133 112
v 76.991798 925.686523 0.000000 0 133 112
v 76.979698 925.747803 0.000000 0 133 112
v 40.270100 910.542175 0.000000 0 133 112
v 37.258999 925.686890 1230.105469 0 133 112
v 37.257599 925.686523 0.000000 0 133 112
v 37.257599 925.686523 0.000000 0 133 112
v 40.270100 910.542175 0.000000 0 133 112
v 40.271301 910.543030 1230.105469 0 133 112
v 37.321602 925.686890 1230.390137 0 133 112
v 37.258999 925.686890 1230.105469 0 133 112
v 37.258999 925.686890 1230.105469 0 133 112
v 40.271301 910.543030 1230.105469 0 133 112
v 40.329102 910.567017 1230.390137 0 133 112
v 37.401100 925.686890 1230.661865 0 133 112
v 37.321602 925.686890 1230.390137 0 133 112
v 37.321602 925.686890 1230.390137 0 133 112
v 40.329102 910.567017 1230.390137 0 133 112
v 40.402599 910.597412 1230.661865 0 133 112
v 37.495998 925.686890 1230.924072 0 133 112
v 37.401100 925.686890 1230.661865 0 133 112
v 37.401100 925.686890 1230.661865 0 133 112
v 40.402599 910.597412 1230.661865 0 133 112
v 40.490200 910.633728 1230.924072 0 133 112
v 37.604698 925.686890 1231.180176 0 133 112
v 37.495998 925.686890 1230.924072 0 133 112
v 37.495998 925.686890 1230.924072 0 133 112
v 40.490200 910.633728 1230.924072 0 133 112
v 40.590599 910.675293 1231.180176 0 133 112
v 37.725498 925.686890 1231.433105 0 133 112
v 37.604698 925.686890 1231.180176 0 133 112
v 37.604698 925.686890 1231.180176 0 133 112
v 40.590599 910.675293 1231.180176 0 133 112
v 40.702301 910.721619 1231.433105 0 133 112
v 37.856899 925.686890 1231.686279 0 133 112
v 37.725498 925.686890 1231.433105 0 133 112
v 37.725498 925.686890 1231.433105 0 133 112
v 40.702301 910.721619 1231.433105 0 133 112
v 40.823601 910.771790 1231.686279 0 133 112
v 37.997101 925.686890 1231.942993 0 133 112
v 37.856899 925.686890 1231.686279 0 133 112
v 37.856899 925.686890 1231.686279 0 133 112
v 40.823601 910.771790 1231.686279 0 133 112
v 40.953201 910.825500 1231.942993 0 133 112
v 38.147202 925.686890 1232.198730 0 133 112
v 37.997101 925.686890 1231.942993 0 133 112
v 37.997101 925.686890 1231.942993 0 133 112
v 40.953201 910.825500 1231.942993 0 133 112
v 41.091801 910.882874 1232.198730 0 133 112
v 38.308701 925.686890 1232.447021 0 133 112
v 38.147202 925.686890 1232.198730 0 133 112
v 38.147202 925.686890 1232.198730 0 133 112
v 41.091801 910.882874 1232.198730 0 133 112
v 41.241100 910.944702 1232.447021 0 133 112
v 38.481499 925.686890 1232.687256 0 133 112
v 38.308701 925.686890 1232.447021 0 133 112
v 38.308701 925.686890 1232.447021 0 133 112
v 41.241100 910.944702 1232.447021 0 133 112
v 41.400700 911.010925 1232.687256 0 133 112
v 38.665199 925.686890 1232.919189 0 133 112
v 38.481499 925.686890 1232.687256 0 133 112
v 38.481499 925.686890 1232.687256 0 133 112
v 41.400700 911.010925 1232.687256 0 133 112
v 41.570499 911.081177 1232.919189 0 133 112
v 38.859600 925.686890 1233.142334 0 133 112
v 38.665199 925.686890 1232.919189 0 133 112
v 38.665199 925.686890 1232.919189 0 133 112
v 41.570499 911.081177 1232.919189 0 133 112
v 41.750099 911.155518 1233.142334 0 133 112
v 39.064301 925.686890 1233.356323 0 133 112
v 38.859600 925.686890 1233.142334 0 133 112
v 38.859600 925.686890 1233.142334 0 133 112
v 41.750099 911.155518 1233.142334 0 133 112
v 41.939098 911.233887 1233.356323 0 133 112
v 39.279099 925.686890 1233.560791 0 133 112
v 39.064301 925.686890 1233.356323 0 133 112
v 39.064301 925.686890 1233.356323 0 133 112
v 41.939098 911.233887 1233.356323 0 133 112
v 42.137501 911.315979 1233.560791 0 133 112
v 39.503201 925.686890 1233.755127 0 133 112
v 39.279099 925.686890 1233.560791 0 133 112
v 39.279099 925.686890 1233.560791 0 133 112
v 42.137501 911.315979 1233.560791 0 133 112
v 42.344601 911.401917 1233.755127 0 133 112
v 39.736000 925.686890 1233.938599 0 133 112
v 39.503201 925.686890 1233.755127 0 133 112
v 39.503201 925.686890 1233.755127 0 133 112
v 42.344601 911.401917 1233.755127 0 133 112
v 42.559799 911.491028 1233.938599 0 133 112
v 39.977100 925.686890 1234.110840 0 133 112
v 39.736000 925.686890 1233.938599 0 133 112
v 39.736000 925.686890 1233.938599 0 133 112
v 42.559799 911.491028 1233.938599 0 133 112
v 42.782501 911.583191 1234.110840 0 133 112
v 40.225800 925.686890 1234.271729 0 133 112
v 39.977100 925.686890 1234.110840 0 133 112
v 39.977100 925.686890 1234.110840 0 133 112
v 42.782501 911.583191 1234.110840 0 133 112
v 43.012299 911.678406 1234.271729 0 133 112
v 40.481899 925.686890 1234.420898 0 133 112
v 40.225800 925.686890 1234.271729 0 133 112
v 40.225800 925.686890 1234.271729 0 133 112
v 43.012299 911.678406 1234.271729 0 133 112
v 43.248798 911.776428 1234.420898 0 133 112
v 40.744598 925.686890 1234.558105 0 133 112
v 40.481899 925.686890 1234.420898 0 133 112
v 40.481899 925.686890 1234.420898 0 133 112
v 43.248798 911.776428 1234.420898 0 133 112
v 43.491600 911.876892 1234.558105 0 133 112
v 41.013699 925.686890 1234.683105 0 133 112
v 40.744598 925.686890 1234.558105 0 133 112
v 40.744598 925.686890 1234.558105 0 133 112
v 43.491600 911.876892 1234.558105 0 133 112
v 43.740101 911.979919 1234.683105 0 133 112
v 41.366299 925.686890 1234.834229 0 133 112
v 41.013699 925.686890 1234.683105 0 133 112
v 41.013699 925.686890 1234.683105 0 133 112
v 43.740101 911.979919 1234.683105 0 133 112
v 44.066002 912.114929 1234.834229 0 133 112
v 41.667801 925.686890 1234.980591 0 133 112
v 41.366299 925.686890 1234.834229 0 133 112
v 41.366299 925.686890 1234.834229 0 133 112
v 44.066002 912.114929 1234.834229 0 133 112
v 44.344501 912.230225 1234.980591 0 133 112
v 41.933800 925.686890 1235.131592 0 133 112
v 41.667801 925.686890 1234.980591 0 133 112
v 41.667801 925.686890 1234.980591 0 133 112
v 44.344501 912.230225 1234.980591 0 133 112
v 44.590302 912.331970 1235.131592 0 133 112
v 42.179901 925.686890 1235.296387 0 133 112
v 41.933800 925.686890 1235.131592 0 133 112
v 41.933800 925.686890 1235.131592 0 133 112
v 44.590302 912.331970 1235.131592 0 133 112
v 44.817600 912.426086 1235.296387 0 133 112
v 42.421700 925.686890 1235.484863 0 133 112
v 42.179901 925.686890 1235.296387 0 133 112
v 42.179901 925.686890 1235.296387 0 133 112
v 44.817600 912.426086 1235.296387 0 133 112
v 45.041000 912.518677 1235.484863 0 133 112
v 42.674801 925.686890 1235.705566 0 133 112
v 42.421700 925.686890 1235.484863 0 133 112
v 42.421700 925.686890 1235.484863 0 133 112
v 45.041000 912.518677 1235.484863 0 133 112
v 45.274799 912.615479 1235.705566 0 133 112
v 42.954899 925.686890 1235.968506 0 133 112
v 42.674801 925.686890 1235.705566 0 133 112
v 42.674801 925.686890 1235.705566 0 133 112
v 45.274799 912.615479 1235.705566 0 133 112
v 45.533600 912.722717 1235.968506 0 133 112
v 43.245399 925.686890 1236.262695 0 133 112
v 42.954899 925.686890 1235.968506 0 133 112
v 42.954899 925.686890 1235.968506 0 133 112
v 45.533600 912.722717 1235.968506 0 133 112
v 45.801998 912.833923 1236.262695 0 133 112
v 43.519199 925.686890 1236.571777 0 133 112
v 43.245399 925.686890 1236.262695 0 133 112
v 43.245399 925.686890 1236.262695 0 133 112
v 45.801998 912.833923 1236.262695 0 133 112
v 46.054901 912.938721 1236.571777 0 133 112
v 43.775600 925.686890 1236.894775 0 133 112
v 43.519199 925.686890 1236.571777 0 133 112
v 43.519199 925.686890 1236.571777 0 133 112
v 46.054901 912.938721 1236.571777 0 133 112
v 46.291801 913.036804 1236.894775 0 133 112
v 44.014198 925.686890 1237.230957 0 133 112
v 43.775600 925.686890 1236.894775 0 133 112
v 43.775600 925.686890 1236.894775 0 133 112
v 46.291801 913.036804 1236.894775 0 133 112
v 46.512299 913.128113 1237.230957 0 133 112
v 44.234402 925.686890 1237.579590 0 133 112
v 44.014198 925.686890 1237.230957 0 133 112
v 44.014198 925.686890 1237.230957 0 133 112
v 46.512299 913.128113 1237.230957 0 133 112
v 46.715698 913.212402 1237.579590 0 133 112
v 44.435699 925.686890 1237.940186 0 133 112
v 44.234402 925.686890 1237.579590 0 133 112
v 44.234402 925.686890 1237.579590 0 133 112
v 46.715698 913.212402 1237.579590 0 133 112
v 46.901699 913.289429 1237.940186 0 133 112
v 44.617599 925.686890 1238.311646 0 133 112
v 44.435699 925.686890 1237.940186 0 133 112
v 44.435699 925.686890 1237.940186 0 133 112
v 46.901699 913.289429 1237.940186 0 133 112
v 47.069599 913.359009 1238.311646 0 133 112
v 44.779099 925.686890 1238.692383 0 133 112
v 44.617599 925.686890 1238.311646 0 133 112
v 44.617599 925.686890 1238.311646 0 133 112
v 47.069599 913.359009 1238.311646 0 133 112
v 47.218899 913.420776 1238.692383 0 133 112
v 44.919601 925.686890 1239.080566 0 133 112
v 44.779099 925.686890 1238.692383 0 133 112
v 44.779099 925.686890 1238.692383 0 133 112
v 47.218899 913.420776 1238.692383 0 133 112
v 47.348701 913.474609 1239.080566 0 133 112
v 45.038799 925.686890 1239.475342 0 133 112
v 44.919601 925.686890 1239.080566 0 133 112
v 44.919601 925.686890 1239.080566 0 133 112
v 47.348701 913.474609 1239.080566 0 133 112
v 47.458900 913.520203 1239.475342 0 133 112
v 45.136501 925.686890 1239.875732 0 133 112
v 45.038799 925.686890 1239.475342 0 133 112
v 45.038799 925.686890 1239.475342 0 133 112
v 47.458900 913.520203 1239.475342 0 133 112
v 47.549198 913.557617 1239.875732 0 133 112
v 45.212601 925.686890 1240.281250 0 133 112
v 45.136501 925.686890 1239.875732 0 133 112
v 45.136501 925.686890 1239.875732 0 133 112
v 47.549198 913.557617 1239.875732 0 133 112
v 47.619400 913.586670 1240.281250 0 133 112
v 45.266800 925.686890 1240.690430 0 133 112
v 45.212601 925.686890 1240.281250 0 133 112
v 45.212601 925.686890 1240.281250 0 133 112
v 47.619400 913.586670 1240.281250 0 133 112
v 47.669601 913.607483 1240.690430 0 133 112
v 47.699200 913.619812 1241.102783 0 133 112
v 45.298901 925.686890 1241.102783 0 133 112
v 45.266800 925.686890 1240.690430 0 133 112
v 45.266800 925.686890 1240.690430 0 133 112
v 47.669601 913.607483 1240.690430 0 133 112
v 47.699200 913.619812 1241.102783 0 133 112
v 44.119801 912.137085 1244.853027 0 133 112
v 47.699200 913.619812 1241.102783 0 133 112
v 47.699200 913.619812 1241.102783 0 133 112
v 51.795101 900.650208 1244.853027 0 133 112
v 41.001999 910.845703 1248.998291 0 133 112
v 44.119801 912.137085 1244.853027 0 133 112
v 44.119801 912.137085 1244.853027 0 133 112
v 51.795101 900.650208 1244.853027 0 133 112
v 49.408798 898.263977 1248.998291 0 133 112
v 38.368000 909.754700 1253.488525 0 133 112
v 41.001999 910.845703 1248.998291 0 133 112
v 41.001999 910.845703 1248.998291 0 133 112
v 49.408798 898.263977 1248.998291 0 133 112
v 47.392899 896.247986 1253.488525 0 133 112
v 36.240299 908.873413 1258.273682 0 133 112
v 38.368000 909.754700 1253.488525 0 133 112
v 38.368000 909.754700 1253.488525 0 133 112
v 47.392899 896.247986 1253.488525 0 133 112
v 45.764301 894.619507 1258.273682 0 133 112
v 34.641102 908.210876 1263.302979 0 133 112
v 36.240299 908.873413 1258.273682 0 133 112
v 36.240299 908.873413 1258.273682 0 133 112
v 45.764301 894.619507 1258.273682 0 133 112
v 44.540401 893.395630 1263.302979 0 133 112
v 33.592899 907.776794 1268.526611 0 133 112
v 34.641102 908.210876 1263.302979 0 133 112
v 34.641102 908.210876 1263.302979 0 133 112
v 44.540401 893.395630 1263.302979 0 133 112
v 43.738201 892.593323 1268.526611 0 133 112
v 33.118000 907.580078 1273.893921 0 133 112
v 33.592899 907.776794 1268.526611 0 133 112
v 33.592899 907.776794 1268.526611 0 133 112
v 43.738201 892.593323 1268.526611 0 133 112
v 43.374699 892.229797 1273.893921 0 133 112
v 33.234299 907.628174 1279.284424 0 133 112
v 33.118000 907.580078 1273.893921 0 133 112
v 33.118000 907.580078 1273.893921 0 133 112
v 43.374699 892.229797 1273.893921 0 133 112
v 43.463600 892.318787 1279.284424 0 133 112
v 33.931900 907.917175 1284.576172 0 133 112
v 33.234299 907.628174 1279.284424 0 133 112
v 33.234299 907.628174 1279.284424 0 133 112
v 43.463600 892.318787 1279.284424 0 133 112
v 43.997601 892.852722 1284.576172 0 133 112
v 35.192001 908.439087 1289.717285 0 133 112
v 33.931900 907.917175 1284.576172 0 133 112
v 33.931900 907.917175 1284.576172 0 133 112
v 43.997601 892.852722 1284.576172 0 133 112
v 44.962002 893.817078 1289.717285 0 133 112
v 36.995499 909.186218 1294.655762 0 133 112
v 35.192001 908.439087 1289.717285 0 133 112
v 35.192001 908.439087 1289.717285 0 133 112
v 44.962002 893.817078 1289.717285 0 133 112
v 46.342400 895.197571 1294.655762 0 133 112
v 39.323700 910.150513 1299.339844 0 133 112
v 36.995499 909.186218 1294.655762 0 133 112
v 36.995499 909.186218 1294.655762 0 133 112
v 46.342400 895.197571 1294.655762 0 133 112
v 48.124298 896.979370 1299.339844 0 133 112
v 42.157299 911.324280 1303.717773 0 133 112
v 39.323700 910.150513 1299.339844 0 133 112
v 39.323700 910.150513 1299.339844 0 133 112
v 48.124298 896.979370 1299.339844 0 133 112
v 50.292999 899.148193 1303.717773 0 133 112
v 45.477600 912.699585 1307.737305 0 133 112
v 42.157299 911.324280 1303.717773 0 133 112
v 42.157299 911.324280 1303.717773 0 133 112
v 50.292999 899.148193 1303.717773 0 133 112
v 52.834301 901.689514 1307.737305 0 133 112
v 49.214699 914.247498 1311.302612 0 133 112
v 45.477600 912.699585 1307.737305 0 133 112
v 45.477600 912.699585 1307.737305 0 133 112
v 52.834301 901.689514 1307.737305 0 133 112
v 55.694500 904.549683 1311.302612 0 133 112
v 53.279202 915.931213 1314.338501 0 133 112
v 49.214699 914.247498 1311.302612 0 133 112
v 49.214699 914.247498 1311.302612 0 133 112
v 55.694500 904.549683 1311.302612 0 133 112
v 58.805401 907.660583 1314.338501 0 133 112
v 57.623199 917.730530 1316.825195 0 133 112
v 53.279202 915.931213 1314.338501 0 133 112
v 53.279202 915.931213 1314.338501 0 133 112
v 58.805401 907.660583 1314.338501 0 133 112
v 62.130199 910.985413 1316.825195 0 133 112
v 62.198601 919.625671 1318.742188 0 133 112
v 57.623199 917.730530 1316.825195 0 133 112
v 57.623199 917.730530 1316.825195 0 133 112
v 62.130199 910.985413 1316.825195 0 133 112
v 65.632004 914.487122 1318.742188 0 133 112
v 66.957199 921.596680 1320.069336 0 133 112
v 62.198601 919.625671 1318.742188 0 133 112
v 62.198601 919.625671 1318.742188 0 133 112
v 65.632004 914.487122 1318.742188 0 133 112
v 69.274002 918.129211 1320.069336 0 133 112
v 71.850998 923.623779 1320.786987 0 133 112
v 66.957199 921.596680 1320.069336 0 133 112
v 66.957199 921.596680 1320.069336 0 133 112
v 69.274002 918.129211 1320.069336 0 133 112
v 73.019600 921.874817 1320.786987 0 133 112
v 76.831703 925.686890 1320.874634 0 133 112
v 76.831703 925.686890 1320.874634 0 133 112
v 71.850998 923.623779 1320.786987 0 133 112
v 71.850998 923.623779 1320.786987 0 133 112
v 73.019600 921.874817 1320.786987 0 133 112
v 76.831703 925.686890 1320.874634 0 133 112
v 76.979698 925.747803 0.000000 0 133 112
v 76.831703 925.686890 1320.874634 0 133 112
v 76.831703 925.686890 1320.874634 0 133 112
v 76.831703 925.686890 1320.874634 0 133 112
v 76.945000 925.799683 0.000000 0 133 112
v 40.270100 910.542175 0.000000 0 133 112
v 76.979698 925.747803 0.000000 0 133 112
v 76.979698 925.747803 0.000000 0 133 112
v 76.945000 925.799683 0.000000 0 133 112
v 48.848701 897.703430 0.000000 0 133 112
v 40.271301 910.543030 1230.105469 0 133 112
v 40.270100 910.542175 0.000000 0 133 112
v 40.270100 910.542175 0.000000 0 133 112
v 48.848701 897.703430 0.000000 0 133 112
v 48.849499 897.704712 1230.105469 0 133 112
v 40.329102 910.567017 1230.390137 0 133 112
v 40.271301 910.543030 1230.105469 0 133 112
v 40.271301 910.543030 1230.105469 0 133 112
v 48.849499 897.704712 1230.105469 0 133 112
v 48.893799 897.748901 1230.390137 0 133 112
v 40.402599 910.597412 1230.661865 0 133 112
v 40.329102 910.567017 1230.390137 0 133 112
v 40.329102 910.567017 1230.390137 0 133 112
v 48.893799 897.748901 1230.390137 0 133 112
v 48.950001 897.805176 1230.661865 0 133 112
v 40.490200 910.633728 1230.924072 0 133 112
v 40.402599 910.597412 1230.661865 0 133 112
v 40.402599 910.597412 1230.661865 0 133 112
v 48.950001 897.805176 1230.661865 0 133 112
v 49.017200 897.872314 1230.924072 0 133 112
v 40.590599 910.675293 1231.180176 0 133 112
v 40.490200 910.633728 1230.924072 0 133 112
v 40.490200 910.633728 1230.924072 0 133 112
v 49.017200 897.872314 1230.924072 0 133 112
v 49.094002 897.949097 1231.180176 0 133 112
v 40.702301 910.721619 1231.433105 0 133 112
v 40.590599 910.675293 1231.180176 0 133 112
v 40.590599 910.675293 1231.180176 0 133 112
v 49.094002 897.949097 1231.180176 0 133 112
v 49.179401 898.034485 1231.433105 0 133 112
v 40.823601 910.771790 1231.686279 0 133 112
v 40.702301 910.721619 1231.433105 0 133 112
v 40.702301 910.721619 1231.433105 0 133 112
v 49.179401 898.034485 1231.433105 0 133 112
v 49.272301 898.127380 1231.686279 0 133 112
v 40.953201 910.825500 1231.942993 0 133 112
v 40.823601 910.771790 1231.686279 0 133 112
v 40.823601 910.771790 1231.686279 0 133 112
v 49.272301 898.127380 1231.686279 0 133 112
v 49.371498 898.226624 1231.942993 0 133 112
v 41.091801 910.882874 1232.198730 0 133 112
v 40.953201 910.825500 1231.942993 0 133 112
v 40.953201 910.825500 1231.942993 0 133 112
v 49.371498 898.226624 1231.942993 0 133 112
v 49.477501 898.332703 1232.198730 0 133 112
v 41.241100 910.944702 1232.447021 0 133 112
v 41.091801 910.882874 1232.198730 0 133 112
v 41.091801 910.882874 1232.198730 0 133 112
v 49.477501 898.332703 1232.198730 0 133 112
v 49.591801 898.446899 1232.447021 0 133 112
v 41.400700 911.010925 1232.687256 0 133 112
v 41.241100 910.944702 1232.447021 0 133 112
v 41.241100 910.944702 1232.447021 0 133 112
v 49.591801 898.446899 1232.447021 0 133 112
v 49.714001 898.569092 1232.687256 0 133 112
v 41.570499 911.081177 1232.919189 0 133 112
v 41.400700 911.010925 1232.687256 0 133 112
v 41.400700 911.010925 1232.687256 0 133 112
v 49.714001 898.569092 1232.687256 0 133 112
v 49.843899 898.698975 1232.919189 0 133 112
v 41.750099 911.155518 1233.142334 0 133 112
v 41.570499 911.081177 1232.919189 0 133 112
v 41.570499 911.081177 1232.919189 0 133 112
v 49.843899 898.698975 1232.919189 0 133 112
v 49.981300 898.836487 1233.142334 0 133 112
v 41.939098 911.233887 1233.356323 0 133 112
v 41.750099 911.155518 1233.142334 0 133 112
v 41.750099 911.155518 1233.142334 0 133 112
v 49.981300 898.836487 1233.142334 0 133 112
v 50.126099 898.981201 1233.356323 0 133 112
v 42.137501 911.315979 1233.560791 0 133 112
v 41.939098 911.233887 1233.356323 0 133 112
v 41.939098 911.233887 1233.356323 0 133 112
v 50.126099 898.981201 1233.356323 0 133 112
v 50.277901 899.133118 1233.560791 0 133 112
v 42.344601 911.401917 1233.755127 0 133 112
v 42.137501 911.315979 1233.560791 0 133 112
v 42.137501 911.315979 1233.560791 0 133 112
v 50.277901 899.133118 1233.560791 0 133 112
v 50.436401 899.291626 1233.755127 0 133 112
v 42.559799 911.491028 1233.938599 0 133 112
v 42.344601 911.401917 1233.755127 0 133 112
v 42.344601 911.401917 1233.755127 0 133 112
v 50.436401 899.291626 1233.755127 0 133 112
v 50.601101 899.456177 1233.938599 0 133 112
v 42.782501 911.583191 1234.110840 0 133 112
v 42.559799 911.491028 1233.938599 0 133 112
v 42.559799 911.491028 1233.938599 0 133 112
v 50.601101 899.456177 1233.938599 0 133 112
v 50.771500 899.626587 1234.110840 0 133 112
v 43.012299 911.678406 1234.271729 0 133 112
v 42.782501 911.583191 1234.110840 0 133 112
v 42.782501 911.583191 1234.110840 0 133 112
v 50.771500 899.626587 1234.110840 0 133 112
v 50.947399 899.802612 1234.271729 0 133 112
v 43.248798 911.776428 1234.420898 0 133 112
v 43.012299 911.678406 1234.271729 0 133 112
v 43.012299 911.678406 1234.271729 0 133 112
v 50.947399 899.802612 1234.271729 0 133 112
v 51.128399 899.983582 1234.420898 0 133 112
v 43.491600 911.876892 1234.558105 0 133 112
v 43.248798 911.776428 1234.420898 0 133 112
v 43.248798 911.776428 1234.420898 0 133 112
v 51.128399 899.983582 1234.420898 0 133 112
v 51.314301 900.169373 1234.558105 0 133 112
v 43.740101 911.979919 1234.683105 0 133 112
v 43.491600 911.876892 1234.558105 0 133 112
v 43.491600 911.876892 1234.558105 0 133 112
v 51.314301 900.169373 1234.558105 0 133 112
v 51.504501 900.359619 1234.683105 0 133 112
v 44.066002 912.114929 1234.834229 0 133 112
v 43.740101 911.979919 1234.683105 0 133 112
v 43.740101 911.979919 1234.683105 0 133 112
v 51.504501 900.359619 1234.683105 0 133 112
v 51.753799 900.609009 1234.834229 0 133 112
v 44.344501 912.230225 1234.980591 0 133 112
v 44.066002 912.114929 1234.834229 0 133 112
v 44.066002 912.114929 1234.834229 0 133 112
v 51.753799 900.609009 1234.834229 0 133 112
v 51.967098 900.822205 1234.980591 0 133 112
v 44.590302 912.331970 1235.131592 0 133 112
v 44.344501 912.230225 1234.980591 0 133 112
v 44.344501 912.230225 1234.980591 0 133 112
v 51.967098 900.822205 1234.980591 0 133 112
v 52.155201 901.010315 1235.131592 0 133 112
v 44.817600 912.426086 1235.296387 0 133 112
v 44.590302 912.331970 1235.131592 0 133 112
v 44.590302 912.331970 1235.131592 0 133 112
v 52.155201 901.010315 1235.131592 0 133 112
v 52.329201 901.184326 1235.296387 0 133 112
v 45.041000 912.518677 1235.484863 0 133 112
v 44.817600 912.426086 1235.296387 0 133 112
v 44.817600 912.426086 1235.296387 0 133 112
v 52.329201 901.184326 1235.296387 0 133 112
v 52.500099 901.355225 1235.484863 0 133 112
v 45.274799 912.615479 1235.705566 0 133 112
v 45.041000 912.518677 1235.484863 0 133 112
v 45.041000 912.518677 1235.484863 0 133 112
v 52.500099 901.355225 1235.484863 0 133 112
v 52.679100 901.534180 1235.705566 0 133 112
v 45.533600 912.722717 1235.968506 0 133 112
v 45.274799 912.615479 1235.705566 0 133 112
v 45.274799 912.615479 1235.705566 0 133 112
v 52.679100 901.534180 1235.705566 0 133 112
v 52.877102 901.732178 1235.968506 0 133 112
v 45.801998 912.833923 1236.262695 0 133 112
v 45.533600 912.722717 1235.968506 0 133 112
v 45.533600 912.722717 1235.968506 0 133 112
v 52.877102 901.732178 1235.968506 0 133 112
v 53.082600 901.937683 1236.262695 0 133 112
v 46.054901 912.938721 1236.571777 0 133 112
v 45.801998 912.833923 1236.262695 0 133 112
v 45.801998 912.833923 1236.262695 0 133 112
v 53.082600 901.937683 1236.262695 0 133 112
v 53.276199 902.131287 1236.571777 0 133 112
v 46.291801 913.036804 1236.894775 0 133 112
v 46.054901 912.938721 1236.571777 0 133 112
v 46.054901 912.938721 1236.571777 0 133 112
v 53.276199 902.131287 1236.571777 0 133 112
v 53.457500 902.312622 1236.894775 0 133 112
v 46.512299 913.128113 1237.230957 0 133 112
v 46.291801 913.036804 1236.894775 0 133 112
v 46.291801 913.036804 1236.894775 0 133 112
v 53.457500 902.312622 1236.894775 0 133 112
v 53.626202 902.481323 1237.230957 0 133 112
v 46.715698 913.212402 1237.579590 0 133 112
v 46.512299 913.128113 1237.230957 0 133 112
v 46.512299 913.128113 1237.230957 0 133 112
v 53.626202 902.481323 1237.230957 0 133 112
v 53.781898 902.637024 1237.579590 0 133 112
v 46.901699 913.289429 1237.940186 0 133 112
v 46.715698 913.212402 1237.579590 0 133 112
v 46.715698 913.212402 1237.579590 0 133 112
v 53.781898 902.637024 1237.579590 0 133 112
v 53.924198 902.779419 1237.940186 0 133 112
v 47.069599 913.359009 1238.311646 0 133 112
v 46.901699 913.289429 1237.940186 0 133 112
v 46.901699 913.289429 1237.940186 0 133 112
v 53.924198 902.779419 1237.940186 0 133 112
v 54.052799 902.908020 1238.311646 0 133 112
v 47.218899 913.420776 1238.692383 0 133 112
v 47.069599 913.359009 1238.311646 0 133 112
v 47.069599 913.359009 1238.311646 0 133 112
v 54.052799 902.908020 1238.311646 0 133 112
v 54.167099 903.022217 1238.692383 0 133 112
v 47.348701 913.474609 1239.080566 0 133 112
v 47.218899 913.420776 1238.692383 0 133 112
v 47.218899 913.420776 1238.692383 0 133 112
v 54.167099 903.022217 1238.692383 0 133 112
v 54.266399 903.121521 1239.080566 0 133 112
v 47.458900 913.520203 1239.475342 0 133 112
v 47.348701 913.474609 1239.080566 0 133 112
v 47.348701 913.474609 1239.080566 0 133 112
v 54.266399 903.121521 1239.080566 0 133 112
v 54.350700 903.205811 1239.475342 0 133 112
v 47.549198 913.557617 1239.875732 0 133 112
v 47.458900 913.520203 1239.475342 0 133 112
v 47.458900 913.520203 1239.475342 0 133 112
v 54.350700 903.205811 1239.475342 0 133 112
v 54.419800 903.275024 1239.875732 0 133 112
v 47.619400 913.586670 1240.281250 0 133 112
v 47.549198 913.557617 1239.875732 0 133 112
v 47.549198 913.557617 1239.875732 0 133 112
v 54.419800 903.275024 1239.875732 0 133 112
v 54.473598 903.328674 1240.281250 0 133 112
v 47.669601 913.607483 1240.690430 0 133 112
v 47.619400 913.586670 1240.281250 0 133 112
v 47.619400 913.586670 1240.281250 0 133 112
v 54.473598 903.328674 1240.281250 0 133 112
v 54.511902 903.367126 1240.690430 0 133 112
v 54.534599 903.389709 1241.102783 0 133 112
v 47.699200 913.619812 1241.102783 0 133 112
v 47.669601 913.607483 1240.690430 0 133 112
v 47.669601 913.607483 1240.690430 0 133 112
v 54.511902 903.367126 1240.690430 0 133 112
v 54.534599 903.389709 1241.102783 0 133 112
v 51.795101 900.650208 1244.853027 0 133 112
v 54.534599 903.389709 1241.102783 0 133 112
v 54.534599 903.389709 1241.102783 0 133 112
v 63.282001 892.974915 1244.853027 0 133 112
v 49.408798 898.263977 1248.998291 0 133 112
v 51.795101 900.650208 1244.853027 0 133 112
v 51.795101 900.650208 1244.853027 0 133 112
v 63.282001 892.974915 1244.853027 0 133 112
v 61.990501 889.857117 1248.998291 0 133 112
v 47.392899 896.247986 1253.488525 0 133 112
v 49.408798 898.263977 1248.998291 0 133 112
v 49.408798 898.263977 1248.998291 0 133 112
v 61.990501 889.857117 1248.998291 0 133 112
v 60.899502 887.223083 1253.488525 0 133 112
v 45.764301 894.619507 1258.273682 0 133 112
v 47.392899 896.247986 1253.488525 0 133 112
v 47.392899 896.247986 1253.488525 0 133 112
v 60.899502 887.223083 1253.488525 0 133 112
v 60.018200 885.095276 1258.273682 0 133 112
v 44.540401 893.395630 1263.302979 0 133 112
v 45.764301 894.619507 1258.273682 0 133 112
v 45.764301 894.619507 1258.273682 0 133 112
v 60.018200 885.095276 1258.273682 0 133 112
v 59.355801 883.496216 1263.302979 0 133 112
v 43.738201 892.593323 1268.526611 0 133 112
v 44.540401 893.395630 1263.302979 0 133 112
v 44.540401 893.395630 1263.302979 0 133 112
v 59.355801 883.496216 1263.302979 0 133 112
v 58.921600 882.447998 1268.526611 0 133 112
v 43.374699 892.229797 1273.893921 0 133 112
v 43.738201 892.593323 1268.526611 0 133 112
v 43.738201 892.593323 1268.526611 0 133 112
v 58.921600 882.447998 1268.526611 0 133 112
v 58.724899 881.973083 1273.893921 0 133 112
v 43.463600 892.318787 1279.284424 0 133 112
v 43.374699 892.229797 1273.893921 0 133 112
v 43.374699 892.229797 1273.893921 0 133 112
v 58.724899 881.973083 1273.893921 0 133 112
v 58.772999 882.089294 1279.284424 0 133 112
v 43.997601 892.852722 1284.576172 0 133 112
v 43.463600 892.318787 1279.284424 0 133 112
v 43.463600 892.318787 1279.284424 0 133 112
v 58.772999 882.089294 1279.284424 0 133 112
v 59.062000 882.786987 1284.576172 0 133 112
v 44.962002 893.817078 1289.717285 0 133 112
v 43.997601 892.852722 1284.576172 0 133 112
v 43.997601 892.852722 1284.576172 0 133 112
v 59.062000 882.786987 1284.576172 0 133 112
v 59.583900 884.047119 1289.717285 0 133 112
v 46.342400 895.197571 1294.655762 0 133 112
v 44.962002 893.817078 1289.717285 0 133 112
v 44.962002 893.817078 1289.717285 0 133 112
v 59.583900 884.047119 1289.717285 0 133 112
v 60.331001 885.850586 1294.655762 0 133 112
v 48.124298 896.979370 1299.339844 0 133 112
v 46.342400 895.197571 1294.655762 0 133 112
v 46.342400 895.197571 1294.655762 0 133 112
v 60.331001 885.850586 1294.655762 0 133 112
v 61.295300 888.178711 1299.339844 0 133 112
v 50.292999 899.148193 1303.717773 0 133 112
v 48.124298 896.979370 1299.339844 0 133 112
v 48.124298 896.979370 1299.339844 0 133 112
v 61.295300 888.178711 1299.339844 0 133 112
v 62.469101 891.012390 1303.717773 0 133 112
v 52.834301 901.689514 1307.737305 0 133 112
v 50.292999 899.148193 1303.717773 0 133 112
v 50.292999 899.148193 1303.717773 0 133 112
v 62.469101 891.012390 1303.717773 0 133 112
v 63.844398 894.332703 1307.737305 0 133 112
v 55.694500 904.549683 1311.302612 0 133 112
v 52.834301 901.689514 1307.737305 0 133 112
v 52.834301 901.689514 1307.737305 0 133 112
v 63.844398 894.332703 1307.737305 0 133 112
v 65.392303 898.069824 1311.302612 0 133 112
v 58.805401 907.660583 1314.338501 0 133 112
v 55.694500 904.549683 1311.302612 0 133 112
v 55.694500 904.549683 1311.302612 0 133 112
v 65.392303 898.069824 1311.302612 0 133 112
v 67.075897 902.134277 1314.338501 0 133 112
v 62.130199 910.985413 1316.825195 0 133 112
v 58.805401 907.660583 1314.338501 0 133 112
v 58.805401 907.660583 1314.338501 0 133 112
v 67.075897 902.134277 1314.338501 0 133 112
v 68.875298 906.478271 1316.825195 0 133 112
v 65.632004 914.487122 1318.742188 0 133 112
v 62.130199 910.985413 1316.825195 0 133 112
v 62.130199 910.985413 1316.825195 0 133 112
v 68.875298 906.478271 1316.825195 0 133 112
v 70.770401 911.053711 1318.742188 0 133 112
v 69.274002 918.129211 1320.069336 0 133 112
v 65.632004 914.487122 1318.742188 0 133 112
v 65.632004 914.487122 1318.742188 0 133 112
v 70.770401 911.053711 1318.742188 0 133 112
v 72.741501 915.812317 1320.069336 0 133 112
v 73.019600 921.874817 1320.786987 0 133 112
v 69.274002 918.129211 1320.069336 0 133 112
v 69.274002 918.129211 1320.069336 0 133 112
v 72.741501 915.812317 1320.069336 0 133 112
v 74.768600 920.706116 1320.786987 0 133 112
v 76.831703 925.686890 1320.874634 0 133 112
v 73.019600 921.874817 1320.786987 0 133 112
v 73.019600 921.874817 1320.786987 0 133 112
v 74.768600 920.706116 1320.786987 0 133 112
v 76.831703 925.686829 1320.874634 0 133 112
v 76.945000 925.799683 0.000000 0 133 112
v 76.831703 925.686890 1320.874634 0 133 112
v 76.831703 925.686890 1320.874634 0 133 112
v 76.831703 925.686829 1320.874634 0 133 112
v 76.893097 925.834473 0.000000 0 133 112
v 48.848701 897.703430 0.000000 0 133 112
v 76.945000 925.799683 0.000000 0 133 112
v 76.945000 925.799683 0.000000 0 133 112
v 76.893097 925.834473 0.000000 0 133 112
v 61.687500 889.124817 0.000000 0 133 112
v 48.849499 897.704712 1230.105469 0 133 112
v 48.848701 897.703430 0.000000 0 133 112
v 48.848701 897.703430 0.000000 0 133 112
v 61.687500 889.124817 0.000000 0 133 112
v 61.687901 889.126282 1230.105469 0 133 112
v 48.893799 897.748901 1230.390137 0 133 112
v 48.849499 897.704712 1230.105469 0 133 112
v 48.849499 897.704712 1230.105469 0 133 112
v 61.687901 889.126282 1230.105469 0 133 112
v 61.711800 889.184082 1230.390137 0 133 112
v 48.950001 897.805176 1230.661865 0 133 112
v 48.893799 897.748901 1230.390137 0 133 112
v 48.893799 897.748901 1230.390137 0 133 112
v 61.711800 889.184082 1230.390137 0 133 112
v 61.742199 889.257629 1230.661865 0 133 112
v 49.017200 897.872314 1230.924072 0 133 112
v 48.950001 897.805176 1230.661865 0 133 112
v 48.950001 897.805176 1230.661865 0 133 112
v 61.742199 889.257629 1230.661865 0 133 112
v 61.778599 889.345276 1230.924072 0 133 112
v 49.094002 897.949097 1231.180176 0 133 112
v 49.017200 897.872314 1230.924072 0 133 112
v 49.017200 897.872314 1230.924072 0 133 112
v 61.778599 889.345276 1230.924072 0 133 112
v 61.820099 889.445679 1231.180176 0 133 112
v 49.179401 898.034485 1231.433105 0 133 112
v 49.094002 897.949097 1231.180176 0 133 112
v 49.094002 897.949097 1231.180176 0 133 112
v 61.820099 889.445679 1231.180176 0 133 112
v 61.866402 889.557373 1231.433105 0 133 112
v 49.272301 898.127380 1231.686279 0 133 112
v 49.179401 898.034485 1231.433105 0 133 112
v 49.179401 898.034485 1231.433105 0 133 112
v 61.866402 889.557373 1231.433105 0 133 112
v 61.916698 889.678711 1231.686279 0 133 112
v 49.371498 898.226624 1231.942993 0 133 112
v 49.272301 898.127380 1231.686279 0 133 112
v 49.272301 898.127380 1231.686279 0 133 112
v 61.916698 889.678711 1231.686279 0 133 112
v 61.970299 889.808289 1231.942993 0 133 112
v 49.477501 898.332703 1232.198730 0 133 112
v 49.371498 898.226624 1231.942993 0 133 112
v 49.371498 898.226624 1231.942993 0 133 112
v 61.970299 889.808289 1231.942993 0 133 112
v 62.027802 889.946899 1232.198730 0 133 112
v 49.591801 898.446899 1232.447021 0 133 112
v 49.477501 898.332703 1232.198730 0 133 112
v 49.477501 898.332703 1232.198730 0 133 112
v 62.027802 889.946899 1232.198730 0 133 112
v 62.089500 890.096130 1232.447021 0 133 112
v 49.714001 898.569092 1232.687256 0 133 112
v 49.591801 898.446899 1232.447021 0 133 112
v 49.591801 898.446899 1232.447021 0 133 112
v 62.089500 890.096130 1232.447021 0 133 112
v 62.155701 890.255798 1232.687256 0 133 112
v 49.843899 898.698975 1232.919189 0 133 112
v 49.714001 898.569092 1232.687256 0 133 112
v 49.714001 898.569092 1232.687256 0 133 112
v 62.155701 890.255798 1232.687256 0 133 112
v 62.226002 890.425476 1232.919189 0 133 112
v 49.981300 898.836487 1233.142334 0 133 112
v 49.843899 898.698975 1232.919189 0 133 112
v 49.843899 898.698975 1232.919189 0 133 112
v 62.226002 890.425476 1232.919189 0 133 112
v 62.300400 890.605103 1233.142334 0 133 112
v 50.126099 898.981201 1233.356323 0 133 112
v 49.981300 898.836487 1233.142334 0 133 112
v 49.981300 898.836487 1233.142334 0 133 112
v 62.300400 890.605103 1233.142334 0 133 112
v 62.378700 890.794189 1233.356323 0 133 112
v 50.277901 899.133118 1233.560791 0 133 112
v 50.126099 898.981201 1233.356323 0 133 112
v 50.126099 898.981201 1233.356323 0 133 112
v 62.378700 890.794189 1233.356323 0 133 112
v 62.460899 890.992615 1233.560791 0 133 112
v 50.436401 899.291626 1233.755127 0 133 112
v 50.277901 899.133118 1233.560791 0 133 112
v 50.277901 899.133118 1233.560791 0 133 112
v 62.460899 890.992615 1233.560791 0 133 112
v 62.546700 891.199707 1233.755127 0 133 112
v 50.601101 899.456177 1233.938599 0 133 112
v 50.436401 899.291626 1233.755127 0 133 112
v 50.436401 899.291626 1233.755127 0 133 112
v 62.546700 891.199707 1233.755127 0 133 112
v 62.635799 891.414795 1233.938599 0 133 112
v 50.771500 899.626587 1234.110840 0 133 112
v 50.601101 899.456177 1233.938599 0 133 112
v 50.601101 899.456177 1233.938599 0 133 112
v 62.635799 891.414795 1233.938599 0 133 112
v 62.728001 891.637512 1234.110840 0 133 112
v 50.947399 899.802612 1234.271729 0 133 112
v 50.771500 899.626587 1234.110840 0 133 112
v 50.771500 899.626587 1234.110840 0 133 112
v 62.728001 891.637512 1234.110840 0 133 112
v 62.823200 891.867310 1234.271729 0 133 112
v 51.128399 899.983582 1234.420898 0 133 112
v 50.947399 899.802612 1234.271729 0 133 112
v 50.947399 899.802612 1234.271729 0 133 112
v 62.823200 891.867310 1234.271729 0 133 112
v 62.921200 892.103882 1234.420898 0 133 112
v 51.314301 900.169373 1234.558105 0 133 112
v 51.128399 899.983582 1234.420898 0 133 112
v 51.128399 899.983582 1234.420898 0 133 112
v 62.921200 892.103882 1234.420898 0 133 112
v 63.021702 892.346619 1234.558105 0 133 112
v 51.504501 900.359619 1234.683105 0 133 112
v 51.314301 900.169373 1234.558105 0 133 112
v 51.314301 900.169373 1234.558105 0 133 112
v 63.021702 892.346619 1234.558105 0 133 112
v 63.124699 892.595215 1234.683105 0 133 112
v 51.753799 900.609009 1234.834229 0 133 112
v 51.504501 900.359619 1234.683105 0 133 112
v 51.504501 900.359619 1234.683105 0 133 112
v 63.124699 892.595215 1234.683105 0 133 112
v 63.259701 892.921021 1234.834229 0 133 112
v 51.967098 900.822205 1234.980591 0 133 112
v 51.753799 900.609009 1234.834229 0 133 112
v 51.753799 900.609009 1234.834229 0 133 112
v 63.259701 892.921021 1234.834229 0 133 112
v 63.375099 893.199585 1234.980591 0 133 112
v 52.155201 901.010315 1235.131592 0 133 112
v 51.967098 900.822205 1234.980591 0 133 112
v 51.967098 900.822205 1234.980591 0 133 112
v 63.375099 893.199585 1234.980591 0 133 112
v 63.476898 893.445313 1235.131592 0 133 112
v 52.329201 901.184326 1235.296387 0 133 112
v 52.155201 901.010315 1235.131592 0 133 112
v 52.155201 901.010315 1235.131592 0 133 112
v 63.476898 893.445313 1235.131592 0 133 112
v 63.570999 893.672729 1235.296387 0 133 112
v 52.500099 901.355225 1235.484863 0 133 112
v 52.329201 901.184326 1235.296387 0 133 112
v 52.329201 901.184326 1235.296387 0 133 112
v 63.570999 893.672729 1235.296387 0 133 112
v 63.663502 893.895996 1235.484863 0 133 112
v 52.679100 901.534180 1235.705566 0 133 112
v 52.500099 901.355225 1235.484863 0 133 112
v 52.500099 901.355225 1235.484863 0 133 112
v 63.663502 893.895996 1235.484863 0 133 112
v 63.760399 894.129883 1235.705566 0 133 112
v 52.877102 901.732178 1235.968506 0 133 112
v 52.679100 901.534180 1235.705566 0 133 112
v 52.679100 901.534180 1235.705566 0 133 112
v 63.760399 894.129883 1235.705566 0 133 112
v 63.867599 894.388611 1235.968506 0 133 112
v 53.082600 901.937683 1236.262695 0 133 112
v 52.877102 901.732178 1235.968506 0 133 112
v 52.877102 901.732178 1235.968506 0 133 112
v 63.867599 894.388611 1235.968506 0 133 112
v 63.978802 894.657104 1236.262695 0 133 112
v 53.276199 902.131287 1236.571777 0 133 112
v 53.082600 901.937683 1236.262695 0 133 112
v 53.082600 901.937683 1236.262695 0 133 112
v 63.978802 894.657104 1236.262695 0 133 112
v 64.083603 894.909973 1236.571777 0 133 112
v 53.457500 902.312622 1236.894775 0 133 112
v 53.276199 902.131287 1236.571777 0 133 112
v 53.276199 902.131287 1236.571777 0 133 112
v 64.083603 894.909973 1236.571777 0 133 112
v 64.181602 895.146912 1236.894775 0 133 112
v 53.626202 902.481323 1237.230957 0 133 112
v 53.457500 902.312622 1236.894775 0 133 112
v 53.457500 902.312622 1236.894775 0 133 112
v 64.181602 895.146912 1236.894775 0 133 112
v 64.272903 895.367310 1237.230957 0 133 112
v 53.781898 902.637024 1237.579590 0 133 112
v 53.626202 902.481323 1237.230957 0 133 112
v 53.626202 902.481323 1237.230957 0 133 112
v 64.272903 895.367310 1237.230957 0 133 112
v 64.357201 895.570679 1237.579590 0 133 112
v 53.924198 902.779419 1237.940186 0 133 112
v 53.781898 902.637024 1237.579590 0 133 112
v 53.781898 902.637024 1237.579590 0 133 112
v 64.357201 895.570679 1237.579590 0 133 112
v 64.434303 895.756714 1237.940186 0 133 112
v 54.052799 902.908020 1238.311646 0 133 112
v 53.924198 902.779419 1237.940186 0 133 112
v 53.924198 902.779419 1237.940186 0 133 112
v 64.434303 895.756714 1237.940186 0 133 112
v 64.503799 895.924683 1238.311646 0 133 112
v 54.167099 903.022217 1238.692383 0 133 112
v 54.052799 902.908020 1238.311646 0 133 112
v 54.052799 902.908020 1238.311646 0 133 112
v 64.503799 895.924683 1238.311646 0 133 112
v 64.565697 896.073975 1238.692383 0 133 112
v 54.266399 903.121521 1239.080566 0 133 112
v 54.167099 903.022217 1238.692383 0 133 112
v 54.167099 903.022217 1238.692383 0 133 112
v 64.565697 896.073975 1238.692383 0 133 112
v 64.619400 896.203796 1239.080566 0 133 112
v 54.350700 903.205811 1239.475342 0 133 112
v 54.266399 903.121521 1239.080566 0 133 112
v 54.266399 903.121521 1239.080566 0 133 112
v 64.619400 896.203796 1239.080566 0 133 112
v 64.665001 896.313904 1239.475342 0 133 112
v 54.419800 903.275024 1239.875732 0 133 112
v 54.350700 903.205811 1239.475342 0 133 112
v 54.350700 903.205811 1239.475342 0 133 112
v 64.665001 896.313904 1239.475342 0 133 112
v 64.702499 896.404175 1239.875732 0 133 112
v 54.473598 903.328674 1240.281250 0 133 112
v 54.419800 903.275024 1239.875732 0 133 112
v 54.419800 903.275024 1239.875732 0 133 112
v 64.702499 896.404175 1239.875732 0 133 112
v 64.731598 896.474487 1240.281250 0 133 112
v 54.511902 903.367126 1240.690430 0 133 112
v 54.473598 903.328674 1240.281250 0 133 112
v 54.473598 903.328674 1240.281250 0 133 112
v 64.731598 896.474487 1240.281250 0 133 112
v 64.752296 896.524597 1240.690430 0 133 112
v 64.764603 896.554199 1241.102783 0 133 112
v 54.534599 903.389709 1241.102783 0 133 112
v 54.511902 903.367126 1240.690430 0 133 112
v 54.511902 903.367126 1240.690430 0 133 112
v 64.752296 896.524597 1240.690430 0 133 112
v 64.764603 896.554199 1241.102783 0 133 112
v 63.282001 892.974915 1244.853027 0 133 112
v 64.764603 896.554199 1241.102783 0 133 112
v 64.764603 896.554199 1241.102783 0 133 112
v 76.831703 890.279724 1244.853027 0 133 112
v 61.990501 889.857117 1248.998291 0 133 112
v 63.282001 892.974915 1244.853027 0 133 112
v 63.282001 892.974915 1244.853027 0 133 112
v 76.831703 890.279724 1244.853027 0 133 112
v 76.831703 886.905029 1248.998291 0 133 112
v 60.899502 887.223083 1253.488525 0 133 112
v 61.990501 889.857117 1248.998291 0 133 112
v 61.990501 889.857117 1248.998291 0 133 112
v 76.831703 886.905029 1248.998291 0 133 112
v 76.831703 884.054016 1253.488525 0 133 112
v 60.018200 885.095276 1258.273682 0 133 112
v 60.899502 887.223083 1253.488525 0 133 112
v 60.899502 887.223083 1253.488525 0 133 112
v 76.831703 884.054016 1253.488525 0 133 112
v 76.831703 881.750916 1258.273682 0 133 112
v 59.355801 883.496216 1263.302979 0 133 112
v 60.018200 885.095276 1258.273682 0 133 112
v 60.018200 885.095276 1258.273682 0 133 112
v 76.831703 881.750916 1258.273682 0 133 112
v 76.831703 880.020020 1263.302979 0 133 112
v 58.921600 882.447998 1268.526611 0 133 112
v 59.355801 883.496216 1263.302979 0 133 112
v 59.355801 883.496216 1263.302979 0 133 112
v 76.831703 880.020020 1263.302979 0 133 112
v 76.831703 878.885376 1268.526611 0 133 112
v 58.724899 881.973083 1273.893921 0 133 112
v 58.921600 882.447998 1268.526611 0 133 112
v 58.921600 882.447998 1268.526611 0 133 112
v 76.831703 878.885376 1268.526611 0 133 112
v 76.831703 878.371399 1273.893921 0 133 112
v 58.772999 882.089294 1279.284424 0 133 112
v 58.724899 881.973083 1273.893921 0 133 112
v 58.724899 881.973083 1273.893921 0 133 112
v 76.831703 878.371399 1273.893921 0 133 112
v 76.831703 878.497192 1279.284424 0 133 112
v 59.062000 882.786987 1284.576172 0 133 112
v 58.772999 882.089294 1279.284424 0 133 112
v 58.772999 882.089294 1279.284424 0 133 112
v 76.831703 878.497192 1279.284424 0 133 112
v 76.831703 879.252319 1284.576172 0 133 112
v 59.583900 884.047119 1289.717285 0 133 112
v 59.062000 882.786987 1284.576172 0 133 112
v 59.062000 882.786987 1284.576172 0 133 112
v 76.831703 879.252319 1284.576172 0 133 112
v 76.831703 880.616211 1289.717285 0 133 112
v 60.331001 885.850586 1294.655762 0 133 112
v 59.583900 884.047119 1289.717285 0 133 112
v 59.583900 884.047119 1289.717285 0 133 112
v 76.831703 880.616211 1289.717285 0 133 112
v 76.831703 882.568420 1294.655762 0 133 112
v 61.295300 888.178711 1299.339844 0 133 112
v 60.331001 885.850586 1294.655762 0 133 112
v 60.331001 885.850586 1294.655762 0 133 112
v 76.831703 882.568420 1294.655762 0 133 112
v 76.831703 885.088318 1299.339844 0 133 112
v 62.469101 891.012390 1303.717773 0 133 112
v 61.295300 888.178711 1299.339844 0 133 112
v 61.295300 888.178711 1299.339844 0 133 112
v 76.831703 885.088318 1299.339844 0 133 112
v 76.831703 888.155518 1303.717773 0 133 112
v 63.844398 894.332703 1307.737305 0 133 112
v 62.469101 891.012390 1303.717773 0 133 112
v 62.469101 891.012390 1303.717773 0 133 112
v 76.831703 888.155518 1303.717773 0 133 112
v 76.831703 891.749329 1307.737305 0 133 112
v 65.392303 898.069824 1311.302612 0 133 112
v 63.844398 894.332703 1307.737305 0 133 112
v 63.844398 894.332703 1307.737305 0 133 112
v 76.831703 891.749329 1307.737305 0 133 112
v 76.831703 895.794312 1311.302612 0 133 112
v 67.075897 902.134277 1314.338501 0 133 112
v 65.392303 898.069824 1311.302612 0 133 112
v 65.392303 898.069824 1311.302612 0 133 112
v 76.831703 895.794312 1311.302612 0 133 112
v 76.831703 900.193726 1314.338501 0 133 112
v 68.875298 906.478271 1316.825195 0 133 112
v 67.075897 902.134277 1314.338501 0 133 112
v 67.075897 902.134277 1314.338501 0 133 112
v 76.831703 900.193726 1314.338501 0 133 112
v 76.831703 904.895691 1316.825195 0 133 112
v 70.770401 911.053711 1318.742188 0 133 112
v 68.875298 906.478271 1316.825195 0 133 112
v 68.875298 906.478271 1316.825195 0 133 112
v 76.831703 904.895691 1316.825195 0 133 112
v 76.831703 909.848022 1318.742188 0 133 112
v 72.741501 915.812317 1320.069336 0 133 112
v 70.770401 911.053711 1318.742188 0 133 112
v 70.770401 911.053711 1318.742188 0 133 112
v 76.831703 909.848022 1318.742188 0 133 112
v 76.831703 914.998718 1320.069336 0 133 112
v 74.768600 920.706116 1320.786987 0 133 112
v 72.741501 915.812317 1320.069336 0 133 112
v 72.741501 915.812317 1320.069336 0 133 112
v 76.831703 914.998718 1320.069336 0 133 112
v 76.831703 920.295593 1320.786987 0 133 112
v 76.831703 925.686829 1320.874634 0 133 112
v 76.831703 925.686829 1320.874634 0 133 112
v 74.768600 920.706116 1320.786987 0 133 112
v 74.768600 920.706116 1320.786987 0 133 112
v 76.831703 920.295593 1320.786987 0 133 112
v 76.831703 925.686829 1320.874634 0 133 112
v 76.893097 925.834473 0.000000 0 133 112
v 76.831703 925.686829 1320.874634 0 133 112
v 76.831703 925.686829 1320.874634 0 133 112
v 76.831703 925.686829 1320.874634 0 133 112
v 76.831902 925.846680 0.000000 0 133 112
v 61.687500 889.124817 0.000000 0 133 112
v 76.893097 925.834473 0.000000 0 133 112
v 76.893097 925.834473 0.000000 0 133 112
v 76.831902 925.846680 0.000000 0 133 112
v 76.831902 886.112488 0.000000 0 133 112
v 61.687901 889.126282 1230.105469 0 133 112
v 61.687500 889.124817 0.000000 0 133 112
v 61.687500 889.124817 0.000000 0 133 112
v 76.831902 886.112488 0.000000 0 133 112
v 76.831703 886.114014 1230.105469 0 133 112
v 61.711800 889.184082 1230.390137 0 133 112
v 61.687901 889.126282 1230.105469 0 133 112
v 61.687901 889.126282 1230.105469 0 133 112
v 76.831703 886.114014 1230.105469 0 133 112
v 76.831703 886.176575 1230.390137 0 133 112
v 61.742199 889.257629 1230.661865 0 133 112
v 61.711800 889.184082 1230.390137 0 133 112
v 61.711800 889.184082 1230.390137 0 133 112
v 76.831703 886.176575 1230.390137 0 133 112
v 76.831703 886.256104 1230.661865 0 133 112
v 61.778599 889.345276 1230.924072 0 133 112
v 61.742199 889.257629 1230.661865 0 133 112
v 61.742199 889.257629 1230.661865 0 133 112
v 76.831703 886.256104 1230.661865 0 133 112
v 76.831703 886.351013 1230.924072 0 133 112
v 61.820099 889.445679 1231.180176 0 133 112
v 61.778599 889.345276 1230.924072 0 133 112
v 61.778599 889.345276 1230.924072 0 133 112
v 76.831703 886.351013 1230.924072 0 133 112
v 76.831703 886.459717 1231.180176 0 133 112
v 61.866402 889.557373 1231.433105 0 133 112
v 61.820099 889.445679 1231.180176 0 133 112
v 61.820099 889.445679 1231.180176 0 133 112
v 76.831703 886.459717 1231.180176 0 133 112
v 76.831703 886.580505 1231.433105 0 133 112
v 61.916698 889.678711 1231.686279 0 133 112
v 61.866402 889.557373 1231.433105 0 133 112
v 61.866402 889.557373 1231.433105 0 133 112
v 76.831703 886.580505 1231.433105 0 133 112
v 76.831703 886.711914 1231.686279 0 133 112
v 61.970299 889.808289 1231.942993 0 133 112
v 61.916698 889.678711 1231.686279 0 133 112
v 61.916698 889.678711 1231.686279 0 133 112
v 76.831703 886.711914 1231.686279 0 133 112
v 76.831703 886.852112 1231.942993 0 133 112
v 62.027802 889.946899 1232.198730 0 133 112
v 61.970299 889.808289 1231.942993 0 133 112
v 61.970299 889.808289 1231.942993 0 133 112
v 76.831703 886.852112 1231.942993 0 133 112
v 76.831703 887.002075 1232.198730 0 133 112
v 62.089500 890.096130 1232.447021 0 133 112
v 62.027802 889.946899 1232.198730 0 133 112
v 62.027802 889.946899 1232.198730 0 133 112
v 76.831703 887.002075 1232.198730 0 133 112
v 76.831703 887.163696 1232.447021 0 133 112
v 62.155701 890.255798 1232.687256 0 133 112
v 62.089500 890.096130 1232.447021 0 133 112
v 62.089500 890.096130 1232.447021 0 133 112
v 76.831703 887.163696 1232.447021 0 133 112
v 76.831703 887.336487 1232.687256 0 133 112
v 62.226002 890.425476 1232.919189 0 133 112
v 62.155701 890.255798 1232.687256 0 133 112
v 62.155701 890.255798 1232.687256 0 133 112
v 76.831703 887.336487 1232.687256 0 133 112
v 76.831703 887.520325 1232.919189 0 133 112
v 62.300400 890.605103 1233.142334 0 133 112
v 62.226002 890.425476 1232.919189 0 133 112
v 62.226002 890.425476 1232.919189 0 133 112
v 76.831703 887.520325 1232.919189 0 133 112
v 76.831703 887.714600 1233.142334 0 133 112
v 62.378700 890.794189 1233.356323 0 133 112
v 62.300400 890.605103 1233.142334 0 133 112
v 62.300400 890.605103 1233.142334 0 133 112
v 76.831703 887.714600 1233.142334 0 133 112
v 76.831703 887.919312 1233.356323 0 133 112
v 62.460899 890.992615 1233.560791 0 133 112
v 62.378700 890.794189 1233.356323 0 133 112
v 62.378700 890.794189 1233.356323 0 133 112
v 76.831703 887.919312 1233.356323 0 133 112
v 76.831703 888.133972 1233.560791 0 133 112
v 62.546700 891.199707 1233.755127 0 133 112
v 62.460899 890.992615 1233.560791 0 133 112
v 62.460899 890.992615 1233.560791 0 133 112
v 76.831703 888.133972 1233.560791 0 133 112
v 76.831703 888.358215 1233.755127 0 133 112
v 62.635799 891.414795 1233.938599 0 133 112
v 62.546700 891.199707 1233.755127 0 133 112
v 62.546700 891.199707 1233.755127 0 133 112
v 76.831703 888.358215 1233.755127 0 133 112
v 76.831703 888.591003 1233.938599 0 133 112
v 62.728001 891.637512 1234.110840 0 133 112
v 62.635799 891.414795 1233.938599 0 133 112
v 62.635799 891.414795 1233.938599 0 133 112
v 76.831703 888.591003 1233.938599 0 133 112
v 76.831703 888.832092 1234.110840 0 133 112
v 62.823200 891.867310 1234.271729 0 133 112
v 62.728001 891.637512 1234.110840 0 133 112
v 62.728001 891.637512 1234.110840 0 133 112
v 76.831703 888.832092 1234.110840 0 133 112
v 76.831703 889.080872 1234.271729 0 133 112
v 62.921200 892.103882 1234.420898 0 133 112
v 62.823200 891.867310 1234.271729 0 133 112
v 62.823200 891.867310 1234.271729 0 133 112
v 76.831703 889.080872 1234.271729 0 133 112
v 76.831703 889.336914 1234.420898 0 133 112
v 63.021702 892.346619 1234.558105 0 133 112
v 62.921200 892.103882 1234.420898 0 133 112
v 62.921200 892.103882 1234.420898 0 133 112
v 76.831703 889.336914 1234.420898 0 133 112
v 76.831703 889.599609 1234.558105 0 133 112
v 63.124699 892.595215 1234.683105 0 133 112
v 63.021702 892.346619 1234.558105 0 133 112
v 63.021702 892.346619 1234.558105 0 133 112
v 76.831703 889.599609 1234.558105 0 133 112
v 76.831703 889.868713 1234.683105 0 133 112
v 63.259701 892.921021 1234.834229 0 133 112
v 63.124699 892.595215 1234.683105 0 133 112
v 63.124699 892.595215 1234.683105 0 133 112
v 76.831703 889.868713 1234.683105 0 133 112
v 76.831703 890.221313 1234.834229 0 133 112
v 63.375099 893.199585 1234.980591 0 133 112
v 63.259701 892.921021 1234.834229 0 133 112
v 63.259701 892.921021 1234.834229 0 133 112
v 76.831703 890.221313 1234.834229 0 133 112
v 76.831703 890.522888 1234.980591 0 133 112
v 63.476898 893.445313 1235.131592 0 133 112
v 63.375099 893.199585 1234.980591 0 133 112
v 63.375099 893.199585 1234.980591 0 133 112
v 76.831703 890.522888 1234.980591 0 133 112
v 76.831703 890.788818 1235.131592 0 133 112
v 63.570999 893.672729 1235.296387 0 133 112
v 63.476898 893.445313 1235.131592 0 133 112
v 63.476898 893.445313 1235.131592 0 133 112
v 76.831703 890.788818 1235.131592 0 133 112
v 76.831703 891.034912 1235.296387 0 133 112
v 63.663502 893.895996 1235.484863 0 133 112
v 63.570999 893.672729 1235.296387 0 133 112
v 63.570999 893.672729 1235.296387 0 133 112
v 76.831703 891.034912 1235.296387 0 133 112
v 76.831703 891.276672 1235.484863 0 133 112
v 63.760399 894.129883 1235.705566 0 133 112
v 63.663502 893.895996 1235.484863 0 133 112
v 63.663502 893.895996 1235.484863 0 133 112
v 76.831703 891.276672 1235.484863 0 133 112
v 76.831703 891.529785 1235.705566 0 133 112
v 63.867599 894.388611 1235.968506 0 133 112
v 63.760399 894.129883 1235.705566 0 133 112
v 63.760399 894.129883 1235.705566 0 133 112
v 76.831703 891.529785 1235.705566 0 133 112
v 76.831703 891.809875 1235.968506 0 133 112
v 63.978802 894.657104 1236.262695 0 133 112
v 63.867599 894.388611 1235.968506 0 133 112
v 63.867599 894.388611 1235.968506 0 133 112
v 76.831703 891.809875 1235.968506 0 133 112
v 76.831703 892.100525 1236.262695 0 133 112
v 64.083603 894.909973 1236.571777 0 133 112
v 63.978802 894.657104 1236.262695 0 133 112
v 63.978802 894.657104 1236.262695 0 133 112
v 76.831703 892.100525 1236.262695 0 133 112
v 76.831703 892.374207 1236.571777 0 133 112
v 64.181602 895.146912 1236.894775 0 133 112
v 64.083603 894.909973 1236.571777 0 133 112
v 64.083603 894.909973 1236.571777 0 133 112
v 76.831703 892.374207 1236.571777 0 133 112
v 76.831703 892.630615 1236.894775 0 133 112
v 64.272903 895.367310 1237.230957 0 133 112
v 64.181602 895.146912 1236.894775 0 133 112
v 64.181602 895.146912 1236.894775 0 133 112
v 76.831703 892.630615 1236.894775 0 133 112
v 76.831703 892.869202 1237.230957 0 133 112
v 64.357201 895.570679 1237.579590 0 133 112
v 64.272903 895.367310 1237.230957 0 133 112
v 64.272903 895.367310 1237.230957 0 133 112
v 76.831703 892.869202 1237.230957 0 133 112
v 76.831703 893.089417 1237.579590 0 133 112
v 64.434303 895.756714 1237.940186 0 133 112
v 64.357201 895.570679 1237.579590 0 133 112
v 64.357201 895.570679 1237.579590 0 133 112
v 76.831703 893.089417 1237.579590 0 133 112
v 76.831703 893.290588 1237.940186 0 133 112
v 64.503799 895.924683 1238.311646 0 133 112
v 64.434303 895.756714 1237.940186 0 133 112
v 64.434303 895.756714 1237.940186 0 133 112
v 76.831703 893.290588 1237.940186 0 133 112
v 76.831703 893.472473 1238.311646 0 133 112
v 64.565697 896.073975 1238.692383 0 133 112
v 64.503799 895.924683 1238.311646 0 133 112
v 64.503799 895.924683 1238.311646 0 133 112
v 76.831703 893.472473 1238.311646 0 133 112
v 76.831703 893.634094 1238.692383 0 133 112
v 64.619400 896.203796 1239.080566 0 133 112
v 64.565697 896.073975 1238.692383 0 133 112
v 64.565697 896.073975 1238.692383 0 133 112
v 76.831703 893.634094 1238.692383 0 133 112
v 76.831703 893.774475 1239.080566 0 133 112
v 64.665001 896.313904 1239.475342 0 133 112
v 64.619400 896.203796 1239.080566 0 133 112
v 64.619400 896.203796 1239.080566 0 133 112
v 76.831703 893.774475 1239.080566 0 133 112
v 76.831703 893.893799 1239.475342 0 133 112
v 64.702499 896.404175 1239.875732 0 133 112
v 64.665001 896.313904 1239.475342 0 133 112
v 64.665001 896.313904 1239.475342 0 133 112
v 76.831703 893.893799 1239.475342 0 133 112
v 76.831703 893.991577 1239.875732 0 133 112
v 64.731598 896.474487 1240.281250 0 133 112
v 64.702499 896.404175 1239.875732 0 133 112
v 64.702499 896.404175 1239.875732 0 133 112
v 76.831703 893.991577 1239.875732 0 133 112
v 76.831703 894.067627 1240.281250 0 133 112
v 64.752296 896.524597 1240.690430 0 133 112
v 64.731598 896.474487 1240.281250 0 133 112
v 64.731598 896.474487 1240.281250 0 133 112
v 76.831703 894.067627 1240.281250 0 133 112
v 76.831703 894.121826 1240.690430 0 133 112
v 76.831703 894.153870 1241.102783 0 133 112
v 64.764603 896.554199 1241.102783 0 133 112
v 64.752296 896.524597 1240.690430 0 133 112
v 64.752296 896.524597 1240.690430 0 133 112
v 76.831703 894.121826 1240.690430 0 133 112
v 76.831703 894.153870 1241.102783 0 133 112
v 76.831703 890.279724 1244.853027 0 133 112
v 76.831703 894.153870 1241.102783 0 133 112
v 76.831703 894.153870 1241.102783 0 133 112
v 90.381401 892.974915 1244.853027 0 133 112
v 76.831703 886.905029 1248.998291 0 133 112
v 76.831703 890.279724 1244.853027 0 133 112
v 76.831703 890.279724 1244.853027 0 133 112
v 90.381401 892.974915 1244.853027 0 133 112
v 91.672897 889.856995 1248.998291 0 133 112
v 76.831703 884.054016 1253.488525 0 133 112
v 76.831703 886.905029 1248.998291 0 133 112
v 76.831703 886.905029 1248.998291 0 133 112
v 91.672897 889.856995 1248.998291 0 133 112
v 92.763901 887.223022 1253.488525 0 133 112
v 76.831703 881.750916 1258.273682 0 133 112
v 76.831703 884.054016 1253.488525 0 133 112
v 76.831703 884.054016 1253.488525 0 133 112
v 92.763901 887.223022 1253.488525 0 133 112
v 93.645302 885.095276 1258.273682 0 133 112
v 76.831703 880.020020 1263.302979 0 133 112
v 76.831703 881.750916 1258.273682 0 133 112
v 76.831703 881.750916 1258.273682 0 133 112
v 93.645302 885.095276 1258.273682 0 133 112
v 94.307602 883.496216 1263.302979 0 133 112
v 76.831703 878.885376 1268.526611 0 133 112
v 76.831703 880.020020 1263.302979 0 133 112
v 76.831703 880.020020 1263.302979 0 133 112
v 94.307602 883.496216 1263.302979 0 133 112
v 94.741798 882.447876 1268.526611 0 133 112
v 76.831703 878.371399 1273.893921 0 133 112
v 76.831703 878.885376 1268.526611 0 133 112
v 76.831703 878.885376 1268.526611 0 133 112
v 94.741798 882.447876 1268.526611 0 133 112
v 94.938499 881.973022 1273.893921 0 133 112
v 76.831703 878.497192 1279.284424 0 133 112
v 76.831703 878.371399 1273.893921 0 133 112
v 76.831703 878.371399 1273.893921 0 133 112
v 94.938499 881.973022 1273.893921 0 133 112
v 94.890404 882.089172 1279.284424 0 133 112
v 76.831703 879.252319 1284.576172 0 133 112
v 76.831703 878.497192 1279.284424 0 133 112
v 76.831703 878.497192 1279.284424 0 133 112
v 94.890404 882.089172 1279.284424 0 133 112
v 94.601402 882.786926 1284.576172 0 133 112
v 76.831703 880.616211 1289.717285 0 133 112
v 76.831703 879.252319 1284.576172 0 133 112
v 76.831703 879.252319 1284.576172 0 133 112
v 94.601402 882.786926 1284.576172 0 133 112
v 94.079498 884.046997 1289.717285 0 133 112
v 76.831703 882.568420 1294.655762 0 133 112
v 76.831703 880.616211 1289.717285 0 133 112
v 76.831703 880.616211 1289.717285 0 133 112
v 94.079498 884.046997 1289.717285 0 133 112
v 93.332397 885.850525 1294.655762 0 133 112
v 76.831703 885.088318 1299.339844 0 133 112
v 76.831703 882.568420 1294.655762 0 133 112
v 76.831703 882.568420 1294.655762 0 133 112
v 93.332397 885.850525 1294.655762 0 133 112
v 92.367996 888.178589 1299.339844 0 133 112
v 76.831703 888.155518 1303.717773 0 133 112
v 76.831703 885.088318 1299.339844 0 133 112
v 76.831703 885.088318 1299.339844 0 133 112
v 92.367996 888.178589 1299.339844 0 133 112
v 91.194298 891.012329 1303.717773 0 133 112
v 76.831703 891.749329 1307.737305 0 133 112
v 76.831703 888.155518 1303.717773 0 133 112
v 76.831703 888.155518 1303.717773 0 133 112
v 91.194298 891.012329 1303.717773 0 133 112
v 89.819000 894.332581 1307.737305 0 133 112
v 76.831703 895.794312 1311.302612 0 133 112
v 76.831703 891.749329 1307.737305 0 133 112
v 76.831703 891.749329 1307.737305 0 133 112
v 89.819000 894.332581 1307.737305 0 133 112
v 88.271103 898.069702 1311.302612 0 133 112
v 76.831703 900.193726 1314.338501 0 133 112
v 76.831703 895.794312 1311.302612 0 133 112
v 76.831703 895.794312 1311.302612 0 133 112
v 88.271103 898.069702 1311.302612 0 133 112
v 86.587502 902.134277 1314.338501 0 133 112
v 76.831703 904.895691 1316.825195 0 133 112
v 76.831703 900.193726 1314.338501 0 133 112
v 76.831703 900.193726 1314.338501 0 133 112
v 86.587502 902.134277 1314.338501 0 133 112
v 84.788101 906.478271 1316.825195 0 133 112
v 76.831703 909.848022 1318.742188 0 133 112
v 76.831703 904.895691 1316.825195 0 133 112
v 76.831703 904.895691 1316.825195 0 133 112
v 84.788101 906.478271 1316.825195 0 133 112
v 82.892899 911.053589 1318.742188 0 133 112
v 76.831703 914.998718 1320.069336 0 133 112
v 76.831703 909.848022 1318.742188 0 133 112
v 76.831703 909.848022 1318.742188 0 133 112
v 82.892899 911.053589 1318.742188 0 133 112
v 80.921898 915.812195 1320.069336 0 133 112
v 76.831703 920.295593 1320.786987 0 133 112
v 76.831703 914.998718 1320.069336 0 133 112
v 76.831703 914.998718 1320.069336 0 133 112
v 80.921898 915.812195 1320.069336 0 133 112
v 78.894798 920.705872 1320.786987 0 133 112
v 76.831703 925.686829 1320.874634 0 133 112
v 76.831703 925.686829 1320.874634 0 133 112
v 76.831703 920.295593 1320.786987 0 133 112
v 76.831703 920.295593 1320.786987 0 133 112
v 78.894798 920.705872 1320.786987 0 133 112
v 76.831703 925.686829 1320.874634 0 133 112
v 76.831902 925.846680 0.000000 0 133 112
v 76.831703 925.686829 1320.874634 0 133 112
v 76.831703 925.686829 1320.874634 0 133 112
v 76.831703 925.686829 1320.874634 0 133 112
v 76.770599 925.834473 0.000000 0 133 112
v 76.831902 886.112488 0.000000 0 133 112
v 76.831902 925.846680 0.000000 0 133 112
v 76.831902 925.846680 0.000000 0 133 112
v 76.770599 925.834473 0.000000 0 133 112
v 91.976303 889.124878 0.000000 0 133 112
v 76.831703 886.114014 1230.105469 0 133 112
v 76.831902 886.112488 0.000000 0 133 112
v 76.831902 886.112488 0.000000 0 133 112
v 91.976303 889.124878 0.000000 0 133 112
v 91.975502 889.126282 1230.105469 0 133 112
v 76.831703 886.176575 1230.390137 0 133 112
v 76.831703 886.114014 1230.105469 0 133 112
v 76.831703 886.114014 1230.105469 0 133 112
v 91.975502 889.126282 1230.105469 0 133 112
v 91.951599 889.184082 1230.390137 0 133 112
v 76.831703 886.256104 1230.661865 0 133 112
v 76.831703 886.176575 1230.390137 0 133 112
v 76.831703 886.176575 1230.390137 0 133 112
v 91.951599 889.184082 1230.390137 0 133 112
v 91.921097 889.257629 1230.661865 0 133 112
v 76.831703 886.351013 1230.924072 0 133 112
v 76.831703 886.256104 1230.661865 0 133 112
v 76.831703 886.256104 1230.661865 0 133 112
v 91.921097 889.257629 1230.661865 0 133 112
v 91.884804 889.345276 1230.924072 0 133 112
v 76.831703 886.459717 1231.180176 0 133 112
v 76.831703 886.351013 1230.924072 0 133 112
v 76.831703 886.351013 1230.924072 0 133 112
v 91.884804 889.345276 1230.924072 0 133 112
v 91.843300 889.445679 1231.180176 0 133 112
v 76.831703 886.580505 1231.433105 0 133 112
v 76.831703 886.459717 1231.180176 0 133 112
v 76.831703 886.459717 1231.180176 0 133 112
v 91.843300 889.445679 1231.180176 0 133 112
v 91.796997 889.557312 1231.433105 0 133 112
v 76.831703 886.711914 1231.686279 0 133 112
v 76.831703 886.580505 1231.433105 0 133 112
v 76.831703 886.580505 1231.433105 0 133 112
v 91.796997 889.557312 1231.433105 0 133 112
v 91.746803 889.678589 1231.686279 0 133 112
v 76.831703 886.852112 1231.942993 0 133 112
v 76.831703 886.711914 1231.686279 0 133 112
v 76.831703 886.711914 1231.686279 0 133 112
v 91.746803 889.678589 1231.686279 0 133 112
v 91.693100 889.808228 1231.942993 0 133 112
v 76.831703 887.002075 1232.198730 0 133 112
v 76.831703 886.852112 1231.942993 0 133 112
v 76.831703 886.852112 1231.942993 0 133 112
v 91.693100 889.808228 1231.942993 0 133 112
v 91.635696 889.946777 1232.198730 0 133 112
v 76.831703 887.163696 1232.447021 0 133 112
v 76.831703 887.002075 1232.198730 0 133 112
v 76.831703 887.002075 1232.198730 0 133 112
v 91.635696 889.946777 1232.198730 0 133 112
v 91.573898 890.096130 1232.447021 0 133 112
v 76.831703 887.336487 1232.687256 0 133 112
v 76.831703 887.163696 1232.447021 0 133 112
v 76.831703 887.163696 1232.447021 0 133 112
v 91.573898 890.096130 1232.447021 0 133 112
v 91.507698 890.255676 1232.687256 0 133 112
v 76.831703 887.520325 1232.919189 0 133 112
v 76.831703 887.336487 1232.687256 0 133 112
v 76.831703 887.336487 1232.687256 0 133 112
v 91.507698 890.255676 1232.687256 0 133 112
v 91.437401 890.425476 1232.919189 0 133 112
v 76.831703 887.714600 1233.142334 0 133 112
v 76.831703 887.520325 1232.919189 0 133 112
v 76.831703 887.520325 1232.919189 0 133 112
v 91.437401 890.425476 1232.919189 0 133 112
v 91.362999 890.604980 1233.142334 0 133 112
v 76.831703 887.919312 1233.356323 0 133 112
v 76.831703 887.714600 1233.142334 0 133 112
v 76.831703 887.714600 1233.142334 0 133 112
v 91.362999 890.604980 1233.142334 0 133 112
v 91.284698 890.794128 1233.356323 0 133 112
v 76.831703 888.133972 1233.560791 0 133 112
v 76.831703 887.919312 1233.356323 0 133 112
v 76.831703 887.919312 1233.356323 0 133 112
v 91.284698 890.794128 1233.356323 0 133 112
v 91.202499 890.992615 1233.560791 0 133 112
v 76.831703 888.358215 1233.755127 0 133 112
v 76.831703 888.133972 1233.560791 0 133 112
v 76.831703 888.133972 1233.560791 0 133 112
v 91.202499 890.992615 1233.560791 0 133 112
v 91.116798 891.199585 1233.755127 0 133 112
v 76.831703 888.591003 1233.938599 0 133 112
v 76.831703 888.358215 1233.755127 0 133 112
v 76.831703 888.358215 1233.755127 0 133 112
v 91.116798 891.199585 1233.755127 0 133 112
v 91.027603 891.414673 1233.938599 0 133 112
v 76.831703 888.832092 1234.110840 0 133 112
v 76.831703 888.591003 1233.938599 0 133 112
v 76.831703 888.591003 1233.938599 0 133 112
v 91.027603 891.414673 1233.938599 0 133 112
v 90.935402 891.637512 1234.110840 0 133 112
v 76.831703 889.080872 1234.271729 0 133 112
v 76.831703 888.832092 1234.110840 0 133 112
v 76.831703 888.832092 1234.110840 0 133 112
v 90.935402 891.637512 1234.110840 0 133 112
v 90.840202 891.867188 1234.271729 0 133 112
v 76.831703 889.336914 1234.420898 0 133 112
v 76.831703 889.080872 1234.271729 0 133 112
v 76.831703 889.080872 1234.271729 0 133 112
v 90.840202 891.867188 1234.271729 0 133 112
v 90.742203 892.103821 1234.420898 0 133 112
v 76.831703 889.599609 1234.558105 0 133 112
v 76.831703 889.336914 1234.420898 0 133 112
v 76.831703 889.336914 1234.420898 0 133 112
v 90.742203 892.103821 1234.420898 0 133 112
v 90.641701 892.346619 1234.558105 0 133 112
v 76.831703 889.868713 1234.683105 0 133 112
v 76.831703 889.599609 1234.558105 0 133 112
v 76.831703 889.599609 1234.558105 0 133 112
v 90.641701 892.346619 1234.558105 0 133 112
v 90.538696 892.595093 1234.683105 0 133 112
v 76.831703 890.221313 1234.834229 0 133 112
v 76.831703 889.868713 1234.683105 0 133 112
v 76.831703 889.868713 1234.683105 0 133 112
v 90.538696 892.595093 1234.683105 0 133 112
v 90.403702 892.921021 1234.834229 0 133 112
v 76.831703 890.522888 1234.980591 0 133 112
v 76.831703 890.221313 1234.834229 0 133 112
v 76.831703 890.221313 1234.834229 0 133 112
v 90.403702 892.921021 1234.834229 0 133 112
v 90.288300 893.199524 1234.980591 0 133 112
v 76.831703 890.788818 1235.131592 0 133 112
v 76.831703 890.522888 1234.980591 0 133 112
v 76.831703 890.522888 1234.980591 0 133 112
v 90.288300 893.199524 1234.980591 0 133 112
v 90.186600 893.445313 1235.131592 0 133 112
v 76.831703 891.034912 1235.296387 0 133 112
v 76.831703 890.788818 1235.131592 0 133 112
v 76.831703 890.788818 1235.131592 0 133 112
v 90.186600 893.445313 1235.131592 0 133 112
v 90.092400 893.672485 1235.296387 0 133 112
v 76.831703 891.276672 1235.484863 0 133 112
v 76.831703 891.034912 1235.296387 0 133 112
v 76.831703 891.034912 1235.296387 0 133 112
v 90.092400 893.672485 1235.296387 0 133 112
v 89.999901 893.895874 1235.484863 0 133 112
v 76.831703 891.529785 1235.705566 0 133 112
v 76.831703 891.276672 1235.484863 0 133 112
v 76.831703 891.276672 1235.484863 0 133 112
v 89.999901 893.895874 1235.484863 0 133 112
v 89.903000 894.129822 1235.705566 0 133 112
v 76.831703 891.809875 1235.968506 0 133 112
v 76.831703 891.529785 1235.705566 0 133 112
v 76.831703 891.529785 1235.705566 0 133 112
v 89.903000 894.129822 1235.705566 0 133 112
v 89.795799 894.388489 1235.968506 0 133 112
v 76.831703 892.100525 1236.262695 0 133 112
v 76.831703 891.809875 1235.968506 0 133 112
v 76.831703 891.809875 1235.968506 0 133 112
v 89.795799 894.388489 1235.968506 0 133 112
v 89.684601 894.656982 1236.262695 0 133 112
v 76.831703 892.374207 1236.571777 0 133 112
v 76.831703 892.100525 1236.262695 0 133 112
v 76.831703 892.100525 1236.262695 0 133 112
v 89.684601 894.656982 1236.262695 0 133 112
v 89.579903 894.909912 1236.571777 0 133 112
v 76.831703 892.630615 1236.894775 0 133 112
v 76.831703 892.374207 1236.571777 0 133 112
v 76.831703 892.374207 1236.571777 0 133 112
v 89.579903 894.909912 1236.571777 0 133 112
v 89.481796 895.146912 1236.894775 0 133 112
v 76.831703 892.869202 1237.230957 0 133 112
v 76.831703 892.630615 1236.894775 0 133 112
v 76.831703 892.630615 1236.894775 0 133 112
v 89.481796 895.146912 1236.894775 0 133 112
v 89.390404 895.367188 1237.230957 0 133 112
v 76.831703 893.089417 1237.579590 0 133 112
v 76.831703 892.869202 1237.230957 0 133 112
v 76.831703 892.869202 1237.230957 0 133 112
v 89.390404 895.367188 1237.230957 0 133 112
v 89.306198 895.570679 1237.579590 0 133 112
v 76.831703 893.290588 1237.940186 0 133 112
v 76.831703 893.089417 1237.579590 0 133 112
v 76.831703 893.089417 1237.579590 0 133 112
v 89.306198 895.570679 1237.579590 0 133 112
v 89.229202 895.756714 1237.940186 0 133 112
v 76.831703 893.472473 1238.311646 0 133 112
v 76.831703 893.290588 1237.940186 0 133 112
v 76.831703 893.290588 1237.940186 0 133 112
v 89.229202 895.756714 1237.940186 0 133 112
v 89.159500 895.924683 1238.311646 0 133 112
v 76.831703 893.634094 1238.692383 0 133 112
v 76.831703 893.472473 1238.311646 0 133 112
v 76.831703 893.472473 1238.311646 0 133 112
v 89.159500 895.924683 1238.311646 0 133 112
v 89.097702 896.073914 1238.692383 0 133 112
v 76.831703 893.774475 1239.080566 0 133 112
v 76.831703 893.634094 1238.692383 0 133 112
v 76.831703 893.634094 1238.692383 0 133 112
v 89.097702 896.073914 1238.692383 0 133 112
v 89.043999 896.203674 1239.080566 0 133 112
v 76.831703 893.893799 1239.475342 0 133 112
v 76.831703 893.774475 1239.080566 0 133 112
v 76.831703 893.774475 1239.080566 0 133 112
v 89.043999 896.203674 1239.080566 0 133 112
v 88.998398 896.313782 1239.475342 0 133 112
v 76.831703 893.991577 1239.875732 0 133 112
v 76.831703 893.893799 1239.475342 0 133 112
v 76.831703 893.893799 1239.475342 0 133 112
v 88.998398 896.313782 1239.475342 0 133 112
v 88.960899 896.404175 1239.875732 0 133 112
v 76.831703 894.067627 1240.281250 0 133 112
v 76.831703 893.991577 1239.875732 0 133 112
v 76.831703 893.991577 1239.875732 0 133 112
v 88.960899 896.404175 1239.875732 0 133 112
v 88.931801 896.474487 1240.281250 0 133 112
v 76.831703 894.121826 1240.690430 0 133 112
v 76.831703 894.067627 1240.281250 0 133 112
v 76.831703 894.067627 1240.281250 0 133 112
v 88.931801 896.474487 1240.281250 0 133 112
v 88.911102 896.524475 1240.690430 0 133 112
v 88.898804 896.554077 1241.102783 0 133 112
v 76.831703 894.153870 1241.102783 0 133 112
v 76.831703 894.121826 1240.690430 0 133 112
v 76.831703 894.121826 1240.690430 0 133 112
v 88.911102 896.524475 1240.690430 0 133 112
v 88.898804 896.554077 1241.102783 0 133 112
v 90.381401 892.974915 1244.853027 0 133 112
v 88.898804 896.554077 1241.102783 0 133 112
v 88.898804 896.554077 1241.102783 0 133 112
v 101.868301 900.650085 1244.853027 0 133 112
v 91.672897 889.856995 1248.998291 0 133 112
v 90.381401 892.974915 1244.853027 0 133 112
v 90.381401 892.974915 1244.853027 0 133 112
v 101.868301 900.650085 1244.853027 0 133 112
v 104.254601 898.263794 1248.998291 0 133 112
v 92.763901 887.223022 1253.488525 0 133 112
v 91.672897 889.856995 1248.998291 0 133 112
v 91.672897 889.856995 1248.998291 0 133 112
v 104.254601 898.263794 1248.998291 0 133 112
v 106.270599 896.247925 1253.488525 0 133 112
v 93.645302 885.095276 1258.273682 0 133 112
v 92.763901 887.223022 1253.488525 0 133 112
v 92.763901 887.223022 1253.488525 0 133 112
v 106.270599 896.247925 1253.488525 0 133 112
v 107.899101 894.619385 1258.273682 0 133 112
v 94.307602 883.496216 1263.302979 0 133 112
v 93.645302 885.095276 1258.273682 0 133 112
v 93.645302 885.095276 1258.273682 0 133 112
v 107.899101 894.619385 1258.273682 0 133 112
v 109.123001 893.395386 1263.302979 0 133 112
v 94.741798 882.447876 1268.526611 0 133 112
v 94.307602 883.496216 1263.302979 0 133 112
v 94.307602 883.496216 1263.302979 0 133 112
v 109.123001 893.395386 1263.302979 0 133 112
v 109.925301 892.593079 1268.526611 0 133 112
v 94.938499 881.973022 1273.893921 0 133 112
v 94.741798 882.447876 1268.526611 0 133 112
v 94.741798 882.447876 1268.526611 0 133 112
v 109.925301 892.593079 1268.526611 0 133 112
v 110.288803 892.229675 1273.893921 0 133 112
v 94.890404 882.089172 1279.284424 0 133 112
v 94.938499 881.973022 1273.893921 0 133 112
v 94.938499 881.973022 1273.893921 0 133 112
v 110.288803 892.229675 1273.893921 0 133 112
v 110.199799 892.318726 1279.284424 0 133 112
v 94.601402 882.786926 1284.576172 0 133 112
v 94.890404 882.089172 1279.284424 0 133 112
v 94.890404 882.089172 1279.284424 0 133 112
v 110.199799 892.318726 1279.284424 0 133 112
v 109.665802 892.852600 1284.576172 0 133 112
v 94.079498 884.046997 1289.717285 0 133 112
v 94.601402 882.786926 1284.576172 0 133 112
v 94.601402 882.786926 1284.576172 0 133 112
v 109.665802 892.852600 1284.576172 0 133 112
v 108.701401 893.817017 1289.717285 0 133 112
v 93.332397 885.850525 1294.655762 0 133 112
v 94.079498 884.046997 1289.717285 0 133 112
v 94.079498 884.046997 1289.717285 0 133 112
v 108.701401 893.817017 1289.717285 0 133 112
v 107.320999 895.197388 1294.655762 0 133 112
v 92.367996 888.178589 1299.339844 0 133 112
v 93.332397 885.850525 1294.655762 0 133 112
v 93.332397 885.850525 1294.655762 0 133 112
v 107.320999 895.197388 1294.655762 0 133 112
v 105.539200 896.979187 1299.339844 0 133 112
v 91.194298 891.012329 1303.717773 0 133 112
v 92.367996 888.178589 1299.339844 0 133 112
v 92.367996 888.178589 1299.339844 0 133 112
v 105.539200 896.979187 1299.339844 0 133 112
v 103.370399 899.148071 1303.717773 0 133 112
v 89.819000 894.332581 1307.737305 0 133 112
v 91.194298 891.012329 1303.717773 0 133 112
v 91.194298 891.012329 1303.717773 0 133 112
v 103.370399 899.148071 1303.717773 0 133 112
v 100.829201 901.689270 1307.737305 0 133 112
v 88.271103 898.069702 1311.302612 0 133 112
v 89.819000 894.332581 1307.737305 0 133 112
v 89.819000 894.332581 1307.737305 0 133 112
v 100.829201 901.689270 1307.737305 0 133 112
v 97.968903 904.549500 1311.302612 0 133 112
v 86.587502 902.134277 1314.338501 0 133 112
v 88.271103 898.069702 1311.302612 0 133 112
v 88.271103 898.069702 1311.302612 0 133 112
v 97.968903 904.549500 1311.302612 0 133 112
v 94.858002 907.660400 1314.338501 0 133 112
v 84.788101 906.478271 1316.825195 0 133 112
v 86.587502 902.134277 1314.338501 0 133 112
v 86.587502 902.134277 1314.338501 0 133 112
v 94.858002 907.660400 1314.338501 0 133 112
v 91.533302 910.985229 1316.825195 0 133 112
v 82.892899 911.053589 1318.742188 0 133 112
v 84.788101 906.478271 1316.825195 0 133 112
v 84.788101 906.478271 1316.825195 0 133 112
v 91.533302 910.985229 1316.825195 0 133 112
v 88.031403 914.487000 1318.742188 0 133 112
v 80.921898 915.812195 1320.069336 0 133 112
v 82.892899 911.053589 1318.742188 0 133 112
v 82.892899 911.053589 1318.742188 0 133 112
v 88.031403 914.487000 1318.742188 0 133 112
v 84.389297 918.129028 1320.069336 0 133 112
v 78.894798 920.705872 1320.786987 0 133 112
v 80.921898 915.812195 1320.069336 0 133 112
v 80.921898 915.812195 1320.069336 0 133 112
v 84.389297 918.129028 1320.069336 0 133 112
v 80.643898 921.874573 1320.786987 0 133 112
v 76.831703 925.686829 1320.874634 0 133 112
v 78.894798 920.705872 1320.786987 0 133 112
v 78.894798 920.705872 1320.786987 0 133 112
v 80.643898 921.874573 1320.786987 0 133 112
v 76.831703 925.686707 1320.874634 0 133 112
v 76.770599 925.834473 0.000000 0 133 112
v 76.831703 925.686829 1320.874634 0 133 112
v 76.831703 925.686829 1320.874634 0 133 112
v 76.831703 925.686707 1320.874634 0 133 112
v 76.718697 925.799927 0.000000 0 133 112
v 91.976303 889.124878 0.000000 0 133 112
v 76.770599 925.834473 0.000000 0 133 112
v 76.770599 925.834473 0.000000 0 133 112
v 76.718697 925.799927 0.000000 0 133 112
v 104.815002 897.703613 0.000000 0 133 112
v 91.975502 889.126282 1230.105469 0 133 112
v 91.976303 889.124878 0.000000 0 133 112
v 91.976303 889.124878 0.000000 0 133 112
v 104.815002 897.703613 0.000000 0 133 112
v 104.813904 897.704590 1230.105469 0 133 112
v 91.951599 889.184082 1230.390137 0 133 112
v 91.975502 889.126282 1230.105469 0 133 112
v 91.975502 889.126282 1230.105469 0 133 112
v 104.813904 897.704590 1230.105469 0 133 112
v 104.769699 897.748779 1230.390137 0 133 112
v 91.921097 889.257629 1230.661865 0 133 112
v 91.951599 889.184082 1230.390137 0 133 112
v 91.951599 889.184082 1230.390137 0 133 112
v 104.769699 897.748779 1230.390137 0 133 112
v 104.713402 897.805115 1230.661865 0 133 112
v 91.884804 889.345276 1230.924072 0 133 112
v 91.921097 889.257629 1230.661865 0 133 112
v 91.921097 889.257629 1230.661865 0 133 112
v 104.713402 897.805115 1230.661865 0 133 112
v 104.646301 897.872070 1230.924072 0 133 112
v 91.843300 889.445679 1231.180176 0 133 112
v 91.884804 889.345276 1230.924072 0 133 112
v 91.884804 889.345276 1230.924072 0 133 112
v 104.646301 897.872070 1230.924072 0 133 112
v 104.569504 897.948975 1231.180176 0 133 112
v 91.796997 889.557312 1231.433105 0 133 112
v 91.843300 889.445679 1231.180176 0 133 112
v 91.843300 889.445679 1231.180176 0 133 112
v 104.569504 897.948975 1231.180176 0 133 112
v 104.484001 898.034424 1231.433105 0 133 112
v 91.746803 889.678589 1231.686279 0 133 112
v 91.796997 889.557312 1231.433105 0 133 112
v 91.796997 889.557312 1231.433105 0 133 112
v 104.484001 898.034424 1231.433105 0 133 112
v 104.391197 898.127319 1231.686279 0 133 112
v 91.693100 889.808228 1231.942993 0 133 112
v 91.746803 889.678589 1231.686279 0 133 112
v 91.746803 889.678589 1231.686279 0 133 112
v 104.391197 898.127319 1231.686279 0 133 112
v 104.292000 898.226379 1231.942993 0 133 112
v 91.635696 889.946777 1232.198730 0 133 112
v 91.693100 889.808228 1231.942993 0 133 112
v 91.693100 889.808228 1231.942993 0 133 112
v 104.292000 898.226379 1231.942993 0 133 112
v 104.185898 898.332581 1232.198730 0 133 112
v 91.573898 890.096130 1232.447021 0 133 112
v 91.635696 889.946777 1232.198730 0 133 112
v 91.635696 889.946777 1232.198730 0 133 112
v 104.185898 898.332581 1232.198730 0 133 112
v 104.071701 898.446777 1232.447021 0 133 112
v 91.507698 890.255676 1232.687256 0 133 112
v 91.573898 890.096130 1232.447021 0 133 112
v 91.573898 890.096130 1232.447021 0 133 112
v 104.071701 898.446777 1232.447021 0 133 112
v 103.949501 898.568970 1232.687256 0 133 112
v 91.437401 890.425476 1232.919189 0 133 112
v 91.507698 890.255676 1232.687256 0 133 112
v 91.507698 890.255676 1232.687256 0 133 112
v 103.949501 898.568970 1232.687256 0 133 112
v 103.819504 898.698914 1232.919189 0 133 112
v 91.362999 890.604980 1233.142334 0 133 112
v 91.437401 890.425476 1232.919189 0 133 112
v 91.437401 890.425476 1232.919189 0 133 112
v 103.819504 898.698914 1232.919189 0 133 112
v 103.682098 898.836426 1233.142334 0 133 112
v 91.284698 890.794128 1233.356323 0 133 112
v 91.362999 890.604980 1233.142334 0 133 112
v 91.362999 890.604980 1233.142334 0 133 112
v 103.682098 898.836426 1233.142334 0 133 112
v 103.537399 898.981079 1233.356323 0 133 112
v 91.202499 890.992615 1233.560791 0 133 112
v 91.284698 890.794128 1233.356323 0 133 112
v 91.284698 890.794128 1233.356323 0 133 112
v 103.537399 898.981079 1233.356323 0 133 112
v 103.385597 899.132874 1233.560791 0 133 112
v 91.116798 891.199585 1233.755127 0 133 112
v 91.202499 890.992615 1233.560791 0 133 112
v 91.202499 890.992615 1233.560791 0 133 112
v 103.385597 899.132874 1233.560791 0 133 112
v 103.227097 899.291382 1233.755127 0 133 112
v 91.027603 891.414673 1233.938599 0 133 112
v 91.116798 891.199585 1233.755127 0 133 112
v 91.116798 891.199585 1233.755127 0 133 112
v 103.227097 899.291382 1233.755127 0 133 112
v 103.062401 899.456116 1233.938599 0 133 112
v 90.935402 891.637512 1234.110840 0 133 112
v 91.027603 891.414673 1233.938599 0 133 112
v 91.027603 891.414673 1233.938599 0 133 112
v 103.062401 899.456116 1233.938599 0 133 112
v 102.891998 899.626526 1234.110840 0 133 112
v 90.840202 891.867188 1234.271729 0 133 112
v 90.935402 891.637512 1234.110840 0 133 112
v 90.935402 891.637512 1234.110840 0 133 112
v 102.891998 899.626526 1234.110840 0 133 112
v 102.716003 899.802429 1234.271729 0 133 112
v 90.742203 892.103821 1234.420898 0 133 112
v 90.840202 891.867188 1234.271729 0 133 112
v 90.840202 891.867188 1234.271729 0 133 112
v 102.716003 899.802429 1234.271729 0 133 112
v 102.535004 899.983521 1234.420898 0 133 112
v 90.641701 892.346619 1234.558105 0 133 112
v 90.742203 892.103821 1234.420898 0 133 112
v 90.742203 892.103821 1234.420898 0 133 112
v 102.535004 899.983521 1234.420898 0 133 112
v 102.349197 900.169312 1234.558105 0 133 112
v 90.538696 892.595093 1234.683105 0 133 112
v 90.641701 892.346619 1234.558105 0 133 112
v 90.641701 892.346619 1234.558105 0 133 112
v 102.349197 900.169312 1234.558105 0 133 112
v 102.158897 900.359497 1234.683105 0 133 112
v 90.403702 892.921021 1234.834229 0 133 112
v 90.538696 892.595093 1234.683105 0 133 112
v 90.538696 892.595093 1234.683105 0 133 112
v 102.158897 900.359497 1234.683105 0 133 112
v 101.909599 900.608887 1234.834229 0 133 112
v 90.288300 893.199524 1234.980591 0 133 112
v 90.403702 892.921021 1234.834229 0 133 112
v 90.403702 892.921021 1234.834229 0 133 112
v 101.909599 900.608887 1234.834229 0 133 112
v 101.696404 900.822083 1234.980591 0 133 112
v 90.186600 893.445313 1235.131592 0 133 112
v 90.288300 893.199524 1234.980591 0 133 112
v 90.288300 893.199524 1234.980591 0 133 112
v 101.696404 900.822083 1234.980591 0 133 112
v 101.508301 901.010071 1235.131592 0 133 112
v 90.092400 893.672485 1235.296387 0 133 112
v 90.186600 893.445313 1235.131592 0 133 112
v 90.186600 893.445313 1235.131592 0 133 112
v 101.508301 901.010071 1235.131592 0 133 112
v 101.334297 901.184082 1235.296387 0 133 112
v 89.999901 893.895874 1235.484863 0 133 112
v 90.092400 893.672485 1235.296387 0 133 112
v 90.092400 893.672485 1235.296387 0 133 112
v 101.334297 901.184082 1235.296387 0 133 112
v 101.163300 901.355103 1235.484863 0 133 112
v 89.903000 894.129822 1235.705566 0 133 112
v 89.999901 893.895874 1235.484863 0 133 112
v 89.999901 893.895874 1235.484863 0 133 112
v 101.163300 901.355103 1235.484863 0 133 112
v 100.984398 901.534119 1235.705566 0 133 112
v 89.795799 894.388489 1235.968506 0 133 112
v 89.903000 894.129822 1235.705566 0 133 112
v 89.903000 894.129822 1235.705566 0 133 112
v 100.984398 901.534119 1235.705566 0 133 112
v 100.786301 901.732117 1235.968506 0 133 112
v 89.684601 894.656982 1236.262695 0 133 112
v 89.795799 894.388489 1235.968506 0 133 112
v 89.795799 894.388489 1235.968506 0 133 112
v 100.786301 901.732117 1235.968506 0 133 112
v 100.580902 901.937622 1236.262695 0 133 112
v 89.579903 894.909912 1236.571777 0 133 112
v 89.684601 894.656982 1236.262695 0 133 112
v 89.684601 894.656982 1236.262695 0 133 112
v 100.580902 901.937622 1236.262695 0 133 112
v 100.387299 902.131226 1236.571777 0 133 112
v 89.481796 895.146912 1236.894775 0 133 112
v 89.579903 894.909912 1236.571777 0 133 112
v 89.579903 894.909912 1236.571777 0 133 112
v 100.387299 902.131226 1236.571777 0 133 112
v 100.206001 902.312500 1236.894775 0 133 112
v 89.390404 895.367188 1237.230957 0 133 112
v 89.481796 895.146912 1236.894775 0 133 112
v 89.481796 895.146912 1236.894775 0 133 112
v 100.206001 902.312500 1236.894775 0 133 112
v 100.037300 902.481201 1237.230957 0 133 112
v 89.306198 895.570679 1237.579590 0 133 112
v 89.390404 895.367188 1237.230957 0 133 112
v 89.390404 895.367188 1237.230957 0 133 112
v 100.037300 902.481201 1237.230957 0 133 112
v 99.881599 902.636902 1237.579590 0 133 112
v 89.229202 895.756714 1237.940186 0 133 112
v 89.306198 895.570679 1237.579590 0 133 112
v 89.306198 895.570679 1237.579590 0 133 112
v 99.881599 902.636902 1237.579590 0 133 112
v 99.739304 902.779175 1237.940186 0 133 112
v 89.159500 895.924683 1238.311646 0 133 112
v 89.229202 895.756714 1237.940186 0 133 112
v 89.229202 895.756714 1237.940186 0 133 112
v 99.739304 902.779175 1237.940186 0 133 112
v 99.610703 902.907776 1238.311646 0 133 112
v 89.097702 896.073914 1238.692383 0 133 112
v 89.159500 895.924683 1238.311646 0 133 112
v 89.159500 895.924683 1238.311646 0 133 112
v 99.610703 902.907776 1238.311646 0 133 112
v 99.496399 903.021973 1238.692383 0 133 112
v 89.043999 896.203674 1239.080566 0 133 112
v 89.097702 896.073914 1238.692383 0 133 112
v 89.097702 896.073914 1238.692383 0 133 112
v 99.496399 903.021973 1238.692383 0 133 112
v 99.397102 903.121399 1239.080566 0 133 112
v 88.998398 896.313782 1239.475342 0 133 112
v 89.043999 896.203674 1239.080566 0 133 112
v 89.043999 896.203674 1239.080566 0 133 112
v 99.397102 903.121399 1239.080566 0 133 112
v 99.312698 903.205688 1239.475342 0 133 112
v 88.960899 896.404175 1239.875732 0 133 112
v 88.998398 896.313782 1239.475342 0 133 112
v 88.998398 896.313782 1239.475342 0 133 112
v 99.312698 903.205688 1239.475342 0 133 112
v 99.243698 903.274780 1239.875732 0 133 112
v 88.931801 896.474487 1240.281250 0 133 112
v 88.960899 896.404175 1239.875732 0 133 112
v 88.960899 896.404175 1239.875732 0 133 112
v 99.243698 903.274780 1239.875732 0 133 112
v 99.189796 903.328613 1240.281250 0 133 112
v 88.911102 896.524475 1240.690430 0 133 112
v 88.931801 896.474487 1240.281250 0 133 112
v 88.931801 896.474487 1240.281250 0 133 112
v 99.189796 903.328613 1240.281250 0 133 112
v 99.151604 903.366882 1240.690430 0 133 112
v 99.128799 903.389587 1241.102783 0 133 112
v 88.898804 896.554077 1241.102783 0 133 112
v 88.911102 896.524475 1240.690430 0 133 112
v 88.911102 896.524475 1240.690430 0 133 112
v 99.151604 903.366882 1240.690430 0 133 112
v 99.128799 903.389587 1241.102783 0 133 112
v 101.868301 900.650085 1244.853027 0 133 112
v 99.128799 903.389587 1241.102783 0 133 112
v 99.128799 903.389587 1241.102783 0 133 112
v 109.543602 912.137024 1244.853027 0 133 112
v 104.254601 898.263794 1248.998291 0 133 112
v 101.868301 900.650085 1244.853027 0 133 112
v 101.868301 900.650085 1244.853027 0 133 112
v 109.543602 912.137024 1244.853027 0 133 112
v 112.661499 910.845520 1248.998291 0 133 112
v 106.270599 896.247925 1253.488525 0 133 112
v 104.254601 898.263794 1248.998291 0 133 112
v 104.254601 898.263794 1248.998291 0 133 112
v 112.661499 910.845520 1248.998291 0 133 112
v 115.295502 909.754517 1253.488525 0 133 112
v 107.899101 894.619385 1258.273682 0 133 112
v 106.270599 896.247925 1253.488525 0 133 112
v 106.270599 896.247925 1253.488525 0 133 112
v 115.295502 909.754517 1253.488525 0 133 112
v 117.423203 908.873230 1258.273682 0 133 112
v 109.123001 893.395386 1263.302979 0 133 112
v 107.899101 894.619385 1258.273682 0 133 112
v 107.899101 894.619385 1258.273682 0 133 112
v 117.423203 908.873230 1258.273682 0 133 112
v 119.022400 908.210815 1263.302979 0 133 112
v 109.925301 892.593079 1268.526611 0 133 112
v 109.123001 893.395386 1263.302979 0 133 112
v 109.123001 893.395386 1263.302979 0 133 112
v 119.022400 908.210815 1263.302979 0 133 112
v 120.070602 907.776611 1268.526611 0 133 112
v 110.288803 892.229675 1273.893921 0 133 112
v 109.925301 892.593079 1268.526611 0 133 112
v 109.925301 892.593079 1268.526611 0 133 112
v 120.070602 907.776611 1268.526611 0 133 112
v 120.545502 907.579895 1273.893921 0 133 112
v 110.199799 892.318726 1279.284424 0 133 112
v 110.288803 892.229675 1273.893921 0 133 112
v 110.288803 892.229675 1273.893921 0 133 112
v 120.545502 907.579895 1273.893921 0 133 112
v 120.429298 907.627991 1279.284424 0 133 112
v 109.665802 892.852600 1284.576172 0 133 112
v 110.199799 892.318726 1279.284424 0 133 112
v 110.199799 892.318726 1279.284424 0 133 112
v 120.429298 907.627991 1279.284424 0 133 112
v 119.731598 907.916992 1284.576172 0 133 112
v 108.701401 893.817017 1289.717285 0 133 112
v 109.665802 892.852600 1284.576172 0 133 112
v 109.665802 892.852600 1284.576172 0 133 112
v 119.731598 907.916992 1284.576172 0 133 112
v 118.471497 908.438904 1289.717285 0 133 112
v 107.320999 895.197388 1294.655762 0 133 112
v 108.701401 893.817017 1289.717285 0 133 112
v 108.701401 893.817017 1289.717285 0 133 112
v 118.471497 908.438904 1289.717285 0 133 112
v 116.667999 909.185974 1294.655762 0 133 112
v 105.539200 896.979187 1299.339844 0 133 112
v 107.320999 895.197388 1294.655762 0 133 112
v 107.320999 895.197388 1294.655762 0 133 112
v 116.667999 909.185974 1294.655762 0 133 112
v 114.339798 910.150330 1299.339844 0 133 112
v 103.370399 899.148071 1303.717773 0 133 112
v 105.539200 896.979187 1299.339844 0 133 112
v 105.539200 896.979187 1299.339844 0 133 112
v 114.339798 910.150330 1299.339844 0 133 112
v 111.506203 911.324097 1303.717773 0 133 112
v 100.829201 901.689270 1307.737305 0 133 112
v 103.370399 899.148071 1303.717773 0 133 112
v 103.370399 899.148071 1303.717773 0 133 112
v 111.506203 911.324097 1303.717773 0 133 112
v 108.185898 912.699402 1307.737305 0 133 112
v 97.968903 904.549500 1311.302612 0 133 112
v 100.829201 901.689270 1307.737305 0 133 112
v 100.829201 901.689270 1307.737305 0 133 112
v 108.185898 912.699402 1307.737305 0 133 112
v 104.448898 914.247314 1311.302612 0 133 112
v 94.858002 907.660400 1314.338501 0 133 112
v 97.968903 904.549500 1311.302612 0 133 112
v 97.968903 904.549500 1311.302612 0 133 112
v 104.448898 914.247314 1311.302612 0 133 112
v 100.384300 915.930908 1314.338501 0 133 112
v 91.533302 910.985229 1316.825195 0 133 112
v 94.858002 907.660400 1314.338501 0 133 112
v 94.858002 907.660400 1314.338501 0 133 112
v 100.384300 915.930908 1314.338501 0 133 112
v 96.040199 917.730286 1316.825195 0 133 112
v 88.031403 914.487000 1318.742188 0 133 112
v 91.533302 910.985229 1316.825195 0 133 112
v 91.533302 910.985229 1316.825195 0 133 112
v 96.040199 917.730286 1316.825195 0 133 112
v 91.464897 919.625427 1318.742188 0 133 112
v 84.389297 918.129028 1320.069336 0 133 112
v 88.031403 914.487000 1318.742188 0 133 112
v 88.031403 914.487000 1318.742188 0 133 112
v 91.464897 919.625427 1318.742188 0 133 112
v 86.706299 921.596497 1320.069336 0 133 112
v 80.643898 921.874573 1320.786987 0 133 112
v 84.389297 918.129028 1320.069336 0 133 112
v 84.389297 918.129028 1320.069336 0 133 112
v 86.706299 921.596497 1320.069336 0 133 112
v 81.812599 923.623596 1320.786987 0 133 112
v 76.831703 925.686707 1320.874634 0 133 112
v 76.831703 925.686707 1320.874634 0 133 112
v 80.643898 921.874573 1320.786987 0 133 112
v 80.643898 921.874573 1320.786987 0 133 112
v 81.812599 923.623596 1320.786987 0 133 112
v 76.831703 925.686707 1320.874634 0 133 112
v 76.718697 925.799927 0.000000 0 133 112
v 76.831703 925.686707 1320.874634 0 133 112
v 76.831703 925.686707 1320.874634 0 133 112
v 76.831703 925.686707 1320.874634 0 133 112
v 76.683998 925.747986 0.000000 0 133 112
v 104.815002 897.703613 0.000000 0 133 112
v 76.718697 925.799927 0.000000 0 133 112
v 76.718697 925.799927 0.000000 0 133 112
v 76.683998 925.747986 0.000000 0 133 112
v 113.393600 910.542419 0.000000 0 133 112
v 104.813904 897.704590 1230.105469 0 133 112
v 104.815002 897.703613 0.000000 0 133 112
v 104.815002 897.703613 0.000000 0 133 112
v 113.393600 910.542419 0.000000 0 133 112
v 113.392197 910.542786 1230.105469 0 133 112
v 104.769699 897.748779 1230.390137 0 133 112
v 104.813904 897.704590 1230.105469 0 133 112
v 104.813904 897.704590 1230.105469 0 133 112
v 113.392197 910.542786 1230.105469 0 133 112
v 113.334396 910.566772 1230.390137 0 133 112
v 104.713402 897.805115 1230.661865 0 133 112
v 104.769699 897.748779 1230.390137 0 133 112
v 104.769699 897.748779 1230.390137 0 133 112
v 113.334396 910.566772 1230.390137 0 133 112
v 113.260902 910.597229 1230.661865 0 133 112
v 104.646301 897.872070 1230.924072 0 133 112
v 104.713402 897.805115 1230.661865 0 133 112
v 104.713402 897.805115 1230.661865 0 133 112
v 113.260902 910.597229 1230.661865 0 133 112
v 113.173203 910.633484 1230.924072 0 133 112
v 104.569504 897.948975 1231.180176 0 133 112
v 104.646301 897.872070 1230.924072 0 133 112
v 104.646301 897.872070 1230.924072 0 133 112
v 113.173203 910.633484 1230.924072 0 133 112
v 113.072800 910.675171 1231.180176 0 133 112
v 104.484001 898.034424 1231.433105 0 133 112
v 104.569504 897.948975 1231.180176 0 133 112
v 104.569504 897.948975 1231.180176 0 133 112
v 113.072800 910.675171 1231.180176 0 133 112
v 112.961197 910.721375 1231.433105 0 133 112
v 104.391197 898.127319 1231.686279 0 133 112
v 104.484001 898.034424 1231.433105 0 133 112
v 104.484001 898.034424 1231.433105 0 133 112
v 112.961197 910.721375 1231.433105 0 133 112
v 112.839897 910.771729 1231.686279 0 133 112
v 104.292000 898.226379 1231.942993 0 133 112
v 104.391197 898.127319 1231.686279 0 133 112
v 104.391197 898.127319 1231.686279 0 133 112
v 112.839897 910.771729 1231.686279 0 133 112
v 112.710297 910.825317 1231.942993 0 133 112
v 104.185898 898.332581 1232.198730 0 133 112
v 104.292000 898.226379 1231.942993 0 133 112
v 104.292000 898.226379 1231.942993 0 133 112
v 112.710297 910.825317 1231.942993 0 133 112
v 112.571701 910.882813 1232.198730 0 133 112
v 104.071701 898.446777 1232.447021 0 133 112
v 104.185898 898.332581 1232.198730 0 133 112
v 104.185898 898.332581 1232.198730 0 133 112
v 112.571701 910.882813 1232.198730 0 133 112
v 112.422401 910.944580 1232.447021 0 133 112
v 103.949501 898.568970 1232.687256 0 133 112
v 104.071701 898.446777 1232.447021 0 133 112
v 104.071701 898.446777 1232.447021 0 133 112
v 112.422401 910.944580 1232.447021 0 133 112
v 112.262802 911.010681 1232.687256 0 133 112
v 103.819504 898.698914 1232.919189 0 133 112
v 103.949501 898.568970 1232.687256 0 133 112
v 103.949501 898.568970 1232.687256 0 133 112
v 112.262802 911.010681 1232.687256 0 133 112
v 112.093002 911.080994 1232.919189 0 133 112
v 103.682098 898.836426 1233.142334 0 133 112
v 103.819504 898.698914 1232.919189 0 133 112
v 103.819504 898.698914 1232.919189 0 133 112
v 112.093002 911.080994 1232.919189 0 133 112
v 111.913498 911.155396 1233.142334 0 133 112
v 103.537399 898.981079 1233.356323 0 133 112
v 103.682098 898.836426 1233.142334 0 133 112
v 103.682098 898.836426 1233.142334 0 133 112
v 111.913498 911.155396 1233.142334 0 133 112
v 111.724403 911.233704 1233.356323 0 133 112
v 103.385597 899.132874 1233.560791 0 133 112
v 103.537399 898.981079 1233.356323 0 133 112
v 103.537399 898.981079 1233.356323 0 133 112
v 111.724403 911.233704 1233.356323 0 133 112
v 111.526001 911.315918 1233.560791 0 133 112
v 103.227097 899.291382 1233.755127 0 133 112
v 103.385597 899.132874 1233.560791 0 133 112
v 103.385597 899.132874 1233.560791 0 133 112
v 111.526001 911.315918 1233.560791 0 133 112
v 111.318901 911.401672 1233.755127 0 133 112
v 103.062401 899.456116 1233.938599 0 133 112
v 103.227097 899.291382 1233.755127 0 133 112
v 103.227097 899.291382 1233.755127 0 133 112
v 111.318901 911.401672 1233.755127 0 133 112
v 111.103798 911.490784 1233.938599 0 133 112
v 102.891998 899.626526 1234.110840 0 133 112
v 103.062401 899.456116 1233.938599 0 133 112
v 103.062401 899.456116 1233.938599 0 133 112
v 111.103798 911.490784 1233.938599 0 133 112
v 110.880997 911.583008 1234.110840 0 133 112
v 102.716003 899.802429 1234.271729 0 133 112
v 102.891998 899.626526 1234.110840 0 133 112
v 102.891998 899.626526 1234.110840 0 133 112
v 110.880997 911.583008 1234.110840 0 133 112
v 110.651199 911.678223 1234.271729 0 133 112
v 102.535004 899.983521 1234.420898 0 133 112
v 102.716003 899.802429 1234.271729 0 133 112
v 102.716003 899.802429 1234.271729 0 133 112
v 110.651199 911.678223 1234.271729 0 133 112
v 110.414703 911.776184 1234.420898 0 133 112
v 102.349197 900.169312 1234.558105 0 133 112
v 102.535004 899.983521 1234.420898 0 133 112
v 102.535004 899.983521 1234.420898 0 133 112
v 110.414703 911.776184 1234.420898 0 133 112
v 110.171898 911.876709 1234.558105 0 133 112
v 102.158897 900.359497 1234.683105 0 133 112
v 102.349197 900.169312 1234.558105 0 133 112
v 102.349197 900.169312 1234.558105 0 133 112
v 110.171898 911.876709 1234.558105 0 133 112
v 109.923401 911.979675 1234.683105 0 133 112
v 101.909599 900.608887 1234.834229 0 133 112
v 102.158897 900.359497 1234.683105 0 133 112
v 102.158897 900.359497 1234.683105 0 133 112
v 109.923401 911.979675 1234.683105 0 133 112
v 109.597504 912.114685 1234.834229 0 133 112
v 101.696404 900.822083 1234.980591 0 133 112
v 101.909599 900.608887 1234.834229 0 133 112
v 101.909599 900.608887 1234.834229 0 133 112
v 109.597504 912.114685 1234.834229 0 133 112
v 109.319000 912.229980 1234.980591 0 133 112
v 101.508301 901.010071 1235.131592 0 133 112
v 101.696404 900.822083 1234.980591 0 133 112
v 101.696404 900.822083 1234.980591 0 133 112
v 109.319000 912.229980 1234.980591 0 133 112
v 109.073196 912.331787 1235.131592 0 133 112
v 101.334297 901.184082 1235.296387 0 133 112
v 101.508301 901.010071 1235.131592 0 133 112
v 101.508301 901.010071 1235.131592 0 133 112
v 109.073196 912.331787 1235.131592 0 133 112
v 108.845901 912.426025 1235.296387 0 133 112
v 101.163300 901.355103 1235.484863 0 133 112
v 101.334297 901.184082 1235.296387 0 133 112
v 101.334297 901.184082 1235.296387 0 133 112
v 108.845901 912.426025 1235.296387 0 133 112
v 108.622597 912.518494 1235.484863 0 133 112
v 100.984398 901.534119 1235.705566 0 133 112
v 101.163300 901.355103 1235.484863 0 133 112
v 101.163300 901.355103 1235.484863 0 133 112
v 108.622597 912.518494 1235.484863 0 133 112
v 108.388702 912.615417 1235.705566 0 133 112
v 100.786301 901.732117 1235.968506 0 133 112
v 100.984398 901.534119 1235.705566 0 133 112
v 100.984398 901.534119 1235.705566 0 133 112
v 108.388702 912.615417 1235.705566 0 133 112
v 108.129898 912.722473 1235.968506 0 133 112
v 100.580902 901.937622 1236.262695 0 133 112
v 100.786301 901.732117 1235.968506 0 133 112
v 100.786301 901.732117 1235.968506 0 133 112
v 108.129898 912.722473 1235.968506 0 133 112
v 107.861504 912.833679 1236.262695 0 133 112
v 100.387299 902.131226 1236.571777 0 133 112
v 100.580902 901.937622 1236.262695 0 133 112
v 100.580902 901.937622 1236.262695 0 133 112
v 107.861504 912.833679 1236.262695 0 133 112
v 107.608597 912.938477 1236.571777 0 133 112
v 100.206001 902.312500 1236.894775 0 133 112
v 100.387299 902.131226 1236.571777 0 133 112
v 100.387299 902.131226 1236.571777 0 133 112
v 107.608597 912.938477 1236.571777 0 133 112
v 107.371597 913.036621 1236.894775 0 133 112
v 100.037300 902.481201 1237.230957 0 133 112
v 100.206001 902.312500 1236.894775 0 133 112
v 100.206001 902.312500 1236.894775 0 133 112
v 107.371597 913.036621 1236.894775 0 133 112
v 107.151199 913.127930 1237.230957 0 133 112
v 99.881599 902.636902 1237.579590 0 133 112
v 100.037300 902.481201 1237.230957 0 133 112
v 100.037300 902.481201 1237.230957 0 133 112
v 107.151199 913.127930 1237.230957 0 133 112
v 106.947800 913.212219 1237.579590 0 133 112
v 99.739304 902.779175 1237.940186 0 133 112
v 99.881599 902.636902 1237.579590 0 133 112
v 99.881599 902.636902 1237.579590 0 133 112
v 106.947800 913.212219 1237.579590 0 133 112
v 106.761803 913.289185 1237.940186 0 133 112
v 99.610703 902.907776 1238.311646 0 133 112
v 99.739304 902.779175 1237.940186 0 133 112
v 99.739304 902.779175 1237.940186 0 133 112
v 106.761803 913.289185 1237.940186 0 133 112
v 106.593803 913.358826 1238.311646 0 133 112
v 99.496399 903.021973 1238.692383 0 133 112
v 99.610703 902.907776 1238.311646 0 133 112
v 99.610703 902.907776 1238.311646 0 133 112
v 106.593803 913.358826 1238.311646 0 133 112
v 106.444603 913.420715 1238.692383 0 133 112
v 99.397102 903.121399 1239.080566 0 133 112
v 99.496399 903.021973 1238.692383 0 133 112
v 99.496399 903.021973 1238.692383 0 133 112
v 106.444603 913.420715 1238.692383 0 133 112
v 106.314796 913.474426 1239.080566 0 133 112
v 99.312698 903.205688 1239.475342 0 133 112
v 99.397102 903.121399 1239.080566 0 133 112
v 99.397102 903.121399 1239.080566 0 133 112
v 106.314796 913.474426 1239.080566 0 133 112
v 106.204697 913.520020 1239.475342 0 133 112
v 99.243698 903.274780 1239.875732 0 133 112
v 99.312698 903.205688 1239.475342 0 133 112
v 99.312698 903.205688 1239.475342 0 133 112
v 106.204697 913.520020 1239.475342 0 133 112
v 106.114304 913.557373 1239.875732 0 133 112
v 99.189796 903.328613 1240.281250 0 133 112
v 99.243698 903.274780 1239.875732 0 133 112
v 99.243698 903.274780 1239.875732 0 133 112
v 106.114304 913.557373 1239.875732 0 133 112
v 106.043999 913.586487 1240.281250 0 133 112
v 99.151604 903.366882 1240.690430 0 133 112
v 99.189796 903.328613 1240.281250 0 133 112
v 99.189796 903.328613 1240.281250 0 133 112
v 106.043999 913.586487 1240.281250 0 133 112
v 105.994003 913.607300 1240.690430 0 133 112
v 105.964401 913.619629 1241.102783 0 133 112
v 99.128799 903.389587 1241.102783 0 133 112
v 99.151604 903.366882 1240.690430 0 133 112
v 99.151604 903.366882 1240.690430 0 133 112
v 105.994003 913.607300 1240.690430 0 133 112
v 105.964401 913.619629 1241.102783 0 133 112
v 112.238899 925.686707 1244.853027 0 133 112
v 109.543602 912.137024 1244.853027 0 133 112
v 105.964401 913.619629 1241.102783 0 133 112
v 105.964401 913.619629 1241.102783 0 133 112
v 108.364700 925.686707 1241.102783 0 133 112
v 112.238899 925.686707 1244.853027 0 133 112
v 115.613602 925.686707 1248.998291 0 133 112
v 112.661499 910.845520 1248.998291 0 133 112
v 109.543602 912.137024 1244.853027 0 133 112
v 109.543602 912.137024 1244.853027 0 133 112
v 112.238899 925.686707 1244.853027 0 133 112
v 115.613602 925.686707 1248.998291 0 133 112
v 118.464600 925.686707 1253.488525 0 133 112
v 115.295502 909.754517 1253.488525 0 133 112
v 112.661499 910.845520 1248.998291 0 133 112
v 112.661499 910.845520 1248.998291 0 133 112
v 115.613602 925.686707 1248.998291 0 133 112
v 118.464600 925.686707 1253.488525 0 133 112
v 120.767700 925.686707 1258.273682 0 133 112
v 117.423203 908.873230 1258.273682 0 133 112
v 115.295502 909.754517 1253.488525 0 133 112
v 115.295502 909.754517 1253.488525 0 133 112
v 118.464600 925.686707 1253.488525 0 133 112
v 120.767700 925.686707 1258.273682 0 133 112
v 122.498596 925.686707 1263.302979 0 133 112
v 119.022400 908.210815 1263.302979 0 133 112
v 117.423203 908.873230 1258.273682 0 133 112
v 117.423203 908.873230 1258.273682 0 133 112
v 120.767700 925.686707 1258.273682 0 133 112
v 122.498596 925.686707 1263.302979 0 133 112
v 123.633202 925.686707 1268.526611 0 133 112
v 120.070602 907.776611 1268.526611 0 133 112
v 119.022400 908.210815 1263.302979 0 133 112
v 119.022400 908.210815 1263.302979 0 133 112
v 122.498596 925.686707 1263.302979 0 133 112
v 123.633202 925.686707 1268.526611 0 133 112
v 124.147202 925.686707 1273.893921 0 133 112
v 120.545502 907.579895 1273.893921 0 133 112
v 120.070602 907.776611 1268.526611 0 133 112
v 120.070602 907.776611 1268.526611 0 133 112
v 123.633202 925.686707 1268.526611 0 133 112
v 124.147202 925.686707 1273.893921 0 133 112
v 124.021400 925.686707 1279.284424 0 133 112
v 120.429298 907.627991 1279.284424 0 133 112
v 120.545502 907.579895 1273.893921 0 133 112
v 120.545502 907.579895 1273.893921 0 133 112
v 124.147202 925.686707 1273.893921 0 133 112
v 124.021400 925.686707 1279.284424 0 133 112
v 123.266197 925.686707 1284.576172 0 133 112
v 119.731598 907.916992 1284.576172 0 133 112
v 120.429298 907.627991 1279.284424 0 133 112
v 120.429298 907.627991 1279.284424 0 133 112
v 124.021400 925.686707 1279.284424 0 133 112
v 123.266197 925.686707 1284.576172 0 133 112
v 121.902298 925.686707 1289.717285 0 133 112
v 118.471497 908.438904 1289.717285 0 133 112
v 119.731598 907.916992 1284.576172 0 133 112
v 119.731598 907.916992 1284.576172 0 133 112
v 123.266197 925.686707 1284.576172 0 133 112
v 121.902298 925.686707 1289.717285 0 133 112
v 119.950203 925.686707 1294.655762 0 133 112
v 116.667999 909.185974 1294.655762 0 133 112
v 118.471497 908.438904 1289.717285 0 133 112
v 118.471497 908.438904 1289.717285 0 133 112
v 121.902298 925.686707 1289.717285 0 133 112
v 119.950203 925.686707 1294.655762 0 133 112
v 117.430298 925.686707 1299.339844 0 133 112
v 114.339798 910.150330 1299.339844 0 133 112
v 116.667999 909.185974 1294.655762 0 133 112
v 116.667999 909.185974 1294.655762 0 133 112
v 119.950203 925.686707 1294.655762 0 133 112
v 117.430298 925.686707 1299.339844 0 133 112
v 114.363098 925.686707 1303.717773 0 133 112
v 111.506203 911.324097 1303.717773 0 133 112
v 114.339798 910.150330 1299.339844 0 133 112
v 114.339798 910.150330 1299.339844 0 133 112
v 117.430298 925.686707 1299.339844 0 133 112
v 114.363098 925.686707 1303.717773 0 133 112
v 110.769302 925.686707 1307.737305 0 133 112
v 108.185898 912.699402 1307.737305 0 133 112
v 111.506203 911.324097 1303.717773 0 133 112
v 111.506203 911.324097 1303.717773 0 133 112
v 114.363098 925.686707 1303.717773 0 133 112
v 110.769302 925.686707 1307.737305 0 133 112
v 106.724297 925.686707 1311.302612 0 133 112
v 104.448898 914.247314 1311.302612 0 133 112
v 108.185898 912.699402 1307.737305 0 133 112
v 108.185898 912.699402 1307.737305 0 133 112
v 110.769302 925.686707 1307.737305 0 133 112
v 106.724297 925.686707 1311.302612 0 133 112
v 102.324799 925.686707 1314.338501 0 133 112
v 100.384300 915.930908 1314.338501 0 133 112
v 104.448898 914.247314 1311.302612 0 133 112
v 104.448898 914.247314 1311.302612 0 133 112
v 106.724297 925.686707 1311.302612 0 133 112
v 102.324799 925.686707 1314.338501 0 133 112
v 97.622902 925.686707 1316.825195 0 133 112
v 96.040199 917.730286 1316.825195 0 133 112
v 100.384300 915.930908 1314.338501 0 133 112
v 100.384300 915.930908 1314.338501 0 133 112
v 102.324799 925.686707 1314.338501 0 133 112
v 97.622902 925.686707 1316.825195 0 133 112
v 92.670601 925.686707 1318.742188 0 133 112
v 91.464897 919.625427 1318.742188 0 133 112
v 96.040199 917.730286 1316.825195 0 133 112
v 96.040199 917.730286 1316.825195 0 133 112
v 97.622902 925.686707 1316.825195 0 133 112
v 92.670601 925.686707 1318.742188 0 133 112
v 87.519997 925.686707 1320.069336 0 133 112
v 86.706299 921.596497 1320.069336 0 133 112
v 91.464897 919.625427 1318.742188 0 133 112
v 91.464897 919.625427 1318.742188 0 133 112
v 92.670601 925.686707 1318.742188 0 133 112
v 87.519997 925.686707 1320.069336 0 133 112
v 82.223000 925.686707 1320.786987 0 133 112
v 81.812599 923.623596 1320.786987 0 133 112
v 86.706299 921.596497 1320.069336 0 133 112
v 86.706299 921.596497 1320.069336 0 133 112
v 87.519997 925.686707 1320.069336 0 133 112
v 82.223000 925.686707 1320.786987 0 133 112
v 76.831802 925.686707 1320.874634 0 133 112
v 76.831703 925.686707 1320.874634 0 133 112
v 81.812599 923.623596 1320.786987 0 133 112
v 81.812599 923.623596 1320.786987 0 133 112
v 82.223000 925.686707 1320.786987 0 133 112
v 76.831802 925.686707 1320.874634 0 133 112
v 76.671799 925.686829 0.000000 0 133 112
v 76.683998 925.747986 0.000000 0 133 112
v 76.831703 925.686707 1320.874634 0 133 112
v 76.831703 925.686707 1320.874634 0 133 112
v 76.831802 925.686707 1320.874634 0 133 112
v 76.671799 925.686829 0.000000 0 133 112
v 116.405899 925.686829 0.000000 0 133 112
v 113.393600 910.542419 0.000000 0 133 112
v 76.683998 925.747986 0.000000 0 133 112
v 76.683998 925.747986 0.000000 0 133 112
v 76.671799 925.686829 0.000000 0 133 112
v 116.405899 925.686829 0.000000 0 133 112
v 116.404503 925.686707 1230.105469 0 133 112
v 113.392197 910.542786 1230.105469 0 133 112
v 113.393600 910.542419 0.000000 0 133 112
v 113.393600 910.542419 0.000000 0 133 112
v 116.405899 925.686829 0.000000 0 133 112
v 116.404503 925.686707 1230.105469 0 133 112
v 116.342003 925.686707 1230.390137 0 133 112
v 113.334396 910.566772 1230.390137 0 133 112
v 113.392197 910.542786 1230.105469 0 133 112
v 113.392197 910.542786 1230.105469 0 133 112
v 116.404503 925.686707 1230.105469 0 133 112
v 116.342003 925.686707 1230.390137 0 133 112
v 116.262497 925.686707 1230.661865 0 133 112
v 113.260902 910.597229 1230.661865 0 133 112
v 113.334396 910.566772 1230.390137 0 133 112
v 113.334396 910.566772 1230.390137 0 133 112
v 116.342003 925.686707 1230.390137 0 133 112
v 116.262497 925.686707 1230.661865 0 133 112
v 116.167503 925.686707 1230.924072 0 133 112
v 113.173203 910.633484 1230.924072 0 133 112
v 113.260902 910.597229 1230.661865 0 133 112
v 113.260902 910.597229 1230.661865 0 133 112
v 116.262497 925.686707 1230.661865 0 133 112
v 116.167503 925.686707 1230.924072 0 133 112
v 116.058800 925.686707 1231.180176 0 133 112
v 113.072800 910.675171 1231.180176 0 133 112
v 113.173203 910.633484 1230.924072 0 133 112
v 113.173203 910.633484 1230.924072 0 133 112
v 116.167503 925.686707 1230.924072 0 133 112
v 116.058800 925.686707 1231.180176 0 133 112
v 115.938004 925.686707 1231.433105 0 133 112
v 112.961197 910.721375 1231.433105 0 133 112
v 113.072800 910.675171 1231.180176 0 133 112
v 113.072800 910.675171 1231.180176 0 133 112
v 116.058800 925.686707 1231.180176 0 133 112
v 115.938004 925.686707 1231.433105 0 133 112
v 115.806702 925.686707 1231.686279 0 133 112
v 112.839897 910.771729 1231.686279 0 133 112
v 112.961197 910.721375 1231.433105 0 133 112
v 112.961197 910.721375 1231.433105 0 133 112
v 115.938004 925.686707 1231.433105 0 133 112
v 115.806702 925.686707 1231.686279 0 133 112
v 115.666397 925.686707 1231.942993 0 133 112
v 112.710297 910.825317 1231.942993 0 133 112
v 112.839897 910.771729 1231.686279 0 133 112
v 112.839897 910.771729 1231.686279 0 133 112
v 115.806702 925.686707 1231.686279 0 133 112
v 115.666397 925.686707 1231.942993 0 133 112
v 115.516403 925.686707 1232.198730 0 133 112
v 112.571701 910.882813 1232.198730 0 133 112
v 112.710297 910.825317 1231.942993 0 133 112
v 112.710297 910.825317 1231.942993 0 133 112
v 115.666397 925.686707 1231.942993 0 133 112
v 115.516403 925.686707 1232.198730 0 133 112
v 115.354897 925.686707 1232.447021 0 133 112
v 112.422401 910.944580 1232.447021 0 133 112
v 112.571701 910.882813 1232.198730 0 133 112
v 112.571701 910.882813 1232.198730 0 133 112
v 115.516403 925.686707 1232.198730 0 133 112
v 115.354897 925.686707 1232.447021 0 133 112
v 115.182098 925.686707 1232.687256 0 133 112
v 112.262802 911.010681 1232.687256 0 133 112
v 112.422401 910.944580 1232.447021 0 133 112
v 112.422401 910.944580 1232.447021 0 133 112
v 115.354897 925.686707 1232.447021 0 133 112
v 115.182098 925.686707 1232.687256 0 133 112
v 114.998398 925.686707 1232.919189 0 133 112
v 112.093002 911.080994 1232.919189 0 133 112
v 112.262802 911.010681 1232.687256 0 133 112
v 112.262802 911.010681 1232.687256 0 133 112
v 115.182098 925.686707 1232.687256 0 133 112
v 114.998398 925.686707 1232.919189 0 133 112
v 114.804001 925.686707 1233.142334 0 133 112
v 111.913498 911.155396 1233.142334 0 133 112
v 112.093002 911.080994 1232.919189 0 133 112
v 112.093002 911.080994 1232.919189 0 133 112
v 114.998398 925.686707 1232.919189 0 133 112
v 114.804001 925.686707 1233.142334 0 133 112
v 114.599297 925.686707 1233.356323 0 133 112
v 111.724403 911.233704 1233.356323 0 133 112
v 111.913498 911.155396 1233.142334 0 133 112
v 111.913498 911.155396 1233.142334 0 133 112
v 114.804001 925.686707 1233.142334 0 133 112
v 114.599297 925.686707 1233.356323 0 133 112
v 114.384499 925.686707 1233.560791 0 133 112
v 111.526001 911.315918 1233.560791 0 133 112
v 111.724403 911.233704 1233.356323 0 133 112
v 111.724403 911.233704 1233.356323 0 133 112
v 114.599297 925.686707 1233.356323 0 133 112
v 114.384499 925.686707 1233.560791 0 133 112
v 114.160400 925.686707 1233.755127 0 133 112
v 111.318901 911.401672 1233.755127 0 133 112
v 111.526001 911.315918 1233.560791 0 133 112
v 111.526001 911.315918 1233.560791 0 133 112
v 114.384499 925.686707 1233.560791 0 133 112
v 114.160400 925.686707 1233.755127 0 133 112
v 113.927597 925.686707 1233.938599 0 133 112
v 111.103798 911.490784 1233.938599 0 133 112
v 111.318901 911.401672 1233.755127 0 133 112
v 111.318901 911.401672 1233.755127 0 133 112
v 114.160400 925.686707 1233.755127 0 133 112
v 113.927597 925.686707 1233.938599 0 133 112
v 113.686501 925.686707 1234.110840 0 133 112
v 110.880997 911.583008 1234.110840 0 133 112
v 111.103798 911.490784 1233.938599 0 133 112
v 111.103798 911.490784 1233.938599 0 133 112
v 113.927597 925.686707 1233.938599 0 133 112
v 113.686501 925.686707 1234.110840 0 133 112
v 113.437698 925.686707 1234.271729 0 133 112
v 110.651199 911.678223 1234.271729 0 133 112
v 110.880997 911.583008 1234.110840 0 133 112
v 110.880997 911.583008 1234.110840 0 133 112
v 113.686501 925.686707 1234.110840 0 133 112
v 113.437698 925.686707 1234.271729 0 133 112
v 113.181702 925.686707 1234.420898 0 133 112
v 110.414703 911.776184 1234.420898 0 133 112
v 110.651199 911.678223 1234.271729 0 133 112
v 110.651199 911.678223 1234.271729 0 133 112
v 113.437698 925.686707 1234.271729 0 133 112
v 113.181702 925.686707 1234.420898 0 133 112
v 112.918900 925.686707 1234.558105 0 133 112
v 110.171898 911.876709 1234.558105 0 133 112
v 110.414703 911.776184 1234.420898 0 133 112
v 110.414703 911.776184 1234.420898 0 133 112
v 113.181702 925.686707 1234.420898 0 133 112
v 112.918900 925.686707 1234.558105 0 133 112
v 112.649902 925.686707 1234.683105 0 133 112
v 109.923401 911.979675 1234.683105 0 133 112
v 110.171898 911.876709 1234.558105 0 133 112
v 110.171898 911.876709 1234.558105 0 133 112
v 112.918900 925.686707 1234.558105 0 133 112
v 112.649902 925.686707 1234.683105 0 133 112
v 112.297203 925.686707 1234.834229 0 133 112
v 109.597504 912.114685 1234.834229 0 133 112
v 109.923401 911.979675 1234.683105 0 133 112
v 109.923401 911.979675 1234.683105 0 133 112
v 112.649902 925.686707 1234.683105 0 133 112
v 112.297203 925.686707 1234.834229 0 133 112
v 111.995697 925.686707 1234.980591 0 133 112
v 109.319000 912.229980 1234.980591 0 133 112
v 109.597504 912.114685 1234.834229 0 133 112
v 109.597504 912.114685 1234.834229 0 133 112
v 112.297203 925.686707 1234.834229 0 133 112
v 111.995697 925.686707 1234.980591 0 133 112
v 111.729698 925.686707 1235.131592 0 133 112
v 109.073196 912.331787 1235.131592 0 133 112
v 109.319000 912.229980 1234.980591 0 133 112
v 109.319000 912.229980 1234.980591 0 133 112
v 111.995697 925.686707 1234.980591 0 133 112
v 111.729698 925.686707 1235.131592 0 133 112
v 111.483704 925.686707 1235.296387 0 133 112
v 108.845901 912.426025 1235.296387 0 133 112
v 109.073196 912.331787 1235.131592 0 133 112
v 109.073196 912.331787 1235.131592 0 133 112
v 111.729698 925.686707 1235.131592 0 133 112
v 111.483704 925.686707 1235.296387 0 133 112
v 111.241898 925.686707 1235.484863 0 133 112
v 108.622597 912.518494 1235.484863 0 133 112
v 108.845901 912.426025 1235.296387 0 133 112
v 108.845901 912.426025 1235.296387 0 133 112
v 111.483704 925.686707 1235.296387 0 133 112
v 111.241898 925.686707 1235.484863 0 133 112
v 110.988800 925.686707 1235.705566 0 133 112
v 108.388702 912.615417 1235.705566 0 133 112
v 108.622597 912.518494 1235.484863 0 133 112
v 108.622597 912.518494 1235.484863 0 133 112
v 111.241898 925.686707 1235.484863 0 133 112
v 110.988800 925.686707 1235.705566 0 133 112
v 110.708702 925.686707 1235.968506 0 133 112
v 108.129898 912.722473 1235.968506 0 133 112
v 108.388702 912.615417 1235.705566 0 133 112
v 108.388702 912.615417 1235.705566 0 133 112
v 110.988800 925.686707 1235.705566 0 133 112
v 110.708702 925.686707 1235.968506 0 133 112
v 110.418198 925.686707 1236.262695 0 133 112
v 107.861504 912.833679 1236.262695 0 133 112
v 108.129898 912.722473 1235.968506 0 133 112
v 108.129898 912.722473 1235.968506 0 133 112
v 110.708702 925.686707 1235.968506 0 133 112
v 110.418198 925.686707 1236.262695 0 133 112
v 110.144302 925.686707 1236.571777 0 133 112
v 107.608597 912.938477 1236.571777 0 133 112
v 107.861504 912.833679 1236.262695 0 133 112
v 107.861504 912.833679 1236.262695 0 133 112
v 110.418198 925.686707 1236.262695 0 133 112
v 110.144302 925.686707 1236.571777 0 133 112
v 109.887901 925.686707 1236.894775 0 133 112
v 107.371597 913.036621 1236.894775 0 133 112
v 107.608597 912.938477 1236.571777 0 133 112
v 107.608597 912.938477 1236.571777 0 133 112
v 110.144302 925.686707 1236.571777 0 133 112
v 109.887901 925.686707 1236.894775 0 133 112
v 109.649399 925.686707 1237.230957 0 133 112
v 107.151199 913.127930 1237.230957 0 133 112
v 107.371597 913.036621 1236.894775 0 133 112
v 107.371597 913.036621 1236.894775 0 133 112
v 109.887901 925.686707 1236.894775 0 133 112
v 109.649399 925.686707 1237.230957 0 133 112
v 109.429199 925.686707 1237.579590 0 133 112
v 106.947800 913.212219 1237.579590 0 133 112
v 107.151199 913.127930 1237.230957 0 133 112
v 107.151199 913.127930 1237.230957 0 133 112
v 109.649399 925.686707 1237.230957 0 133 112
v 109.429199 925.686707 1237.579590 0 133 112
v 109.227898 925.686707 1237.940186 0 133 112
v 106.761803 913.289185 1237.940186 0 133 112
v 106.947800 913.212219 1237.579590 0 133 112
v 106.947800 913.212219 1237.579590 0 133 112
v 109.429199 925.686707 1237.579590 0 133 112
v 109.227898 925.686707 1237.940186 0 133 112
v 109.045998 925.686707 1238.311646 0 133 112
v 106.593803 913.358826 1238.311646 0 133 112
v 106.761803 913.289185 1237.940186 0 133 112
v 106.761803 913.289185 1237.940186 0 133 112
v 109.227898 925.686707 1237.940186 0 133 112
v 109.045998 925.686707 1238.311646 0 133 112
v 108.884499 925.686707 1238.692383 0 133 112
v 106.444603 913.420715 1238.692383 0 133 112
v 106.593803 913.358826 1238.311646 0 133 112
v 106.593803 913.358826 1238.311646 0 133 112
v 109.045998 925.686707 1238.311646 0 133 112
v 108.884499 925.686707 1238.692383 0 133 112
v 108.744003 925.686707 1239.080566 0 133 112
v 106.314796 913.474426 1239.080566 0 133 112
v 106.444603 913.420715 1238.692383 0 133 112
v 106.444603 913.420715 1238.692383 0 133 112
v 108.884499 925.686707 1238.692383 0 133 112
v 108.744003 925.686707 1239.080566 0 133 112
v 108.624802 925.686707 1239.475342 0 133 112
v 106.204697 913.520020 1239.475342 0 133 112
v 106.314796 913.474426 1239.080566 0 133 112
v 106.314796 913.474426 1239.080566 0 133 112
v 108.744003 925.686707 1239.080566 0 133 112
v 108.624802 925.686707 1239.475342 0 133 112
v 108.527000 925.686707 1239.875732 0 133 112
v 106.114304 913.557373 1239.875732 0 133 112
v 106.204697 913.520020 1239.475342 0 133 112
v 106.204697 913.520020 1239.475342 0 133 112
v 108.624802 925.686707 1239.475342 0 133 112
v 108.527000 925.686707 1239.875732 0 133 112
v 108.450897 925.686707 1240.281250 0 133 112
v 106.043999 913.586487 1240.281250 0 133 112
v 106.114304 913.557373 1239.875732 0 133 112
v 106.114304 913.557373 1239.875732 0 133 112
v 108.527000 925.686707 1239.875732 0 133 112
v 108.450897 925.686707 1240.281250 0 133 112
v 108.396698 925.686707 1240.690430 0 133 112
v 105.994003 913.607300 1240.690430 0 133 112
v 106.043999 913.586487 1240.281250 0 133 112
v 106.043999 913.586487 1240.281250 0 133 112
v 108.450897 925.686707 1240.281250 0 133 112
v 108.396698 925.686707 1240.690430 0 133 112
v 108.364700 925.686707 1241.102783 0 133 112
v 105.964401 913.619629 1241.102783 0 133 112
v 105.994003 913.607300 1240.690430 0 133 112
v 105.994003 913.607300 1240.690430 0 133 112
v 108.396698 925.686707 1240.690430 0 133 112
v 108.364700 925.686707 1241.102783 0 133 112

f 1 2 3
f 2133 4 2134
f 5 2135 2136
f 2137 6 2138
f 7 2139 2140
f 2141 8 2142
f 9 2143 2144
f 2145 10 2146
f 11 2147 2148
f 2149 12 2150
f 13 2151 2152
f 2153 14 2154
f 15 2155 2156
f 2157 16 2158
f 17 2159 2160
f 2161 18 2162
f 19 2163 2164
f 2165 20 2166
f 21 2167 2168
f 2169 22 2170
f 23 2171 2172
f 2173 24 2174
f 25 2175 2176
f 2177 26 2178
f 27 2179 2180
f 2181 28 2182
f 2183 2184 2185
f 2186 2187 2188
f 29 30 31
f 2189 32 2190
f 33 2191 2192
f 2193 34 2194
f 2195 2196 2197
f 2198 2199 2200
f 35 36 37
f 2201 38 2202
f 39 2203 2204
f 2205 40 2206
f 2207 2208 2209
f 2210 2211 2212
f 2213 2214 2215
f 2216 2217 2218
f 2219 2220 2221
f 2222 2223 2224
f 2225 2226 2227
f 2228 2229 2230
f 2231 2232 2233
f 2234 2235 2236
f 2237 2238 2239
f 2240 2241 2242
f 2243 2244 2245
f 2246 2247 2248
f 2249 2250 2251
f 2252 2253 2254
f 2255 2256 2257
f 2258 2259 2260
f 2261 2262 2263
f 2264 2265 2266
f 2267 2268 2269
f 2270 2271 2272
f 2273 2274 2275
f 2276 2277 2278
f 2279 2280 2281
f 2282 2283 2284
f 2285 2286 2287
f 2288 2289 2290
f 2291 2292 2293
f 2294 2295 2296
f 2297 2298 2299
f 2300 2301 2302
f 2303 2304 2305
f 2306 2307 2308
f 2309 2310 2311
f 2312 2313 2314
f 2315 2316 2317
f 2318 2319 2320
f 2321 2322 2323
f 2324 2325 2326
f 2327 2328 2329
f 2330 2331 2332
f 2333 2334 2335
f 2336 2337 2338
f 2339 2340 2341
f 2342 2343 2344
f 41 42 43
f 2345 44 2346
f 45 46 2347
f 2348 2349 2350
f 47 48 2351
f 2352 2353 2354
f 49 50 2355
f 2356 2357 2358
f 51 52 2359
f 2360 2361 2362
f 53 54 2363
f 2364 2365 2366
f 55 56 2367
f 2368 2369 2370
f 57 58 2371
f 2372 2373 2374
f 59 60 2375
f 2376 2377 2378
f 61 62 2379
f 2380 2381 2382
f 63 64 2383
f 2384 2385 2386
f 65 66 2387
f 2388 2389 2390
f 67 68 2391
f 2392 2393 2394
f 69 70 2395
f 2396 2397 2398
f 71 72 2399
f 2400 2401 2402
f 73 74 2403
f 2404 2405 2406
f 75 76 2407
f 2408 2409 2410
f 77 78 2411
f 2412 2413 2414
f 79 80 2415
f 2416 2417 2418
f 81 82 2419
f 2420 2421 2422
f 83 84 2423
f 2424 2425 2426
f 85 86 2427
f 2428 2429 2430
f 87 88 2431
f 2432 2433 2434
f 89 90 2435
f 2436 2437 2438
f 91 92 2439
f 2440 2441 2442
f 93 94 2443
f 2444 2445 2446
f 95 96 2447
f 2448 2449 2450
f 97 98 2451
f 2452 2453 2454
f 99 100 2455
f 2456 2457 2458
f 101 102 2459
f 2460 2461 2462
f 103 104 2463
f 2464 2465 2466
f 105 106 2467
f 2468 2469 2470
f 107 108 2471
f 2472 2473 2474
f 109 110 2475
f 2476 2477 2478
f 111 112 2479
f 2480 2481 2482
f 113 114 2483
f 2484 2485 2486
f 115 116 2487
f 2488 2489 2490
f 117 118 2491
f 2492 2493 2494
f 119 120 2495
f 2496 2497 2498
f 121 122 2499
f 2500 2501 2502
f 123 124 2503
f 2504 2505 2506
f 125 126 2507
f 2508 2509 2510
f 127 128 2511
f 2512 2513 2514
f 129 130 2515
f 2516 2517 2518
f 131 132 2519
f 2520 2521 2522
f 133 134 2523
f 2524 2525 2526
f 135 136 2527
f 2528 2529 2530
f 137 138 2531
f 2532 2533 2534
f 139 140 2535
f 2536 2537 2538
f 141 142 2539
f 2540 2541 2542
f 143 144 2543
f 2544 2545 2546
f 145 146 2547
f 2548 2549 2550
f 147 148 2551
f 2552 2553 2554
f 149 150 2555
f 2556 2557 2558
f 151 152 2559
f 2560 2561 2562
f 153 154 2563
f 2564 2565 2566
f 155 156 2567
f 2568 2569 2570
f 157 158 2571
f 2572 2573 2574
f 159 160 2575
f 2576 2577 2578
f 161 162 2579
f 2580 2581 2582
f 163 164 2583
f 2584 2585 2586
f 165 166 2587
f 2588 2589 2590
f 167 168 2591
f 2592 2593 2594
f 169 170 2595
f 2596 2597 2598
f 171 172 2599
f 2600 2601 2602
f 2603 2604 2605
f 2606 2607 2608
f 173 2609 2610
f 2611 174 2612
f 175 2613 2614
f 2615 2616 2617
f 176 2618 2619
f 2620 2621 2622
f 177 2623 2624
f 2625 2626 2627
f 178 2628 2629
f 2630 2631 2632
f 179 2633 2634
f 2635 2636 2637
f 180 2638 2639
f 2640 2641 2642
f 181 2643 2644
f 2645 2646 2647
f 182 2648 2649
f 2650 2651 2652
f 183 2653 2654
f 2655 2656 2657
f 184 2658 2659
f 2660 2661 2662
f 185 2663 2664
f 2665 2666 2667
f 186 2668 2669
f 2670 2671 2672
f 187 2673 2674
f 2675 2676 2677
f 188 2678 2679
f 2680 2681 2682
f 189 2683 2684
f 2685 2686 2687
f 190 2688 2689
f 2690 2691 2692
f 191 2693 2694
f 2695 2696 2697
f 192 2698 2699
f 2700 2701 2702
f 193 2703 2704
f 2705 2706 2707
f 2708 2709 2710
f 2711 2712 2713
f 194 2714 2715
f 2716 2717 2718
f 195 2719 2720
f 2721 2722 2723
f 196 2724 2725
f 2726 2727 2728
f 197 2729 2730
f 2731 2732 2733
f 198 2734 2735
f 2736 2737 2738
f 199 2739 2740
f 2741 2742 2743
f 200 2744 2745
f 2746 2747 2748
f 201 2749 2750
f 2751 2752 2753
f 202 2754 2755
f 2756 2757 2758
f 203 2759 2760
f 2761 2762 2763
f 204 2764 2765
f 2766 2767 2768
f 205 2769 2770
f 2771 2772 2773
f 206 2774 2775
f 2776 2777 2778
f 207 2779 2780
f 2781 2782 2783
f 208 2784 2785
f 2786 2787 2788
f 209 2789 2790
f 2791 2792 2793
f 210 2794 2795
f 2796 2797 2798
f 211 2799 2800
f 2801 2802 2803
f 212 2804 2805
f 2806 2807 2808
f 213 2809 2810
f 2811 2812 2813
f 214 2814 2815
f 2816 2817 2818
f 215 2819 2820
f 2821 2822 2823
f 216 2824 2825
f 2826 2827 2828
f 217 2829 2830
f 2831 2832 2833
f 218 2834 2835
f 2836 2837 2838
f 219 2839 2840
f 2841 2842 2843
f 220 2844 2845
f 2846 2847 2848
f 221 2849 2850
f 2851 2852 2853
f 222 2854 2855
f 2856 2857 2858
f 223 2859 2860
f 2861 2862 2863
f 224 2864 2865
f 2866 2867 2868
f 225 2869 2870
f 2871 2872 2873
f 226 2874 2875
f 2876 2877 2878
f 227 2879 2880
f 2881 2882 2883
f 228 2884 2885
f 2886 2887 2888
f 229 2889 2890
f 2891 2892 2893
f 230 2894 2895
f 2896 2897 2898
f 231 2899 2900
f 2901 2902 2903
f 232 2904 2905
f 2906 2907 2908
f 233 2909 2910
f 2911 2912 2913
f 234 2914 2915
f 2916 2917 2918
f 235 2919 2920
f 2921 2922 2923
f 236 2924 2925
f 2926 2927 2928
f 237 2929 2930
f 2931 2932 2933
f 2934 2935 2936
f 2937 2938 2939
f 238 2940 2941
f 2942 239 2943
f 240 2944 2945
f 2946 2947 2948
f 241 2949 2950
f 2951 2952 2953
f 242 2954 2955
f 2956 2957 2958
f 243 2959 2960
f 2961 2962 2963
f 244 2964 2965
f 2966 2967 2968
f 245 2969 2970
f 2971 2972 2973
f 246 2974 2975
f 2976 2977 2978
f 247 2979 2980
f 2981 2982 2983
f 248 2984 2985
f 2986 2987 2988
f 249 2989 2990
f 2991 2992 2993
f 250 2994 2995
f 2996 2997 2998
f 251 2999 3000
f 3001 3002 3003
f 252 3004 3005
f 3006 3007 3008
f 253 3009 3010
f 3011 3012 3013
f 254 3014 3015
f 3016 3017 3018
f 255 3019 3020
f 3021 3022 3023
f 256 3024 3025
f 3026 3027 3028
f 257 3029 3030
f 3031 3032 3033
f 258 3034 3035
f 3036 3037 3038
f 259 3039 3040
f 3041 3042 3043
f 260 3044 3045
f 3046 3047 3048
f 261 3049 3050
f 3051 3052 3053
f 262 3054 3055
f 3056 3057 3058
f 263 3059 3060
f 3061 3062 3063
f 264 3064 3065
f 3066 3067 3068
f 265 3069 3070
f 3071 3072 3073
f 266 3074 3075
f 3076 3077 3078
f 267 3079 3080
f 3081 3082 3083
f 268 3084 3085
f 3086 3087 3088
f 269 3089 3090
f 3091 3092 3093
f 270 3094 3095
f 3096 3097 3098
f 271 3099 3100
f 3101 3102 3103
f 272 3104 3105
f 3106 3107 3108
f 273 3109 3110
f 3111 3112 3113
f 274 3114 3115
f 3116 3117 3118
f 275 3119 3120
f 3121 3122 3123
f 276 3124 3125
f 3126 3127 3128
f 277 3129 3130
f 3131 3132 3133
f 278 3134 3135
f 3136 3137 3138
f 279 3139 3140
f 3141 3142 3143
f 280 3144 3145
f 3146 3147 3148
f 281 3149 3150
f 3151 3152 3153
f 282 3154 3155
f 3156 3157 3158
f 283 3159 3160
f 3161 3162 3163
f 284 3164 3165
f 3166 3167 3168
f 285 3169 3170
f 3171 3172 3173
f 286 3174 3175
f 3176 3177 3178
f 287 3179 3180
f 3181 3182 3183
f 288 3184 3185
f 3186 3187 3188
f 289 3189 3190
f 3191 3192 3193
f 290 3194 3195
f 3196 3197 3198
f 291 3199 3200
f 3201 3202 3203
f 292 3204 3205
f 3206 3207 3208
f 293 3209 3210
f 3211 3212 3213
f 294 3214 3215
f 3216 3217 3218
f 295 3219 3220
f 3221 3222 3223
f 296 3224 3225
f 3226 3227 3228
f 297 3229 3230
f 3231 3232 3233
f 298 3234 3235
f 3236 3237 3238
f 299 3239 3240
f 3241 3242 3243
f 300 3244 3245
f 3246 3247 3248
f 301 3249 3250
f 3251 3252 3253
f 302 3254 3255
f 3256 3257 3258
f 303 3259 3260
f 3261 3262 3263
f 3264 3265 3266
f 3267 3268 3269
f 304 3270 3271
f 3272 305 3273
f 306 3274 3275
f 3276 3277 3278
f 307 3279 3280
f 3281 3282 3283
f 308 3284 3285
f 3286 3287 3288
f 309 3289 3290
f 3291 3292 3293
f 310 3294 3295
f 3296 3297 3298
f 311 3299 3300
f 3301 3302 3303
f 312 3304 3305
f 3306 3307 3308
f 313 3309 3310
f 3311 3312 3313
f 314 3314 3315
f 3316 3317 3318
f 315 3319 3320
f 3321 3322 3323
f 316 3324 3325
f 3326 3327 3328
f 317 3329 3330
f 3331 3332 3333
f 318 3334 3335
f 3336 3337 3338
f 319 3339 3340
f 3341 3342 3343
f 320 3344 3345
f 3346 3347 3348
f 321 3349 3350
f 3351 3352 3353
f 322 3354 3355
f 3356 3357 3358
f 323 3359 3360
f 3361 3362 3363
f 324 3364 3365
f 3366 3367 3368
f 3369 3370 3371
f 3372 3373 3374
f 325 3375 3376
f 3377 3378 3379
f 326 3380 3381
f 3382 3383 3384
f 327 3385 3386
f 3387 3388 3389
f 328 3390 3391
f 3392 3393 3394
f 329 3395 3396
f 3397 3398 3399
f 330 3400 3401
f 3402 3403 3404
f 331 3405 3406
f 3407 3408 3409
f 332 3410 3411
f 3412 3413 3414
f 333 3415 3416
f 3417 3418 3419
f 334 3420 3421
f 3422 3423 3424
f 335 3425 3426
f 3427 3428 3429
f 336 3430 3431
f 3432 3433 3434
f 337 3435 3436
f 3437 3438 3439
f 338 3440 3441
f 3442 3443 3444
f 339 3445 3446
f 3447 3448 3449
f 340 3450 3451
f 3452 3453 3454
f 341 3455 3456
f 3457 3458 3459
f 342 3460 3461
f 3462 3463 3464
f 343 3465 3466
f 3467 3468 3469
f 344 3470 3471
f 3472 3473 3474
f 345 3475 3476
f 3477 3478 3479
f 346 3480 3481
f 3482 3483 3484
f 347 3485 3486
f 3487 3488 3489
f 348 3490 3491
f 3492 3493 3494
f 349 3495 3496
f 3497 3498 3499
f 350 3500 3501
f 3502 3503 3504
f 351 3505 3506
f 3507 3508 3509
f 352 3510 3511
f 3512 3513 3514
f 353 3515 3516
f 3517 3518 3519
f 354 3520 3521
f 3522 3523 3524
f 355 3525 3526
f 3527 3528 3529
f 356 3530 3531
f 3532 3533 3534
f 357 3535 3536
f 3537 3538 3539
f 358 3540 3541
f 3542 3543 3544
f 359 3545 3546
f 3547 3548 3549
f 360 3550 3551
f 3552 3553 3554
f 361 3555 3556
f 3557 3558 3559
f 362 3560 3561
f 3562 3563 3564
f 363 3565 3566
f 3567 3568 3569
f 364 3570 3571
f 3572 3573 3574
f 365 3575 3576
f 3577 3578 3579
f 366 3580 3581
f 3582 3583 3584
f 367 3585 3586
f 3587 3588 3589
f 368 3590 3591
f 3592 3593 3594
f 3595 3596 3597
f 3598 3599 3600
f 369 3601 3602
f 3603 370 3604
f 371 3605 3606
f 3607 3608 3609
f 372 3610 3611
f 3612 3613 3614
f 373 3615 3616
f 3617 3618 3619
f 374 3620 3621
f 3622 3623 3624
f 375 3625 3626
f 3627 3628 3629
f 376 3630 3631
f 3632 3633 3634
f 377 3635 3636
f 3637 3638 3639
f 378 3640 3641
f 3642 3643 3644
f 379 3645 3646
f 3647 3648 3649
f 380 3650 3651
f 3652 3653 3654
f 381 3655 3656
f 3657 3658 3659
f 382 3660 3661
f 3662 3663 3664
f 383 3665 3666
f 3667 3668 3669
f 384 3670 3671
f 3672 3673 3674
f 385 3675 3676
f 3677 3678 3679
f 386 3680 3681
f 3682 3683 3684
f 387 3685 3686
f 3687 3688 3689
f 388 3690 3691
f 3692 3693 3694
f 389 3695 3696
f 3697 3698 3699
f 3700 3701 3702
f 3703 3704 3705
f 390 3706 3707
f 3708 3709 3710
f 391 3711 3712
f 3713 3714 3715
f 392 3716 3717
f 3718 3719 3720
f 393 3721 3722
f 3723 3724 3725
f 394 3726 3727
f 3728 3729 3730
f 395 3731 3732
f 3733 3734 3735
f 396 3736 3737
f 3738 3739 3740
f 397 3741 3742
f 3743 3744 3745
f 398 3746 3747
f 3748 3749 3750
f 399 3751 3752
f 3753 3754 3755
f 400 3756 3757
f 3758 3759 3760
f 401 3761 3762
f 3763 3764 3765
f 402 3766 3767
f 3768 3769 3770
f 403 3771 3772
f 3773 3774 3775
f 404 3776 3777
f 3778 3779 3780
f 405 3781 3782
f 3783 3784 3785
f 406 3786 3787
f 3788 3789 3790
f 407 3791 3792
f 3793 3794 3795
f 408 3796 3797
f 3798 3799 3800
f 409 3801 3802
f 3803 3804 3805
f 410 3806 3807
f 3808 3809 3810
f 411 3811 3812
f 3813 3814 3815
f 412 3816 3817
f 3818 3819 3820
f 413 3821 3822
f 3823 3824 3825
f 414 3826 3827
f 3828 3829 3830
f 415 3831 3832
f 3833 3834 3835
f 416 3836 3837
f 3838 3839 3840
f 417 3841 3842
f 3843 3844 3845
f 418 3846 3847
f 3848 3849 3850
f 419 3851 3852
f 3853 3854 3855
f 420 3856 3857
f 3858 3859 3860
f 421 3861 3862
f 3863 3864 3865
f 422 3866 3867
f 3868 3869 3870
f 423 3871 3872
f 3873 3874 3875
f 424 3876 3877
f 3878 3879 3880
f 425 3881 3882
f 3883 3884 3885
f 426 3886 3887
f 3888 3889 3890
f 427 3891 3892
f 3893 3894 3895
f 428 3896 3897
f 3898 3899 3900
f 429 3901 3902
f 3903 3904 3905
f 430 3906 3907
f 3908 3909 3910
f 431 3911 3912
f 3913 3914 3915
f 432 3916 3917
f 3918 3919 3920
f 433 3921 3922
f 3923 3924 3925
f 3926 3927 3928
f 3929 3930 3931
f 434 3932 3933
f 3934 435 3935
f 436 3936 3937
f 3938 3939 3940
f 437 3941 3942
f 3943 3944 3945
f 438 3946 3947
f 3948 3949 3950
f 439 3951 3952
f 3953 3954 3955
f 440 3956 3957
f 3958 3959 3960
f 441 3961 3962
f 3963 3964 3965
f 442 3966 3967
f 3968 3969 3970
f 443 3971 3972
f 3973 3974 3975
f 444 3976 3977
f 3978 3979 3980
f 445 3981 3982
f 3983 3984 3985
f 446 3986 3987
f 3988 3989 3990
f 447 3991 3992
f 3993 3994 3995
f 448 3996 3997
f 3998 3999 4000
f 449 4001 4002
f 4003 4004 4005
f 450 4006 4007
f 4008 4009 4010
f 451 4011 4012
f 4013 4014 4015
f 452 4016 4017
f 4018 4019 4020
f 453 4021 4022
f 4023 4024 4025
f 454 4026 4027
f 4028 4029 4030
f 455 4031 4032
f 4033 4034 4035
f 456 4036 4037
f 4038 4039 4040
f 457 4041 4042
f 4043 4044 4045
f 458 4046 4047
f 4048 4049 4050
f 459 4051 4052
f 4053 4054 4055
f 460 4056 4057
f 4058 4059 4060
f 461 4061 4062
f 4063 4064 4065
f 462 4066 4067
f 4068 4069 4070
f 463 4071 4072
f 4073 4074 4075
f 464 4076 4077
f 4078 4079 4080
f 465 4081 4082
f 4083 4084 4085
f 466 4086 4087
f 4088 4089 4090
f 467 4091 4092
f 4093 4094 4095
f 468 4096 4097
f 4098 4099 4100
f 469 4101 4102
f 4103 4104 4105
f 470 4106 4107
f 4108 4109 4110
f 471 4111 4112
f 4113 4114 4115
f 472 4116 4117
f 4118 4119 4120
f 473 4121 4122
f 4123 4124 4125
f 474 4126 4127
f 4128 4129 4130
f 475 4131 4132
f 4133 4134 4135
f 476 4136 4137
f 4138 4139 4140
f 477 4141 4142
f 4143 4144 4145
f 478 4146 4147
f 4148 4149 4150
f 479 4151 4152
f 4153 4154 4155
f 480 4156 4157
f 4158 4159 4160
f 481 4161 4162
f 4163 4164 4165
f 482 4166 4167
f 4168 4169 4170
f 483 4171 4172
f 4173 4174 4175
f 484 4176 4177
f 4178 4179 4180
f 485 4181 4182
f 4183 4184 4185
f 486 4186 4187
f 4188 4189 4190
f 487 4191 4192
f 4193 4194 4195
f 488 4196 4197
f 4198 4199 4200
f 489 4201 4202
f 4203 4204 4205
f 490 4206 4207
f 4208 4209 4210
f 491 4211 4212
f 4213 4214 4215
f 492 4216 4217
f 4218 4219 4220
f 493 4221 4222
f 4223 4224 4225
f 494 4226 4227
f 4228 4229 4230
f 495 4231 4232
f 4233 4234 4235
f 496 4236 4237
f 4238 4239 4240
f 497 4241 4242
f 4243 4244 4245
f 498 4246 4247
f 4248 4249 4250
f 499 4251 4252
f 4253 4254 4255
f 4256 4257 4258
f 4259 4260 4261
f 500 4262 4263
f 4264 501 4265
f 502 4266 4267
f 4268 4269 4270
f 503 4271 4272
f 4273 4274 4275
f 504 4276 4277
f 4278 4279 4280
f 505 4281 4282
f 4283 4284 4285
f 506 4286 4287
f 4288 4289 4290
f 507 4291 4292
f 4293 4294 4295
f 508 4296 4297
f 4298 4299 4300
f 509 4301 4302
f 4303 4304 4305
f 510 4306 4307
f 4308 4309 4310
f 511 4311 4312
f 4313 4314 4315
f 512 4316 4317
f 4318 4319 4320
f 513 4321 4322
f 4323 4324 4325
f 514 4326 4327
f 4328 4329 4330
f 515 4331 4332
f 4333 4334 4335
f 516 4336 4337
f 4338 4339 4340
f 517 4341 4342
f 4343 4344 4345
f 518 4346 4347
f 4348 4349 4350
f 519 4351 4352
f 4353 4354 4355
f 520 4356 4357
f 4358 4359 4360
f 4361 4362 4363
f 4364 4365 4366
f 521 4367 4368
f 4369 4370 4371
f 522 4372 4373
f 4374 4375 4376
f 523 4377 4378
f 4379 4380 4381
f 524 4382 4383
f 4384 4385 4386
f 525 4387 4388
f 4389 4390 4391
f 526 4392 4393
f 4394 4395 4396
f 527 4397 4398
f 4399 4400 4401
f 528 4402 4403
f 4404 4405 4406
f 529 4407 4408
f 4409 4410 4411
f 530 4412 4413
f 4414 4415 4416
f 531 4417 4418
f 4419 4420 4421
f 532 4422 4423
f 4424 4425 4426
f 533 4427 4428
f 4429 4430 4431
f 534 4432 4433
f 4434 4435 4436
f 535 4437 4438
f 4439 4440 4441
f 536 4442 4443
f 4444 4445 4446
f 537 4447 4448
f 4449 4450 4451
f 538 4452 4453
f 4454 4455 4456
f 539 4457 4458
f 4459 4460 4461
f 540 4462 4463
f 4464 4465 4466
f 541 4467 4468
f 4469 4470 4471
f 542 4472 4473
f 4474 4475 4476
f 543 4477 4478
f 4479 4480 4481
f 544 4482 4483
f 4484 4485 4486
f 545 4487 4488
f 4489 4490 4491
f 546 4492 4493
f 4494 4495 4496
f 547 4497 4498
f 4499 4500 4501
f 548 4502 4503
f 4504 4505 4506
f 549 4507 4508
f 4509 4510 4511
f 550 4512 4513
f 4514 4515 4516
f 551 4517 4518
f 4519 4520 4521
f 552 4522 4523
f 4524 4525 4526
f 553 4527 4528
f 4529 4530 4531
f 554 4532 4533
f 4534 4535 4536
f 555 4537 4538
f 4539 4540 4541
f 556 4542 4543
f 4544 4545 4546
f 557 4547 4548
f 4549 4550 4551
f 558 4552 4553
f 4554 4555 4556
f 559 4557 4558
f 4559 4560 4561
f 560 4562 4563
f 4564 4565 4566
f 561 4567 4568
f 4569 4570 4571
f 562 4572 4573
f 4574 4575 4576
f 563 4577 4578
f 4579 4580 4581
f 564 4582 4583
f 4584 4585 4586
f 4587 4588 4589
f 4590 4591 4592
f 565 4593 4594
f 4595 566 4596
f 567 4597 4598
f 4599 4600 4601
f 568 4602 4603
f 4604 4605 4606
f 569 4607 4608
f 4609 4610 4611
f 570 4612 4613
f 4614 4615 4616
f 571 4617 4618
f 4619 4620 4621
f 572 4622 4623
f 4624 4625 4626
f 573 4627 4628
f 4629 4630 4631
f 574 4632 4633
f 4634 4635 4636
f 575 4637 4638
f 4639 4640 4641
f 576 4642 4643
f 4644 4645 4646
f 577 4647 4648
f 4649 4650 4651
f 578 4652 4653
f 4654 4655 4656
f 579 4657 4658
f 4659 4660 4661
f 580 4662 4663
f 4664 4665 4666
f 581 4667 4668
f 4669 4670 4671
f 582 4672 4673
f 4674 4675 4676
f 583 4677 4678
f 4679 4680 4681
f 584 4682 4683
f 4684 4685 4686
f 585 4687 4688
f 4689 4690 4691
f 586 4692 4693
f 4694 4695 4696
f 587 4697 4698
f 4699 4700 4701
f 588 4702 4703
f 4704 4705 4706
f 589 4707 4708
f 4709 4710 4711
f 590 4712 4713
f 4714 4715 4716
f 591 4717 4718
f 4719 4720 4721
f 592 4722 4723
f 4724 4725 4726
f 593 4727 4728
f 4729 4730 4731
f 594 4732 4733
f 4734 4735 4736
f 595 4737 4738
f 4739 4740 4741
f 596 4742 4743
f 4744 4745 4746
f 597 4747 4748
f 4749 4750 4751
f 598 4752 4753
f 4754 4755 4756
f 599 4757 4758
f 4759 4760 4761
f 600 4762 4763
f 4764 4765 4766
f 601 4767 4768
f 4769 4770 4771
f 602 4772 4773
f 4774 4775 4776
f 603 4777 4778
f 4779 4780 4781
f 604 4782 4783
f 4784 4785 4786
f 605 4787 4788
f 4789 4790 4791
f 606 4792 4793
f 4794 4795 4796
f 607 4797 4798
f 4799 4800 4801
f 608 4802 4803
f 4804 4805 4806
f 609 4807 4808
f 4809 4810 4811
f 610 4812 4813
f 4814 4815 4816
f 611 4817 4818
f 4819 4820 4821
f 612 4822 4823
f 4824 4825 4826
f 613 4827 4828
f 4829 4830 4831
f 614 4832 4833
f 4834 4835 4836
f 615 4837 4838
f 4839 4840 4841
f 616 4842 4843
f 4844 4845 4846
f 617 4847 4848
f 4849 4850 4851
f 618 4852 4853
f 4854 4855 4856
f 619 4857 4858
f 4859 4860 4861
f 620 4862 4863
f 4864 4865 4866
f 621 4867 4868
f 4869 4870 4871
f 622 4872 4873
f 4874 4875 4876
f 623 4877 4878
f 4879 4880 4881
f 624 4882 4883
f 4884 4885 4886
f 625 4887 4888
f 4889 4890 4891
f 626 4892 4893
f 4894 4895 4896
f 627 4897 4898
f 4899 4900 4901
f 628 4902 4903
f 4904 4905 4906
f 629 4907 4908
f 4909 4910 4911
f 630 4912 4913
f 4914 4915 4916
f 4917 4918 4919
f 4920 4921 4922
f 631 4923 4924
f 4925 632 4926
f 633 4927 4928
f 4929 4930 4931
f 634 4932 4933
f 4934 4935 4936
f 635 4937 4938
f 4939 4940 4941
f 636 4942 4943
f 4944 4945 4946
f 637 4947 4948
f 4949 4950 4951
f 638 4952 4953
f 4954 4955 4956
f 639 4957 4958
f 4959 4960 4961
f 640 4962 4963
f 4964 4965 4966
f 641 4967 4968
f 4969 4970 4971
f 642 4972 4973
f 4974 4975 4976
f 643 4977 4978
f 4979 4980 4981
f 644 4982 4983
f 4984 4985 4986
f 645 4987 4988
f 4989 4990 4991
f 646 4992 4993
f 4994 4995 4996
f 647 4997 4998
f 4999 5000 5001
f 648 5002 5003
f 5004 5005 5006
f 649 5007 5008
f 5009 5010 5011
f 650 5012 5013
f 5014 5015 5016
f 651 5017 5018
f 5019 5020 5021
f 5022 5023 5024
f 5025 5026 5027
f 652 5028 5029
f 5030 5031 5032
f 653 5033 5034
f 5035 5036 5037
f 654 5038 5039
f 5040 5041 5042
f 655 5043 5044
f 5045 5046 5047
f 656 5048 5049
f 5050 5051 5052
f 657 5053 5054
f 5055 5056 5057
f 658 5058 5059
f 5060 5061 5062
f 659 5063 5064
f 5065 5066 5067
f 660 5068 5069
f 5070 5071 5072
f 661 5073 5074
f 5075 5076 5077
f 662 5078 5079
f 5080 5081 5082
f 663 5083 5084
f 5085 5086 5087
f 664 5088 5089
f 5090 5091 5092
f 665 5093 5094
f 5095 5096 5097
f 666 5098 5099
f 5100 5101 5102
f 667 5103 5104
f 5105 5106 5107
f 668 5108 5109
f 5110 5111 5112
f 669 5113 5114
f 5115 5116 5117
f 670 5118 5119
f 5120 5121 5122
f 671 5123 5124
f 5125 5126 5127
f 672 5128 5129
f 5130 5131 5132
f 673 5133 5134
f 5135 5136 5137
f 674 5138 5139
f 5140 5141 5142
f 675 5143 5144
f 5145 5146 5147
f 676 5148 5149
f 5150 5151 5152
f 677 5153 5154
f 5155 5156 5157
f 678 5158 5159
f 5160 5161 5162
f 679 5163 5164
f 5165 5166 5167
f 680 5168 5169
f 5170 5171 5172
f 681 5173 5174
f 5175 5176 5177
f 682 5178 5179
f 5180 5181 5182
f 683 5183 5184
f 5185 5186 5187
f 684 5188 5189
f 5190 5191 5192
f 685 5193 5194
f 5195 5196 5197
f 686 5198 5199
f 5200 5201 5202
f 687 5203 5204
f 5205 5206 5207
f 688 5208 5209
f 5210 5211 5212
f 689 5213 5214
f 5215 5216 5217
f 690 5218 5219
f 5220 5221 5222
f 691 5223 5224
f 5225 5226 5227
f 692 5228 5229
f 5230 5231 5232
f 693 5233 5234
f 5235 5236 5237
f 694 5238 5239
f 5240 5241 5242
f 695 5243 5244
f 5245 5246 5247
f 5248 5249 5250
f 5251 5252 5253
f 696 5254 5255
f 5256 697 5257
f 698 5258 5259
f 5260 5261 5262
f 699 5263 5264
f 5265 5266 5267
f 700 5268 5269
f 5270 5271 5272
f 701 5273 5274
f 5275 5276 5277
f 702 5278 5279
f 5280 5281 5282
f 703 5283 5284
f 5285 5286 5287
f 704 5288 5289
f 5290 5291 5292
f 705 5293 5294
f 5295 5296 5297
f 706 5298 5299
f 5300 5301 5302
f 707 5303 5304
f 5305 5306 5307
f 708 5308 5309
f 5310 5311 5312
f 709 5313 5314
f 5315 5316 5317
f 710 5318 5319
f 5320 5321 5322
f 711 5323 5324
f 5325 5326 5327
f 712 5328 5329
f 5330 5331 5332
f 713 5333 5334
f 5335 5336 5337
f 714 5338 5339
f 5340 5341 5342
f 715 5343 5344
f 5345 5346 5347
f 716 5348 5349
f 5350 5351 5352
f 5353 5354 5355
f 5356 5357 5358
f 717 5359 5360
f 5361 5362 5363
f 718 5364 5365
f 5366 5367 5368
f 719 5369 5370
f 5371 5372 5373
f 720 5374 5375
f 5376 5377 5378
f 721 5379 5380
f 5381 5382 5383
f 722 5384 5385
f 5386 5387 5388
f 723 5389 5390
f 5391 5392 5393
f 724 5394 5395
f 5396 5397 5398
f 725 5399 5400
f 5401 5402 5403
f 726 5404 5405
f 5406 5407 5408
f 727 5409 5410
f 5411 5412 5413
f 728 5414 5415
f 5416 5417 5418
f 729 5419 5420
f 5421 5422 5423
f 730 5424 5425
f 5426 5427 5428
f 731 5429 5430
f 5431 5432 5433
f 732 5434 5435
f 5436 5437 5438
f 733 5439 5440
f 5441 5442 5443
f 734 5444 5445
f 5446 5447 5448
f 735 5449 5450
f 5451 5452 5453
f 736 5454 5455
f 5456 5457 5458
f 737 5459 5460
f 5461 5462 5463
f 738 5464 5465
f 5466 5467 5468
f 739 5469 5470
f 5471 5472 5473
f 740 5474 5475
f 5476 5477 5478
f 741 5479 5480
f 5481 5482 5483
f 742 5484 5485
f 5486 5487 5488
f 743 5489 5490
f 5491 5492 5493
f 744 5494 5495
f 5496 5497 5498
f 745 5499 5500
f 5501 5502 5503
f 746 5504 5505
f 5506 5507 5508
f 747 5509 5510
f 5511 5512 5513
f 748 5514 5515
f 5516 5517 5518
f 749 5519 5520
f 5521 5522 5523
f 750 5524 5525
f 5526 5527 5528
f 751 5529 5530
f 5531 5532 5533
f 752 5534 5535
f 5536 5537 5538
f 753 5539 5540
f 5541 5542 5543
f 754 5544 5545
f 5546 5547 5548
f 755 5549 5550
f 5551 5552 5553
f 756 5554 5555
f 5556 5557 5558
f 757 5559 5560
f 5561 5562 5563
f 758 5564 5565
f 5566 5567 5568
f 759 5569 5570
f 5571 5572 5573
f 760 5574 5575
f 5576 5577 5578
f 5579 5580 5581
f 5582 5583 5584
f 761 5585 5586
f 5587 762 5588
f 763 5589 5590
f 5591 5592 5593
f 764 5594 5595
f 5596 5597 5598
f 765 5599 5600
f 5601 5602 5603
f 766 5604 5605
f 5606 5607 5608
f 767 5609 5610
f 5611 5612 5613
f 768 5614 5615
f 5616 5617 5618
f 769 5619 5620
f 5621 5622 5623
f 770 5624 5625
f 5626 5627 5628
f 771 5629 5630
f 5631 5632 5633
f 772 5634 5635
f 5636 5637 5638
f 773 5639 5640
f 5641 5642 5643
f 774 5644 5645
f 5646 5647 5648
f 775 5649 5650
f 5651 5652 5653
f 776 5654 5655
f 5656 5657 5658
f 777 5659 5660
f 5661 5662 5663
f 778 5664 5665
f 5666 5667 5668
f 779 5669 5670
f 5671 5672 5673
f 780 5674 5675
f 5676 5677 5678
f 781 5679 5680
f 5681 5682 5683
f 782 5684 5685
f 5686 5687 5688
f 783 5689 5690
f 5691 5692 5693
f 784 5694 5695
f 5696 5697 5698
f 785 5699 5700
f 5701 5702 5703
f 786 5704 5705
f 5706 5707 5708
f 787 5709 5710
f 5711 5712 5713
f 788 5714 5715
f 5716 5717 5718
f 789 5719 5720
f 5721 5722 5723
f 790 5724 5725
f 5726 5727 5728
f 791 5729 5730
f 5731 5732 5733
f 792 5734 5735
f 5736 5737 5738
f 793 5739 5740
f 5741 5742 5743
f 794 5744 5745
f 5746 5747 5748
f 795 5749 5750
f 5751 5752 5753
f 796 5754 5755
f 5756 5757 5758
f 797 5759 5760
f 5761 5762 5763
f 798 5764 5765
f 5766 5767 5768
f 799 5769 5770
f 5771 5772 5773
f 800 5774 5775
f 5776 5777 5778
f 801 5779 5780
f 5781 5782 5783
f 802 5784 5785
f 5786 5787 5788
f 803 5789 5790
f 5791 5792 5793
f 804 5794 5795
f 5796 5797 5798
f 805 5799 5800
f 5801 5802 5803
f 806 5804 5805
f 5806 5807 5808
f 807 5809 5810
f 5811 5812 5813
f 808 5814 5815
f 5816 5817 5818
f 809 5819 5820
f 5821 5822 5823
f 810 5824 5825
f 5826 5827 5828
f 811 5829 5830
f 5831 5832 5833
f 812 5834 5835
f 5836 5837 5838
f 813 5839 5840
f 5841 5842 5843
f 814 5844 5845
f 5846 5847 5848
f 815 5849 5850
f 5851 5852 5853
f 816 5854 5855
f 5856 5857 5858
f 817 5859 5860
f 5861 5862 5863
f 818 5864 5865
f 5866 5867 5868
f 819 5869 5870
f 5871 5872 5873
f 820 5874 5875
f 5876 5877 5878
f 821 5879 5880
f 5881 5882 5883
f 822 5884 5885
f 5886 5887 5888
f 823 5889 5890
f 5891 5892 5893
f 824 5894 5895
f 5896 5897 5898
f 825 5899 5900
f 5901 5902 5903
f 826 5904 5905
f 5906 5907 5908
f 5909 5910 5911
f 5912 5913 5914
f 827 5915 5916
f 5917 828 5918
f 829 5919 5920
f 5921 5922 5923
f 830 5924 5925
f 5926 5927 5928
f 831 5929 5930
f 5931 5932 5933
f 832 5934 5935
f 5936 5937 5938
f 833 5939 5940
f 5941 5942 5943
f 834 5944 5945
f 5946 5947 5948
f 835 5949 5950
f 5951 5952 5953
f 836 5954 5955
f 5956 5957 5958
f 837 5959 5960
f 5961 5962 5963
f 838 5964 5965
f 5966 5967 5968
f 839 5969 5970
f 5971 5972 5973
f 840 5974 5975
f 5976 5977 5978
f 841 5979 5980
f 5981 5982 5983
f 842 5984 5985
f 5986 5987 5988
f 843 5989 5990
f 5991 5992 5993
f 844 5994 5995
f 5996 5997 5998
f 845 5999 6000
f 6001 6002 6003
f 846 6004 6005
f 6006 6007 6008
f 847 6009 6010
f 6011 6012 6013
f 6014 6015 6016
f 6017 6018 6019
f 848 6020 6021
f 6022 6023 6024
f 849 6025 6026
f 6027 6028 6029
f 850 6030 6031
f 6032 6033 6034
f 851 6035 6036
f 6037 6038 6039
f 852 6040 6041
f 6042 6043 6044
f 853 6045 6046
f 6047 6048 6049
f 854 6050 6051
f 6052 6053 6054
f 855 6055 6056
f 6057 6058 6059
f 856 6060 6061
f 6062 6063 6064
f 857 6065 6066
f 6067 6068 6069
f 858 6070 6071
f 6072 6073 6074
f 859 6075 6076
f 6077 6078 6079
f 860 6080 6081
f 6082 6083 6084
f 861 6085 6086
f 6087 6088 6089
f 862 6090 6091
f 6092 6093 6094
f 863 6095 6096
f 6097 6098 6099
f 864 6100 6101
f 6102 6103 6104
f 865 6105 6106
f 6107 6108 6109
f 866 6110 6111
f 6112 6113 6114
f 867 6115 6116
f 6117 6118 6119
f 868 6120 6121
f 6122 6123 6124
f 869 6125 6126
f 6127 6128 6129
f 870 6130 6131
f 6132 6133 6134
f 871 6135 6136
f 6137 6138 6139
f 872 6140 6141
f 6142 6143 6144
f 873 6145 6146
f 6147 6148 6149
f 874 6150 6151
f 6152 6153 6154
f 875 6155 6156
f 6157 6158 6159
f 876 6160 6161
f 6162 6163 6164
f 877 6165 6166
f 6167 6168 6169
f 878 6170 6171
f 6172 6173 6174
f 879 6175 6176
f 6177 6178 6179
f 880 6180 6181
f 6182 6183 6184
f 881 6185 6186
f 6187 6188 6189
f 882 6190 6191
f 6192 6193 6194
f 883 6195 6196
f 6197 6198 6199
f 884 6200 6201
f 6202 6203 6204
f 885 6205 6206
f 6207 6208 6209
f 886 6210 6211
f 6212 6213 6214
f 887 6215 6216
f 6217 6218 6219
f 888 6220 6221
f 6222 6223 6224
f 889 6225 6226
f 6227 6228 6229
f 890 6230 6231
f 6232 6233 6234
f 891 6235 6236
f 6237 6238 6239
f 6240 6241 6242
f 6243 6244 6245
f 892 6246 6247
f 6248 893 6249
f 894 6250 6251
f 6252 6253 6254
f 895 6255 6256
f 6257 6258 6259
f 896 6260 6261
f 6262 6263 6264
f 897 6265 6266
f 6267 6268 6269
f 898 6270 6271
f 6272 6273 6274
f 899 6275 6276
f 6277 6278 6279
f 900 6280 6281
f 6282 6283 6284
f 901 6285 6286
f 6287 6288 6289
f 902 6290 6291
f 6292 6293 6294
f 903 6295 6296
f 6297 6298 6299
f 904 6300 6301
f 6302 6303 6304
f 905 6305 6306
f 6307 6308 6309
f 906 6310 6311
f 6312 6313 6314
f 907 6315 6316
f 6317 6318 6319
f 908 6320 6321
f 6322 6323 6324
f 909 6325 6326
f 6327 6328 6329
f 910 6330 6331
f 6332 6333 6334
f 911 6335 6336
f 6337 6338 6339
f 912 6340 6341
f 6342 6343 6344
f 6345 6346 6347
f 6348 6349 6350
f 913 6351 6352
f 6353 6354 6355
f 914 6356 6357
f 6358 6359 6360
f 915 6361 6362
f 6363 6364 6365
f 916 6366 6367
f 6368 6369 6370
f 917 6371 6372
f 6373 6374 6375
f 918 6376 6377
f 6378 6379 6380
f 919 6381 6382
f 6383 6384 6385
f 920 6386 6387
f 6388 6389 6390
f 921 6391 6392
f 6393 6394 6395
f 922 6396 6397
f 6398 6399 6400
f 923 6401 6402
f 6403 6404 6405
f 924 6406 6407
f 6408 6409 6410
f 925 6411 6412
f 6413 6414 6415
f 926 6416 6417
f 6418 6419 6420
f 927 6421 6422
f 6423 6424 6425
f 928 6426 6427
f 6428 6429 6430
f 929 6431 6432
f 6433 6434 6435
f 930 6436 6437
f 6438 6439 6440
f 931 6441 6442
f 6443 6444 6445
f 932 6446 6447
f 6448 6449 6450
f 933 6451 6452
f 6453 6454 6455
f 934 6456 6457
f 6458 6459 6460
f 935 6461 6462
f 6463 6464 6465
f 936 6466 6467
f 6468 6469 6470
f 937 6471 6472
f 6473 6474 6475
f 938 6476 6477
f 6478 6479 6480
f 939 6481 6482
f 6483 6484 6485
f 940 6486 6487
f 6488 6489 6490
f 941 6491 6492
f 6493 6494 6495
f 942 6496 6497
f 6498 6499 6500
f 943 6501 6502
f 6503 6504 6505
f 944 6506 6507
f 6508 6509 6510
f 945 6511 6512
f 6513 6514 6515
f 946 6516 6517
f 6518 6519 6520
f 947 6521 6522
f 6523 6524 6525
f 948 6526 6527
f 6528 6529 6530
f 949 6531 6532
f 6533 6534 6535
f 950 6536 6537
f 6538 6539 6540
f 951 6541 6542
f 6543 6544 6545
f 952 6546 6547
f 6548 6549 6550
f 953 6551 6552
f 6553 6554 6555
f 954 6556 6557
f 6558 6559 6560
f 955 6561 6562
f 6563 6564 6565
f 956 6566 6567
f 6568 6569 6570
f 6571 6572 6573
f 6574 6575 6576
f 957 6577 6578
f 6579 958 6580
f 959 6581 6582
f 6583 6584 6585
f 960 6586 6587
f 6588 6589 6590
f 961 6591 6592
f 6593 6594 6595
f 962 6596 6597
f 6598 6599 6600
f 963 6601 6602
f 6603 6604 6605
f 964 6606 6607
f 6608 6609 6610
f 965 6611 6612
f 6613 6614 6615
f 966 6616 6617
f 6618 6619 6620
f 967 6621 6622
f 6623 6624 6625
f 968 6626 6627
f 6628 6629 6630
f 969 6631 6632
f 6633 6634 6635
f 970 6636 6637
f 6638 6639 6640
f 971 6641 6642
f 6643 6644 6645
f 972 6646 6647
f 6648 6649 6650
f 973 6651 6652
f 6653 6654 6655
f 974 6656 6657
f 6658 6659 6660
f 975 6661 6662
f 6663 6664 6665
f 976 6666 6667
f 6668 6669 6670
f 977 6671 6672
f 6673 6674 6675
f 6676 6677 6678
f 6679 6680 6681
f 978 6682 6683
f 6684 6685 6686
f 979 6687 6688
f 6689 6690 6691
f 980 6692 6693
f 6694 6695 6696
f 981 6697 6698
f 6699 6700 6701
f 982 6702 6703
f 6704 6705 6706
f 983 6707 6708
f 6709 6710 6711
f 984 6712 6713
f 6714 6715 6716
f 985 6717 6718
f 6719 6720 6721
f 986 6722 6723
f 6724 6725 6726
f 987 6727 6728
f 6729 6730 6731
f 988 6732 6733
f 6734 6735 6736
f 989 6737 6738
f 6739 6740 6741
f 990 6742 6743
f 6744 6745 6746
f 991 6747 6748
f 6749 6750 6751
f 992 6752 6753
f 6754 6755 6756
f 993 6757 6758
f 6759 6760 6761
f 994 6762 6763
f 6764 6765 6766
f 995 6767 6768
f 6769 6770 6771
f 996 6772 6773
f 6774 6775 6776
f 997 6777 6778
f 6779 6780 6781
f 998 6782 6783
f 6784 6785 6786
f 999 6787 6788
f 6789 6790 6791
f 1000 6792 6793
f 6794 6795 6796
f 1001 6797 6798
f 6799 6800 6801
f 1002 6802 6803
f 6804 6805 6806
f 1003 6807 6808
f 6809 6810 6811
f 1004 6812 6813
f 6814 6815 6816
f 1005 6817 6818
f 6819 6820 6821
f 1006 6822 6823
f 6824 6825 6826
f 1007 6827 6828
f 6829 6830 6831
f 1008 6832 6833
f 6834 6835 6836
f 1009 6837 6838
f 6839 6840 6841
f 1010 6842 6843
f 6844 6845 6846
f 1011 6847 6848
f 6849 6850 6851
f 1012 6852 6853
f 6854 6855 6856
f 1013 6857 6858
f 6859 6860 6861
f 1014 6862 6863
f 6864 6865 6866
f 1015 6867 6868
f 6869 6870 6871
f 1016 6872 6873
f 6874 6875 6876
f 1017 6877 6878
f 6879 6880 6881
f 1018 6882 6883
f 6884 6885 6886
f 1019 6887 6888
f 6889 6890 6891
f 1020 6892 6893
f 6894 6895 6896
f 1021 6897 6898
f 6899 6900 6901
f 6902 6903 6904
f 6905 6906 6907
f 1022 6908 6909
f 6910 1023 6911
f 1024 6912 6913
f 6914 6915 6916
f 1025 6917 6918
f 6919 6920 6921
f 1026 6922 6923
f 6924 6925 6926
f 1027 6927 6928
f 6929 6930 6931
f 1028 6932 6933
f 6934 6935 6936
f 1029 6937 6938
f 6939 6940 6941
f 1030 6942 6943
f 6944 6945 6946
f 1031 6947 6948
f 6949 6950 6951
f 1032 6952 6953
f 6954 6955 6956
f 1033 6957 6958
f 6959 6960 6961
f 1034 6962 6963
f 6964 6965 6966
f 1035 6967 6968
f 6969 6970 6971
f 1036 6972 6973
f 6974 6975 6976
f 1037 6977 6978
f 6979 6980 6981
f 1038 6982 6983
f 6984 6985 6986
f 1039 6987 6988
f 6989 6990 6991
f 1040 6992 6993
f 6994 6995 6996
f 1041 6997 6998
f 6999 7000 7001
f 1042 7002 7003
f 7004 7005 7006
f 7007 7008 7009
f 7010 7011 7012
f 1043 7013 7014
f 7015 7016 7017
f 1044 7018 7019
f 7020 7021 7022
f 1045 7023 7024
f 7025 7026 7027
f 1046 7028 7029
f 7030 7031 7032
f 1047 7033 7034
f 7035 7036 7037
f 1048 7038 7039
f 7040 7041 7042
f 1049 7043 7044
f 7045 7046 7047
f 1050 7048 7049
f 7050 7051 7052
f 1051 7053 7054
f 7055 7056 7057
f 1052 7058 7059
f 7060 7061 7062
f 1053 7063 7064
f 7065 7066 7067
f 1054 7068 7069
f 7070 7071 7072
f 1055 7073 7074
f 7075 7076 7077
f 1056 7078 7079
f 7080 7081 7082
f 1057 7083 7084
f 7085 7086 7087
f 1058 7088 7089
f 7090 7091 7092
f 1059 7093 7094
f 7095 7096 7097
f 1060 7098 7099
f 7100 7101 7102
f 1061 7103 7104
f 7105 7106 7107
f 1062 7108 7109
f 7110 7111 7112
f 1063 7113 7114
f 7115 7116 7117
f 1064 7118 7119
f 7120 7121 7122
f 1065 7123 7124
f 7125 7126 7127
f 1066 7128 7129
f 7130 7131 7132
f 1067 7133 7134
f 7135 7136 7137
f 1068 7138 7139
f 7140 7141 7142
f 1069 7143 7144
f 7145 7146 7147
f 1070 7148 7149
f 7150 7151 7152
f 1071 7153 7154
f 7155 7156 7157
f 1072 7158 7159
f 7160 7161 7162
f 1073 7163 7164
f 7165 7166 7167
f 1074 7168 7169
f 7170 7171 7172
f 1075 7173 7174
f 7175 7176 7177
f 1076 7178 7179
f 7180 7181 7182
f 1077 7183 7184
f 7185 7186 7187
f 1078 7188 7189
f 7190 7191 7192
f 1079 7193 7194
f 7195 7196 7197
f 1080 7198 7199
f 7200 7201 7202
f 1081 7203 7204
f 7205 7206 7207
f 1082 7208 7209
f 7210 7211 7212
f 1083 7213 7214
f 7215 7216 7217
f 1084 7218 7219
f 7220 7221 7222
f 1085 7223 7224
f 7225 7226 7227
f 1086 7228 7229
f 7230 7231 7232
f 7233 7234 7235
f 7236 7237 7238
f 7239 7240 7241
f 7242 7243 7244
f 7245 7246 7247
f 7248 7249 7250
f 7251 7252 7253
f 7254 7255 7256
f 7257 7258 7259
f 7260 7261 7262
f 7263 7264 7265
f 7266 7267 7268
f 7269 7270 7271
f 7272 7273 7274
f 7275 7276 7277
f 7278 7279 7280
f 7281 7282 7283
f 7284 7285 7286
f 7287 7288 7289
f 7290 7291 7292
f 7293 7294 7295
f 7296 7297 7298
f 7299 7300 7301
f 7302 7303 7304
f 7305 7306 7307
f 7308 7309 7310
f 7311 7312 7313
f 7314 7315 7316
f 7317 7318 7319
f 7320 7321 7322
f 7323 7324 7325
f 7326 7327 7328
f 7329 7330 7331
f 7332 7333 7334
f 7335 7336 7337
f 7338 7339 7340
f 7341 7342 7343
f 7344 7345 7346
f 7347 7348 7349
f 7350 7351 7352
f 7353 7354 7355
f 7356 7357 7358
f 7359 7360 7361
f 7362 7363 7364
f 7365 7366 7367
f 7368 7369 7370
f 7371 7372 7373
f 7374 7375 7376
f 7377 7378 7379
f 7380 7381 7382
f 7383 7384 7385
f 7386 7387 7388
f 7389 7390 7391
f 7392 7393 7394
f 7395 7396 7397
f 7398 7399 7400
f 7401 7402 7403
f 7404 7405 7406
f 7407 7408 7409
f 7410 7411 7412
f 7413 7414 7415
f 7416 7417 7418
f 7419 7420 7421
f 7422 7423 7424
f 7425 7426 7427
f 7428 7429 7430
f 7431 7432 7433
f 7434 7435 7436
f 7437 7438 7439
f 7440 7441 7442
f 7443 7444 7445
f 7446 7447 7448
f 7449 7450 7451
f 7452 7453 7454
f 7455 7456 7457
f 7458 7459 7460
f 7461 7462 7463
f 7464 7465 7466
f 7467 7468 7469
f 7470 7471 7472
f 7473 7474 7475
f 7476 7477 7478
f 7479 7480 7481
f 7482 7483 7484
f 7485 7486 7487
f 7488 7489 7490
f 7491 7492 7493
f 7494 7495 7496
f 7497 7498 7499
f 7500 7501 7502
f 7503 7504 7505
f 7506 7507 7508
f 7509 7510 7511
f 7512 7513 7514
f 7515 7516 7517
f 7518 7519 7520
f 7521 7522 7523
f 7524 7525 7526
f 7527 7528 7529
f 7530 7531 7532
f 7533 7534 7535
f 7536 7537 7538
f 7539 7540 7541
f 7542 7543 7544
f 7545 7546 7547
f 7548 7549 7550
f 7551 7552 7553
f 7554 7555 7556
f 7557 7558 7559
f 7560 7561 7562
f 7563 7564 7565
f 7566 7567 7568
f 7569 7570 7571
f 7572 7573 7574
f 7575 7576 7577
f 7578 7579 7580
f 7581 7582 7583
f 7584 7585 7586
f 7587 7588 7589
f 7590 7591 7592
f 7593 7594 7595
f 7596 7597 7598
f 7599 7600 7601
f 7602 7603 7604
f 7605 7606 7607
f 7608 7609 7610
f 7611 7612 7613
f 7614 7615 7616
f 7617 7618 7619
f 7620 7621 7622
f 7623 7624 7625
f 7626 7627 7628
f 7629 7630 7631
f 7632 7633 7634
f 1087 1088 1089
f 7635 1090 7636
f 1091 1092 7637
f 7638 7639 7640
f 1093 1094 7641
f 7642 7643 7644
f 1095 1096 7645
f 7646 7647 7648
f 1097 1098 7649
f 7650 7651 7652
f 1099 1100 7653
f 7654 7655 7656
f 1101 1102 7657
f 7658 7659 7660
f 1103 1104 7661
f 7662 7663 7664
f 1105 1106 7665
f 7666 7667 7668
f 1107 1108 7669
f 7670 7671 7672
f 1109 1110 7673
f 7674 7675 7676
f 1111 1112 7677
f 7678 7679 7680
f 1113 1114 7681
f 7682 7683 7684
f 1115 1116 7685
f 7686 7687 7688
f 1117 1118 7689
f 7690 7691 7692
f 1119 1120 7693
f 7694 7695 7696
f 1121 1122 7697
f 7698 7699 7700
f 1123 1124 7701
f 7702 7703 7704
f 1125 1126 7705
f 7706 7707 7708
f 1127 1128 7709
f 7710 7711 7712
f 1129 7713 7714
f 7715 7716 7717
f 1130 1131 7718
f 7719 7720 7721
f 1132 1133 7722
f 7723 7724 7725
f 1134 1135 7726
f 7727 7728 7729
f 1136 1137 7730
f 7731 7732 7733
f 1138 1139 7734
f 7735 7736 7737
f 1140 1141 7738
f 7739 7740 7741
f 1142 1143 7742
f 7743 7744 7745
f 1144 1145 7746
f 7747 7748 7749
f 1146 1147 7750
f 7751 7752 7753
f 1148 1149 7754
f 7755 7756 7757
f 1150 1151 7758
f 7759 7760 7761
f 1152 1153 7762
f 7763 7764 7765
f 1154 1155 7766
f 7767 7768 7769
f 1156 1157 7770
f 7771 7772 7773
f 1158 1159 7774
f 7775 7776 7777
f 1160 1161 7778
f 7779 7780 7781
f 1162 1163 7782
f 7783 7784 7785
f 1164 1165 7786
f 7787 7788 7789
f 1166 1167 7790
f 7791 7792 7793
f 1168 1169 7794
f 7795 7796 7797
f 1170 1171 7798
f 7799 7800 7801
f 1172 1173 7802
f 7803 7804 7805
f 1174 1175 7806
f 7807 7808 7809
f 1176 1177 7810
f 7811 7812 7813
f 1178 1179 7814
f 7815 7816 7817
f 1180 1181 7818
f 7819 7820 7821
f 1182 1183 7822
f 7823 7824 7825
f 1184 1185 7826
f 7827 7828 7829
f 1186 1187 7830
f 7831 7832 7833
f 1188 1189 7834
f 7835 7836 7837
f 1190 1191 7838
f 7839 7840 7841
f 1192 1193 7842
f 7843 7844 7845
f 1194 1195 7846
f 7847 7848 7849
f 1196 1197 7850
f 7851 7852 7853
f 1198 1199 7854
f 7855 7856 7857
f 1200 1201 7858
f 7859 7860 7861
f 1202 1203 7862
f 7863 7864 7865
f 1204 1205 7866
f 7867 7868 7869
f 1206 1207 7870
f 7871 7872 7873
f 1208 1209 7874
f 7875 7876 7877
f 1210 1211 7878
f 7879 7880 7881
f 1212 1213 7882
f 7883 7884 7885
f 1214 1215 7886
f 7887 7888 7889
f 1216 1217 7890
f 7891 7892 7893
f 7894 7895 7896
f 7897 7898 7899
f 1218 7900 7901
f 7902 1219 7903
f 1220 7904 7905
f 7906 7907 7908
f 1221 7909 7910
f 7911 7912 7913
f 1222 7914 7915
f 7916 7917 7918
f 1223 7919 7920
f 7921 7922 7923
f 1224 7924 7925
f 7926 7927 7928
f 1225 7929 7930
f 7931 7932 7933
f 1226 7934 7935
f 7936 7937 7938
f 1227 7939 7940
f 7941 7942 7943
f 1228 7944 7945
f 7946 7947 7948
f 1229 7949 7950
f 7951 7952 7953
f 1230 7954 7955
f 7956 7957 7958
f 1231 7959 7960
f 7961 7962 7963
f 1232 7964 7965
f 7966 7967 7968
f 1233 7969 7970
f 7971 7972 7973
f 1234 7974 7975
f 7976 7977 7978
f 1235 7979 7980
f 7981 7982 7983
f 1236 7984 7985
f 7986 7987 7988
f 1237 7989 7990
f 7991 7992 7993
f 1238 7994 7995
f 7996 7997 7998
f 7999 8000 8001
f 8002 8003 8004
f 1239 8005 8006
f 8007 8008 8009
f 1240 8010 8011
f 8012 8013 8014
f 1241 8015 8016
f 8017 8018 8019
f 1242 8020 8021
f 8022 8023 8024
f 1243 8025 8026
f 8027 8028 8029
f 1244 8030 8031
f 8032 8033 8034
f 1245 8035 8036
f 8037 8038 8039
f 1246 8040 8041
f 8042 8043 8044
f 1247 8045 8046
f 8047 8048 8049
f 1248 8050 8051
f 8052 8053 8054
f 1249 8055 8056
f 8057 8058 8059
f 1250 8060 8061
f 8062 8063 8064
f 1251 8065 8066
f 8067 8068 8069
f 1252 8070 8071
f 8072 8073 8074
f 1253 8075 8076
f 8077 8078 8079
f 1254 8080 8081
f 8082 8083 8084
f 1255 8085 8086
f 8087 8088 8089
f 1256 8090 8091
f 8092 8093 8094
f 1257 8095 8096
f 8097 8098 8099
f 1258 8100 8101
f 8102 8103 8104
f 1259 8105 8106
f 8107 8108 8109
f 1260 8110 8111
f 8112 8113 8114
f 1261 8115 8116
f 8117 8118 8119
f 1262 8120 8121
f 8122 8123 8124
f 1263 8125 8126
f 8127 8128 8129
f 1264 8130 8131
f 8132 8133 8134
f 1265 8135 8136
f 8137 8138 8139
f 1266 8140 8141
f 8142 8143 8144
f 1267 8145 8146
f 8147 8148 8149
f 1268 8150 8151
f 8152 8153 8154
f 1269 8155 8156
f 8157 8158 8159
f 1270 8160 8161
f 8162 8163 8164
f 1271 8165 8166
f 8167 8168 8169
f 1272 8170 8171
f 8172 8173 8174
f 1273 8175 8176
f 8177 8178 8179
f 1274 8180 8181
f 8182 8183 8184
f 1275 8185 8186
f 8187 8188 8189
f 1276 8190 8191
f 8192 8193 8194
f 1277 8195 8196
f 8197 8198 8199
f 1278 8200 8201
f 8202 8203 8204
f 1279 8205 8206
f 8207 8208 8209
f 1280 8210 8211
f 8212 8213 8214
f 1281 8215 8216
f 8217 8218 8219
f 1282 8220 8221
f 8222 8223 8224
f 8225 8226 8227
f 8228 8229 8230
f 1283 8231 8232
f 8233 1284 8234
f 1285 8235 8236
f 8237 8238 8239
f 1286 8240 8241
f 8242 8243 8244
f 1287 8245 8246
f 8247 8248 8249
f 1288 8250 8251
f 8252 8253 8254
f 1289 8255 8256
f 8257 8258 8259
f 1290 8260 8261
f 8262 8263 8264
f 1291 8265 8266
f 8267 8268 8269
f 1292 8270 8271
f 8272 8273 8274
f 1293 8275 8276
f 8277 8278 8279
f 1294 8280 8281
f 8282 8283 8284
f 1295 8285 8286
f 8287 8288 8289
f 1296 8290 8291
f 8292 8293 8294
f 1297 8295 8296
f 8297 8298 8299
f 1298 8300 8301
f 8302 8303 8304
f 1299 8305 8306
f 8307 8308 8309
f 1300 8310 8311
f 8312 8313 8314
f 1301 8315 8316
f 8317 8318 8319
f 1302 8320 8321
f 8322 8323 8324
f 1303 8325 8326
f 8327 8328 8329
f 1304 8330 8331
f 8332 8333 8334
f 1305 8335 8336
f 8337 8338 8339
f 1306 8340 8341
f 8342 8343 8344
f 1307 8345 8346
f 8347 8348 8349
f 1308 8350 8351
f 8352 8353 8354
f 1309 8355 8356
f 8357 8358 8359
f 1310 8360 8361
f 8362 8363 8364
f 1311 8365 8366
f 8367 8368 8369
f 1312 8370 8371
f 8372 8373 8374
f 1313 8375 8376
f 8377 8378 8379
f 1314 8380 8381
f 8382 8383 8384
f 1315 8385 8386
f 8387 8388 8389
f 1316 8390 8391
f 8392 8393 8394
f 1317 8395 8396
f 8397 8398 8399
f 1318 8400 8401
f 8402 8403 8404
f 1319 8405 8406
f 8407 8408 8409
f 1320 8410 8411
f 8412 8413 8414
f 1321 8415 8416
f 8417 8418 8419
f 1322 8420 8421
f 8422 8423 8424
f 1323 8425 8426
f 8427 8428 8429
f 1324 8430 8431
f 8432 8433 8434
f 1325 8435 8436
f 8437 8438 8439
f 1326 8440 8441
f 8442 8443 8444
f 1327 8445 8446
f 8447 8448 8449
f 1328 8450 8451
f 8452 8453 8454
f 1329 8455 8456
f 8457 8458 8459
f 1330 8460 8461
f 8462 8463 8464
f 1331 8465 8466
f 8467 8468 8469
f 1332 8470 8471
f 8472 8473 8474
f 1333 8475 8476
f 8477 8478 8479
f 1334 8480 8481
f 8482 8483 8484
f 1335 8485 8486
f 8487 8488 8489
f 1336 8490 8491
f 8492 8493 8494
f 1337 8495 8496
f 8497 8498 8499
f 1338 8500 8501
f 8502 8503 8504
f 1339 8505 8506
f 8507 8508 8509
f 1340 8510 8511
f 8512 8513 8514
f 1341 8515 8516
f 8517 8518 8519
f 1342 8520 8521
f 8522 8523 8524
f 1343 8525 8526
f 8527 8528 8529
f 1344 8530 8531
f 8532 8533 8534
f 1345 8535 8536
f 8537 8538 8539
f 1346 8540 8541
f 8542 8543 8544
f 1347 8545 8546
f 8547 8548 8549
f 1348 8550 8551
f 8552 8553 8554
f 8555 8556 8557
f 8558 8559 8560
f 1349 8561 8562
f 8563 1350 8564
f 1351 8565 8566
f 8567 8568 8569
f 1352 8570 8571
f 8572 8573 8574
f 1353 8575 8576
f 8577 8578 8579
f 1354 8580 8581
f 8582 8583 8584
f 1355 8585 8586
f 8587 8588 8589
f 1356 8590 8591
f 8592 8593 8594
f 1357 8595 8596
f 8597 8598 8599
f 1358 8600 8601
f 8602 8603 8604
f 1359 8605 8606
f 8607 8608 8609
f 1360 8610 8611
f 8612 8613 8614
f 1361 8615 8616
f 8617 8618 8619
f 1362 8620 8621
f 8622 8623 8624
f 1363 8625 8626
f 8627 8628 8629
f 1364 8630 8631
f 8632 8633 8634
f 1365 8635 8636
f 8637 8638 8639
f 1366 8640 8641
f 8642 8643 8644
f 1367 8645 8646
f 8647 8648 8649
f 1368 8650 8651
f 8652 8653 8654
f 1369 8655 8656
f 8657 8658 8659
f 8660 8661 8662
f 8663 8664 8665
f 1370 8666 8667
f 8668 8669 8670
f 1371 8671 8672
f 8673 8674 8675
f 1372 8676 8677
f 8678 8679 8680
f 1373 8681 8682
f 8683 8684 8685
f 1374 8686 8687
f 8688 8689 8690
f 1375 8691 8692
f 8693 8694 8695
f 1376 8696 8697
f 8698 8699 8700
f 1377 8701 8702
f 8703 8704 8705
f 1378 8706 8707
f 8708 8709 8710
f 1379 8711 8712
f 8713 8714 8715
f 1380 8716 8717
f 8718 8719 8720
f 1381 8721 8722
f 8723 8724 8725
f 1382 8726 8727
f 8728 8729 8730
f 1383 8731 8732
f 8733 8734 8735
f 1384 8736 8737
f 8738 8739 8740
f 1385 8741 8742
f 8743 8744 8745
f 1386 8746 8747
f 8748 8749 8750
f 1387 8751 8752
f 8753 8754 8755
f 1388 8756 8757
f 8758 8759 8760
f 1389 8761 8762
f 8763 8764 8765
f 1390 8766 8767
f 8768 8769 8770
f 1391 8771 8772
f 8773 8774 8775
f 1392 8776 8777
f 8778 8779 8780
f 1393 8781 8782
f 8783 8784 8785
f 1394 8786 8787
f 8788 8789 8790
f 1395 8791 8792
f 8793 8794 8795
f 1396 8796 8797
f 8798 8799 8800
f 1397 8801 8802
f 8803 8804 8805
f 1398 8806 8807
f 8808 8809 8810
f 1399 8811 8812
f 8813 8814 8815
f 1400 8816 8817
f 8818 8819 8820
f 1401 8821 8822
f 8823 8824 8825
f 1402 8826 8827
f 8828 8829 8830
f 1403 8831 8832
f 8833 8834 8835
f 1404 8836 8837
f 8838 8839 8840
f 1405 8841 8842
f 8843 8844 8845
f 1406 8846 8847
f 8848 8849 8850
f 1407 8851 8852
f 8853 8854 8855
f 1408 8856 8857
f 8858 8859 8860
f 1409 8861 8862
f 8863 8864 8865
f 1410 8866 8867
f 8868 8869 8870
f 1411 8871 8872
f 8873 8874 8875
f 1412 8876 8877
f 8878 8879 8880
f 1413 8881 8882
f 8883 8884 8885
f 8886 8887 8888
f 8889 8890 8891
f 1414 8892 8893
f 8894 1415 8895
f 1416 8896 8897
f 8898 8899 8900
f 1417 8901 8902
f 8903 8904 8905
f 1418 8906 8907
f 8908 8909 8910
f 1419 8911 8912
f 8913 8914 8915
f 1420 8916 8917
f 8918 8919 8920
f 1421 8921 8922
f 8923 8924 8925
f 1422 8926 8927
f 8928 8929 8930
f 1423 8931 8932
f 8933 8934 8935
f 1424 8936 8937
f 8938 8939 8940
f 1425 8941 8942
f 8943 8944 8945
f 1426 8946 8947
f 8948 8949 8950
f 1427 8951 8952
f 8953 8954 8955
f 1428 8956 8957
f 8958 8959 8960
f 1429 8961 8962
f 8963 8964 8965
f 1430 8966 8967
f 8968 8969 8970
f 1431 8971 8972
f 8973 8974 8975
f 1432 8976 8977
f 8978 8979 8980
f 1433 8981 8982
f 8983 8984 8985
f 1434 8986 8987
f 8988 8989 8990
f 8991 8992 8993
f 8994 8995 8996
f 1435 8997 8998
f 8999 9000 9001
f 1436 9002 9003
f 9004 9005 9006
f 1437 9007 9008
f 9009 9010 9011
f 1438 9012 9013
f 9014 9015 9016
f 1439 9017 9018
f 9019 9020 9021
f 1440 9022 9023
f 9024 9025 9026
f 1441 9027 9028
f 9029 9030 9031
f 1442 9032 9033
f 9034 9035 9036
f 1443 9037 9038
f 9039 9040 9041
f 1444 9042 9043
f 9044 9045 9046
f 1445 9047 9048
f 9049 9050 9051
f 1446 9052 9053
f 9054 9055 9056
f 1447 9057 9058
f 9059 9060 9061
f 1448 9062 9063
f 9064 9065 9066
f 1449 9067 9068
f 9069 9070 9071
f 1450 9072 9073
f 9074 9075 9076
f 1451 9077 9078
f 9079 9080 9081
f 1452 9082 9083
f 9084 9085 9086
f 1453 9087 9088
f 9089 9090 9091
f 1454 9092 9093
f 9094 9095 9096
f 1455 9097 9098
f 9099 9100 9101
f 1456 9102 9103
f 9104 9105 9106
f 1457 9107 9108
f 9109 9110 9111
f 1458 9112 9113
f 9114 9115 9116
f 1459 9117 9118
f 9119 9120 9121
f 1460 9122 9123
f 9124 9125 9126
f 1461 9127 9128
f 9129 9130 9131
f 1462 9132 9133
f 9134 9135 9136
f 1463 9137 9138
f 9139 9140 9141
f 1464 9142 9143
f 9144 9145 9146
f 1465 9147 9148
f 9149 9150 9151
f 1466 9152 9153
f 9154 9155 9156
f 1467 9157 9158
f 9159 9160 9161
f 1468 9162 9163
f 9164 9165 9166
f 1469 9167 9168
f 9169 9170 9171
f 1470 9172 9173
f 9174 9175 9176
f 1471 9177 9178
f 9179 9180 9181
f 1472 9182 9183
f 9184 9185 9186
f 1473 9187 9188
f 9189 9190 9191
f 1474 9192 9193
f 9194 9195 9196
f 1475 9197 9198
f 9199 9200 9201
f 1476 9202 9203
f 9204 9205 9206
f 1477 9207 9208
f 9209 9210 9211
f 1478 9212 9213
f 9214 9215 9216
f 9217 9218 9219
f 9220 9221 9222
f 1479 9223 9224
f 9225 1480 9226
f 1481 9227 9228
f 9229 9230 9231
f 1482 9232 9233
f 9234 9235 9236
f 1483 9237 9238
f 9239 9240 9241
f 1484 9242 9243
f 9244 9245 9246
f 1485 9247 9248
f 9249 9250 9251
f 1486 9252 9253
f 9254 9255 9256
f 1487 9257 9258
f 9259 9260 9261
f 1488 9262 9263
f 9264 9265 9266
f 1489 9267 9268
f 9269 9270 9271
f 1490 9272 9273
f 9274 9275 9276
f 1491 9277 9278
f 9279 9280 9281
f 1492 9282 9283
f 9284 9285 9286
f 1493 9287 9288
f 9289 9290 9291
f 1494 9292 9293
f 9294 9295 9296
f 1495 9297 9298
f 9299 9300 9301
f 1496 9302 9303
f 9304 9305 9306
f 1497 9307 9308
f 9309 9310 9311
f 1498 9312 9313
f 9314 9315 9316
f 1499 9317 9318
f 9319 9320 9321
f 1500 9322 9323
f 9324 9325 9326
f 1501 9327 9328
f 9329 9330 9331
f 1502 9332 9333
f 9334 9335 9336
f 1503 9337 9338
f 9339 9340 9341
f 1504 9342 9343
f 9344 9345 9346
f 1505 9347 9348
f 9349 9350 9351
f 1506 9352 9353
f 9354 9355 9356
f 1507 9357 9358
f 9359 9360 9361
f 1508 9362 9363
f 9364 9365 9366
f 1509 9367 9368
f 9369 9370 9371
f 1510 9372 9373
f 9374 9375 9376
f 1511 9377 9378
f 9379 9380 9381
f 1512 9382 9383
f 9384 9385 9386
f 1513 9387 9388
f 9389 9390 9391
f 1514 9392 9393
f 9394 9395 9396
f 1515 9397 9398
f 9399 9400 9401
f 1516 9402 9403
f 9404 9405 9406
f 1517 9407 9408
f 9409 9410 9411
f 1518 9412 9413
f 9414 9415 9416
f 1519 9417 9418
f 9419 9420 9421
f 1520 9422 9423
f 9424 9425 9426
f 1521 9427 9428
f 9429 9430 9431
f 1522 9432 9433
f 9434 9435 9436
f 1523 9437 9438
f 9439 9440 9441
f 1524 9442 9443
f 9444 9445 9446
f 1525 9447 9448
f 9449 9450 9451
f 1526 9452 9453
f 9454 9455 9456
f 1527 9457 9458
f 9459 9460 9461
f 1528 9462 9463
f 9464 9465 9466
f 1529 9467 9468
f 9469 9470 9471
f 1530 9472 9473
f 9474 9475 9476
f 1531 9477 9478
f 9479 9480 9481
f 1532 9482 9483
f 9484 9485 9486
f 1533 9487 9488
f 9489 9490 9491
f 1534 9492 9493
f 9494 9495 9496
f 1535 9497 9498
f 9499 9500 9501
f 1536 9502 9503
f 9504 9505 9506
f 1537 9507 9508
f 9509 9510 9511
f 1538 9512 9513
f 9514 9515 9516
f 1539 9517 9518
f 9519 9520 9521
f 1540 9522 9523
f 9524 9525 9526
f 1541 9527 9528
f 9529 9530 9531
f 1542 9532 9533
f 9534 9535 9536
f 1543 9537 9538
f 9539 9540 9541
f 1544 9542 9543
f 9544 9545 9546
f 9547 9548 9549
f 9550 9551 9552
f 1545 9553 9554
f 9555 1546 9556
f 1547 9557 9558
f 9559 9560 9561
f 1548 9562 9563
f 9564 9565 9566
f 1549 9567 9568
f 9569 9570 9571
f 1550 9572 9573
f 9574 9575 9576
f 1551 9577 9578
f 9579 9580 9581
f 1552 9582 9583
f 9584 9585 9586
f 1553 9587 9588
f 9589 9590 9591
f 1554 9592 9593
f 9594 9595 9596
f 1555 9597 9598
f 9599 9600 9601
f 1556 9602 9603
f 9604 9605 9606
f 1557 9607 9608
f 9609 9610 9611
f 1558 9612 9613
f 9614 9615 9616
f 1559 9617 9618
f 9619 9620 9621
f 1560 9622 9623
f 9624 9625 9626
f 1561 9627 9628
f 9629 9630 9631
f 1562 9632 9633
f 9634 9635 9636
f 1563 9637 9638
f 9639 9640 9641
f 1564 9642 9643
f 9644 9645 9646
f 1565 9647 9648
f 9649 9650 9651
f 9652 9653 9654
f 9655 9656 9657
f 1566 9658 9659
f 9660 9661 9662
f 1567 9663 9664
f 9665 9666 9667
f 1568 9668 9669
f 9670 9671 9672
f 1569 9673 9674
f 9675 9676 9677
f 1570 9678 9679
f 9680 9681 9682
f 1571 9683 9684
f 9685 9686 9687
f 1572 9688 9689
f 9690 9691 9692
f 1573 9693 9694
f 9695 9696 9697
f 1574 9698 9699
f 9700 9701 9702
f 1575 9703 9704
f 9705 9706 9707
f 1576 9708 9709
f 9710 9711 9712
f 1577 9713 9714
f 9715 9716 9717
f 1578 9718 9719
f 9720 9721 9722
f 1579 9723 9724
f 9725 9726 9727
f 1580 9728 9729
f 9730 9731 9732
f 1581 9733 9734
f 9735 9736 9737
f 1582 9738 9739
f 9740 9741 9742
f 1583 9743 9744
f 9745 9746 9747
f 1584 9748 9749
f 9750 9751 9752
f 1585 9753 9754
f 9755 9756 9757
f 1586 9758 9759
f 9760 9761 9762
f 1587 9763 9764
f 9765 9766 9767
f 1588 9768 9769
f 9770 9771 9772
f 1589 9773 9774
f 9775 9776 9777
f 1590 9778 9779
f 9780 9781 9782
f 1591 9783 9784
f 9785 9786 9787
f 1592 9788 9789
f 9790 9791 9792
f 1593 9793 9794
f 9795 9796 9797
f 1594 9798 9799
f 9800 9801 9802
f 1595 9803 9804
f 9805 9806 9807
f 1596 9808 9809
f 9810 9811 9812
f 1597 9813 9814
f 9815 9816 9817
f 1598 9818 9819
f 9820 9821 9822
f 1599 9823 9824
f 9825 9826 9827
f 1600 9828 9829
f 9830 9831 9832
f 1601 9833 9834
f 9835 9836 9837
f 1602 9838 9839
f 9840 9841 9842
f 1603 9843 9844
f 9845 9846 9847
f 1604 9848 9849
f 9850 9851 9852
f 1605 9853 9854
f 9855 9856 9857
f 1606 9858 9859
f 9860 9861 9862
f 1607 9863 9864
f 9865 9866 9867
f 1608 9868 9869
f 9870 9871 9872
f 1609 9873 9874
f 9875 9876 9877
f 9878 9879 9880
f 9881 9882 9883
f 1610 9884 9885
f 9886 1611 9887
f 1612 9888 9889
f 9890 9891 9892
f 1613 9893 9894
f 9895 9896 9897
f 1614 9898 9899
f 9900 9901 9902
f 1615 9903 9904
f 9905 9906 9907
f 1616 9908 9909
f 9910 9911 9912
f 1617 9913 9914
f 9915 9916 9917
f 1618 9918 9919
f 9920 9921 9922
f 1619 9923 9924
f 9925 9926 9927
f 1620 9928 9929
f 9930 9931 9932
f 1621 9933 9934
f 9935 9936 9937
f 1622 9938 9939
f 9940 9941 9942
f 1623 9943 9944
f 9945 9946 9947
f 1624 9948 9949
f 9950 9951 9952
f 1625 9953 9954
f 9955 9956 9957
f 1626 9958 9959
f 9960 9961 9962
f 1627 9963 9964
f 9965 9966 9967
f 1628 9968 9969
f 9970 9971 9972
f 1629 9973 9974
f 9975 9976 9977
f 1630 9978 9979
f 9980 9981 9982
f 9983 9984 9985
f 9986 9987 9988
f 1631 9989 9990
f 9991 9992 9993
f 1632 9994 9995
f 9996 9997 9998
f 1633 9999 10000
f 10001 10002 10003
f 1634 10004 10005
f 10006 10007 10008
f 1635 10009 10010
f 10011 10012 10013
f 1636 10014 10015
f 10016 10017 10018
f 1637 10019 10020
f 10021 10022 10023
f 1638 10024 10025
f 10026 10027 10028
f 1639 10029 10030
f 10031 10032 10033
f 1640 10034 10035
f 10036 10037 10038
f 1641 10039 10040
f 10041 10042 10043
f 1642 10044 10045
f 10046 10047 10048
f 1643 10049 10050
f 10051 10052 10053
f 1644 10054 10055
f 10056 10057 10058
f 1645 10059 10060
f 10061 10062 10063
f 1646 10064 10065
f 10066 10067 10068
f 1647 10069 10070
f 10071 10072 10073
f 1648 10074 10075
f 10076 10077 10078
f 1649 10079 10080
f 10081 10082 10083
f 1650 10084 10085
f 10086 10087 10088
f 1651 10089 10090
f 10091 10092 10093
f 1652 10094 10095
f 10096 10097 10098
f 1653 10099 10100
f 10101 10102 10103
f 1654 10104 10105
f 10106 10107 10108
f 1655 10109 10110
f 10111 10112 10113
f 1656 10114 10115
f 10116 10117 10118
f 1657 10119 10120
f 10121 10122 10123
f 1658 10124 10125
f 10126 10127 10128
f 1659 10129 10130
f 10131 10132 10133
f 1660 10134 10135
f 10136 10137 10138
f 1661 10139 10140
f 10141 10142 10143
f 1662 10144 10145
f 10146 10147 10148
f 1663 10149 10150
f 10151 10152 10153
f 1664 10154 10155
f 10156 10157 10158
f 1665 10159 10160
f 10161 10162 10163
f 1666 10164 10165
f 10166 10167 10168
f 1667 10169 10170
f 10171 10172 10173
f 1668 10174 10175
f 10176 10177 10178
f 1669 10179 10180
f 10181 10182 10183
f 1670 10184 10185
f 10186 10187 10188
f 1671 10189 10190
f 10191 10192 10193
f 1672 10194 10195
f 10196 10197 10198
f 1673 10199 10200
f 10201 10202 10203
f 1674 10204 10205
f 10206 10207 10208
f 10209 10210 10211
f 10212 10213 10214
f 1675 10215 10216
f 10217 1676 10218
f 1677 10219 10220
f 10221 10222 10223
f 1678 10224 10225
f 10226 10227 10228
f 1679 10229 10230
f 10231 10232 10233
f 1680 10234 10235
f 10236 10237 10238
f 1681 10239 10240
f 10241 10242 10243
f 1682 10244 10245
f 10246 10247 10248
f 1683 10249 10250
f 10251 10252 10253
f 1684 10254 10255
f 10256 10257 10258
f 1685 10259 10260
f 10261 10262 10263
f 1686 10264 10265
f 10266 10267 10268
f 1687 10269 10270
f 10271 10272 10273
f 1688 10274 10275
f 10276 10277 10278
f 1689 10279 10280
f 10281 10282 10283
f 1690 10284 10285
f 10286 10287 10288
f 1691 10289 10290
f 10291 10292 10293
f 1692 10294 10295
f 10296 10297 10298
f 1693 10299 10300
f 10301 10302 10303
f 1694 10304 10305
f 10306 10307 10308
f 1695 10309 10310
f 10311 10312 10313
f 1696 10314 10315
f 10316 10317 10318
f 1697 10319 10320
f 10321 10322 10323
f 1698 10324 10325
f 10326 10327 10328
f 1699 10329 10330
f 10331 10332 10333
f 1700 10334 10335
f 10336 10337 10338
f 1701 10339 10340
f 10341 10342 10343
f 1702 10344 10345
f 10346 10347 10348
f 1703 10349 10350
f 10351 10352 10353
f 1704 10354 10355
f 10356 10357 10358
f 1705 10359 10360
f 10361 10362 10363
f 1706 10364 10365
f 10366 10367 10368
f 1707 10369 10370
f 10371 10372 10373
f 1708 10374 10375
f 10376 10377 10378
f 1709 10379 10380
f 10381 10382 10383
f 1710 10384 10385
f 10386 10387 10388
f 1711 10389 10390
f 10391 10392 10393
f 1712 10394 10395
f 10396 10397 10398
f 1713 10399 10400
f 10401 10402 10403
f 1714 10404 10405
f 10406 10407 10408
f 1715 10409 10410
f 10411 10412 10413
f 1716 10414 10415
f 10416 10417 10418
f 1717 10419 10420
f 10421 10422 10423
f 1718 10424 10425
f 10426 10427 10428
f 1719 10429 10430
f 10431 10432 10433
f 1720 10434 10435
f 10436 10437 10438
f 1721 10439 10440
f 10441 10442 10443
f 1722 10444 10445
f 10446 10447 10448
f 1723 10449 10450
f 10451 10452 10453
f 1724 10454 10455
f 10456 10457 10458
f 1725 10459 10460
f 10461 10462 10463
f 1726 10464 10465
f 10466 10467 10468
f 1727 10469 10470
f 10471 10472 10473
f 1728 10474 10475
f 10476 10477 10478
f 1729 10479 10480
f 10481 10482 10483
f 1730 10484 10485
f 10486 10487 10488
f 1731 10489 10490
f 10491 10492 10493
f 1732 10494 10495
f 10496 10497 10498
f 1733 10499 10500
f 10501 10502 10503
f 1734 10504 10505
f 10506 10507 10508
f 1735 10509 10510
f 10511 10512 10513
f 1736 10514 10515
f 10516 10517 10518
f 1737 10519 10520
f 10521 10522 10523
f 1738 10524 10525
f 10526 10527 10528
f 1739 10529 10530
f 10531 10532 10533
f 1740 10534 10535
f 10536 10537 10538
f 10539 10540 10541
f 10542 10543 10544
f 1741 10545 10546
f 10547 1742 10548
f 1743 10549 10550
f 10551 10552 10553
f 1744 10554 10555
f 10556 10557 10558
f 1745 10559 10560
f 10561 10562 10563
f 1746 10564 10565
f 10566 10567 10568
f 1747 10569 10570
f 10571 10572 10573
f 1748 10574 10575
f 10576 10577 10578
f 1749 10579 10580
f 10581 10582 10583
f 1750 10584 10585
f 10586 10587 10588
f 1751 10589 10590
f 10591 10592 10593
f 1752 10594 10595
f 10596 10597 10598
f 1753 10599 10600
f 10601 10602 10603
f 1754 10604 10605
f 10606 10607 10608
f 1755 10609 10610
f 10611 10612 10613
f 1756 10614 10615
f 10616 10617 10618
f 1757 10619 10620
f 10621 10622 10623
f 1758 10624 10625
f 10626 10627 10628
f 1759 10629 10630
f 10631 10632 10633
f 1760 10634 10635
f 10636 10637 10638
f 1761 10639 10640
f 10641 10642 10643
f 10644 10645 10646
f 10647 10648 10649
f 1762 10650 10651
f 10652 10653 10654
f 1763 10655 10656
f 10657 10658 10659
f 1764 10660 10661
f 10662 10663 10664
f 1765 10665 10666
f 10667 10668 10669
f 1766 10670 10671
f 10672 10673 10674
f 1767 10675 10676
f 10677 10678 10679
f 1768 10680 10681
f 10682 10683 10684
f 1769 10685 10686
f 10687 10688 10689
f 1770 10690 10691
f 10692 10693 10694
f 1771 10695 10696
f 10697 10698 10699
f 1772 10700 10701
f 10702 10703 10704
f 1773 10705 10706
f 10707 10708 10709
f 1774 10710 10711
f 10712 10713 10714
f 1775 10715 10716
f 10717 10718 10719
f 1776 10720 10721
f 10722 10723 10724
f 1777 10725 10726
f 10727 10728 10729
f 1778 10730 10731
f 10732 10733 10734
f 1779 10735 10736
f 10737 10738 10739
f 1780 10740 10741
f 10742 10743 10744
f 1781 10745 10746
f 10747 10748 10749
f 1782 10750 10751
f 10752 10753 10754
f 1783 10755 10756
f 10757 10758 10759
f 1784 10760 10761
f 10762 10763 10764
f 1785 10765 10766
f 10767 10768 10769
f 1786 10770 10771
f 10772 10773 10774
f 1787 10775 10776
f 10777 10778 10779
f 1788 10780 10781
f 10782 10783 10784
f 1789 10785 10786
f 10787 10788 10789
f 1790 10790 10791
f 10792 10793 10794
f 1791 10795 10796
f 10797 10798 10799
f 1792 10800 10801
f 10802 10803 10804
f 1793 10805 10806
f 10807 10808 10809
f 1794 10810 10811
f 10812 10813 10814
f 1795 10815 10816
f 10817 10818 10819
f 1796 10820 10821
f 10822 10823 10824
f 1797 10825 10826
f 10827 10828 10829
f 1798 10830 10831
f 10832 10833 10834
f 1799 10835 10836
f 10837 10838 10839
f 1800 10840 10841
f 10842 10843 10844
f 1801 10845 10846
f 10847 10848 10849
f 1802 10850 10851
f 10852 10853 10854
f 1803 10855 10856
f 10857 10858 10859
f 1804 10860 10861
f 10862 10863 10864
f 1805 10865 10866
f 10867 10868 10869
f 10870 10871 10872
f 10873 10874 10875
f 1806 10876 10877
f 10878 1807 10879
f 1808 10880 10881
f 10882 10883 10884
f 1809 10885 10886
f 10887 10888 10889
f 1810 10890 10891
f 10892 10893 10894
f 1811 10895 10896
f 10897 10898 10899
f 1812 10900 10901
f 10902 10903 10904
f 1813 10905 10906
f 10907 10908 10909
f 1814 10910 10911
f 10912 10913 10914
f 1815 10915 10916
f 10917 10918 10919
f 1816 10920 10921
f 10922 10923 10924
f 1817 10925 10926
f 10927 10928 10929
f 1818 10930 10931
f 10932 10933 10934
f 1819 10935 10936
f 10937 10938 10939
f 1820 10940 10941
f 10942 10943 10944
f 1821 10945 10946
f 10947 10948 10949
f 1822 10950 10951
f 10952 10953 10954
f 1823 10955 10956
f 10957 10958 10959
f 1824 10960 10961
f 10962 10963 10964
f 1825 10965 10966
f 10967 10968 10969
f 1826 10970 10971
f 10972 10973 10974
f 1827 10975 10976
f 10977 10978 10979
f 1828 10980 10981
f 10982 10983 10984
f 1829 10985 10986
f 10987 10988 10989
f 1830 10990 10991
f 10992 10993 10994
f 1831 10995 10996
f 10997 10998 10999
f 1832 11000 11001
f 11002 11003 11004
f 1833 11005 11006
f 11007 11008 11009
f 1834 11010 11011
f 11012 11013 11014
f 1835 11015 11016
f 11017 11018 11019
f 1836 11020 11021
f 11022 11023 11024
f 1837 11025 11026
f 11027 11028 11029
f 1838 11030 11031
f 11032 11033 11034
f 1839 11035 11036
f 11037 11038 11039
f 1840 11040 11041
f 11042 11043 11044
f 1841 11045 11046
f 11047 11048 11049
f 1842 11050 11051
f 11052 11053 11054
f 1843 11055 11056
f 11057 11058 11059
f 1844 11060 11061
f 11062 11063 11064
f 1845 11065 11066
f 11067 11068 11069
f 1846 11070 11071
f 11072 11073 11074
f 1847 11075 11076
f 11077 11078 11079
f 1848 11080 11081
f 11082 11083 11084
f 1849 11085 11086
f 11087 11088 11089
f 1850 11090 11091
f 11092 11093 11094
f 1851 11095 11096
f 11097 11098 11099
f 1852 11100 11101
f 11102 11103 11104
f 1853 11105 11106
f 11107 11108 11109
f 1854 11110 11111
f 11112 11113 11114
f 1855 11115 11116
f 11117 11118 11119
f 1856 11120 11121
f 11122 11123 11124
f 1857 11125 11126
f 11127 11128 11129
f 1858 11130 11131
f 11132 11133 11134
f 1859 11135 11136
f 11137 11138 11139
f 1860 11140 11141
f 11142 11143 11144
f 1861 11145 11146
f 11147 11148 11149
f 1862 11150 11151
f 11152 11153 11154
f 1863 11155 11156
f 11157 11158 11159
f 1864 11160 11161
f 11162 11163 11164
f 1865 11165 11166
f 11167 11168 11169
f 1866 11170 11171
f 11172 11173 11174
f 1867 11175 11176
f 11177 11178 11179
f 1868 11180 11181
f 11182 11183 11184
f 1869 11185 11186
f 11187 11188 11189
f 1870 11190 11191
f 11192 11193 11194
f 1871 11195 11196
f 11197 11198 11199
f 11200 11201 11202
f 11203 11204 11205
f 1872 11206 11207
f 11208 1873 11209
f 1874 11210 11211
f 11212 11213 11214
f 1875 11215 11216
f 11217 11218 11219
f 1876 11220 11221
f 11222 11223 11224
f 1877 11225 11226
f 11227 11228 11229
f 1878 11230 11231
f 11232 11233 11234
f 1879 11235 11236
f 11237 11238 11239
f 1880 11240 11241
f 11242 11243 11244
f 1881 11245 11246
f 11247 11248 11249
f 1882 11250 11251
f 11252 11253 11254
f 1883 11255 11256
f 11257 11258 11259
f 1884 11260 11261
f 11262 11263 11264
f 1885 11265 11266
f 11267 11268 11269
f 1886 11270 11271
f 11272 11273 11274
f 1887 11275 11276
f 11277 11278 11279
f 1888 11280 11281
f 11282 11283 11284
f 1889 11285 11286
f 11287 11288 11289
f 1890 11290 11291
f 11292 11293 11294
f 1891 11295 11296
f 11297 11298 11299
f 1892 11300 11301
f 11302 11303 11304
f 11305 11306 11307
f 11308 11309 11310
f 1893 11311 11312
f 11313 11314 11315
f 1894 11316 11317
f 11318 11319 11320
f 1895 11321 11322
f 11323 11324 11325
f 1896 11326 11327
f 11328 11329 11330
f 1897 11331 11332
f 11333 11334 11335
f 1898 11336 11337
f 11338 11339 11340
f 1899 11341 11342
f 11343 11344 11345
f 1900 11346 11347
f 11348 11349 11350
f 1901 11351 11352
f 11353 11354 11355
f 1902 11356 11357
f 11358 11359 11360
f 1903 11361 11362
f 11363 11364 11365
f 1904 11366 11367
f 11368 11369 11370
f 1905 11371 11372
f 11373 11374 11375
f 1906 11376 11377
f 11378 11379 11380
f 1907 11381 11382
f 11383 11384 11385
f 1908 11386 11387
f 11388 11389 11390
f 1909 11391 11392
f 11393 11394 11395
f 1910 11396 11397
f 11398 11399 11400
f 1911 11401 11402
f 11403 11404 11405
f 1912 11406 11407
f 11408 11409 11410
f 1913 11411 11412
f 11413 11414 11415
f 1914 11416 11417
f 11418 11419 11420
f 1915 11421 11422
f 11423 11424 11425
f 1916 11426 11427
f 11428 11429 11430
f 1917 11431 11432
f 11433 11434 11435
f 1918 11436 11437
f 11438 11439 11440
f 1919 11441 11442
f 11443 11444 11445
f 1920 11446 11447
f 11448 11449 11450
f 1921 11451 11452
f 11453 11454 11455
f 1922 11456 11457
f 11458 11459 11460
f 1923 11461 11462
f 11463 11464 11465
f 1924 11466 11467
f 11468 11469 11470
f 1925 11471 11472
f 11473 11474 11475
f 1926 11476 11477
f 11478 11479 11480
f 1927 11481 11482
f 11483 11484 11485
f 1928 11486 11487
f 11488 11489 11490
f 1929 11491 11492
f 11493 11494 11495
f 1930 11496 11497
f 11498 11499 11500
f 1931 11501 11502
f 11503 11504 11505
f 1932 11506 11507
f 11508 11509 11510
f 1933 11511 11512
f 11513 11514 11515
f 1934 11516 11517
f 11518 11519 11520
f 1935 11521 11522
f 11523 11524 11525
f 1936 11526 11527
f 11528 11529 11530
f 11531 11532 11533
f 11534 11535 11536
f 1937 11537 11538
f 11539 1938 11540
f 1939 11541 11542
f 11543 11544 11545
f 1940 11546 11547
f 11548 11549 11550
f 1941 11551 11552
f 11553 11554 11555
f 1942 11556 11557
f 11558 11559 11560
f 1943 11561 11562
f 11563 11564 11565
f 1944 11566 11567
f 11568 11569 11570
f 1945 11571 11572
f 11573 11574 11575
f 1946 11576 11577
f 11578 11579 11580
f 1947 11581 11582
f 11583 11584 11585
f 1948 11586 11587
f 11588 11589 11590
f 1949 11591 11592
f 11593 11594 11595
f 1950 11596 11597
f 11598 11599 11600
f 1951 11601 11602
f 11603 11604 11605
f 1952 11606 11607
f 11608 11609 11610
f 1953 11611 11612
f 11613 11614 11615
f 1954 11616 11617
f 11618 11619 11620
f 1955 11621 11622
f 11623 11624 11625
f 1956 11626 11627
f 11628 11629 11630
f 1957 11631 11632
f 11633 11634 11635
f 11636 11637 11638
f 11639 11640 11641
f 1958 11642 11643
f 11644 11645 11646
f 1959 11647 11648
f 11649 11650 11651
f 1960 11652 11653
f 11654 11655 11656
f 1961 11657 11658
f 11659 11660 11661
f 1962 11662 11663
f 11664 11665 11666
f 1963 11667 11668
f 11669 11670 11671
f 1964 11672 11673
f 11674 11675 11676
f 1965 11677 11678
f 11679 11680 11681
f 1966 11682 11683
f 11684 11685 11686
f 1967 11687 11688
f 11689 11690 11691
f 1968 11692 11693
f 11694 11695 11696
f 1969 11697 11698
f 11699 11700 11701
f 1970 11702 11703
f 11704 11705 11706
f 1971 11707 11708
f 11709 11710 11711
f 1972 11712 11713
f 11714 11715 11716
f 1973 11717 11718
f 11719 11720 11721
f 1974 11722 11723
f 11724 11725 11726
f 1975 11727 11728
f 11729 11730 11731
f 1976 11732 11733
f 11734 11735 11736
f 1977 11737 11738
f 11739 11740 11741
f 1978 11742 11743
f 11744 11745 11746
f 1979 11747 11748
f 11749 11750 11751
f 1980 11752 11753
f 11754 11755 11756
f 1981 11757 11758
f 11759 11760 11761
f 1982 11762 11763
f 11764 11765 11766
f 1983 11767 11768
f 11769 11770 11771
f 1984 11772 11773
f 11774 11775 11776
f 1985 11777 11778
f 11779 11780 11781
f 1986 11782 11783
f 11784 11785 11786
f 1987 11787 11788
f 11789 11790 11791
f 1988 11792 11793
f 11794 11795 11796
f 1989 11797 11798
f 11799 11800 11801
f 1990 11802 11803
f 11804 11805 11806
f 1991 11807 11808
f 11809 11810 11811
f 1992 11812 11813
f 11814 11815 11816
f 1993 11817 11818
f 11819 11820 11821
f 1994 11822 11823
f 11824 11825 11826
f 1995 11827 11828
f 11829 11830 11831
f 1996 11832 11833
f 11834 11835 11836
f 1997 11837 11838
f 11839 11840 11841
f 1998 11842 11843
f 11844 11845 11846
f 1999 11847 11848
f 11849 11850 11851
f 2000 11852 11853
f 11854 11855 11856
f 2001 11857 11858
f 11859 11860 11861
f 11862 11863 11864
f 11865 11866 11867
f 2002 11868 11869
f 11870 2003 11871
f 2004 11872 11873
f 11874 11875 11876
f 2005 11877 11878
f 11879 11880 11881
f 2006 11882 11883
f 11884 11885 11886
f 2007 11887 11888
f 11889 11890 11891
f 2008 11892 11893
f 11894 11895 11896
f 2009 11897 11898
f 11899 11900 11901
f 2010 11902 11903
f 11904 11905 11906
f 2011 11907 11908
f 11909 11910 11911
f 2012 11912 11913
f 11914 11915 11916
f 2013 11917 11918
f 11919 11920 11921
f 2014 11922 11923
f 11924 11925 11926
f 2015 11927 11928
f 11929 11930 11931
f 2016 11932 11933
f 11934 11935 11936
f 2017 11937 11938
f 11939 11940 11941
f 2018 11942 11943
f 11944 11945 11946
f 2019 11947 11948
f 11949 11950 11951
f 2020 11952 11953
f 11954 11955 11956
f 2021 11957 11958
f 11959 11960 11961
f 2022 11962 11963
f 11964 11965 11966
f 2023 11967 11968
f 11969 11970 11971
f 2024 11972 11973
f 11974 11975 11976
f 2025 11977 11978
f 11979 11980 11981
f 2026 11982 11983
f 11984 11985 11986
f 2027 11987 11988
f 11989 11990 11991
f 2028 11992 11993
f 11994 11995 11996
f 2029 11997 11998
f 11999 12000 12001
f 2030 12002 12003
f 12004 12005 12006
f 2031 12007 12008
f 12009 12010 12011
f 2032 12012 12013
f 12014 12015 12016
f 2033 12017 12018
f 12019 12020 12021
f 2034 12022 12023
f 12024 12025 12026
f 2035 12027 12028
f 12029 12030 12031
f 2036 12032 12033
f 12034 12035 12036
f 2037 12037 12038
f 12039 12040 12041
f 2038 12042 12043
f 12044 12045 12046
f 2039 12047 12048
f 12049 12050 12051
f 2040 12052 12053
f 12054 12055 12056
f 2041 12057 12058
f 12059 12060 12061
f 2042 12062 12063
f 12064 12065 12066
f 2043 12067 12068
f 12069 12070 12071
f 2044 12072 12073
f 12074 12075 12076
f 2045 12077 12078
f 12079 12080 12081
f 2046 12082 12083
f 12084 12085 12086
f 2047 12087 12088
f 12089 12090 12091
f 2048 12092 12093
f 12094 12095 12096
f 2049 12097 12098
f 12099 12100 12101
f 2050 12102 12103
f 12104 12105 12106
f 2051 12107 12108
f 12109 12110 12111
f 2052 12112 12113
f 12114 12115 12116
f 2053 12117 12118
f 12119 12120 12121
f 2054 12122 12123
f 12124 12125 12126
f 2055 12127 12128
f 12129 12130 12131
f 2056 12132 12133
f 12134 12135 12136
f 2057 12137 12138
f 12139 12140 12141
f 2058 12142 12143
f 12144 12145 12146
f 2059 12147 12148
f 12149 12150 12151
f 2060 12152 12153
f 12154 12155 12156
f 2061 12157 12158
f 12159 12160 12161
f 2062 12162 12163
f 12164 12165 12166
f 2063 12167 12168
f 12169 12170 12171
f 2064 12172 12173
f 12174 12175 12176
f 2065 12177 12178
f 12179 12180 12181
f 2066 12182 12183
f 12184 12185 12186
f 2067 12187 12188
f 12189 12190 12191
f 12192 12193 12194
f 12195 12196 12197
f 2068 12198 12199
f 12200 2069 12201
f 2070 12202 12203
f 12204 12205 12206
f 2071 12207 12208
f 12209 12210 12211
f 2072 12212 12213
f 12214 12215 12216
f 2073 12217 12218
f 12219 12220 12221
f 2074 12222 12223
f 12224 12225 12226
f 2075 12227 12228
f 12229 12230 12231
f 2076 12232 12233
f 12234 12235 12236
f 2077 12237 12238
f 12239 12240 12241
f 2078 12242 12243
f 12244 12245 12246
f 2079 12247 12248
f 12249 12250 12251
f 2080 12252 12253
f 12254 12255 12256
f 2081 12257 12258
f 12259 12260 12261
f 2082 12262 12263
f 12264 12265 12266
f 2083 12267 12268
f 12269 12270 12271
f 2084 12272 12273
f 12274 12275 12276
f 2085 12277 12278
f 12279 12280 12281
f 2086 12282 12283
f 12284 12285 12286
f 2087 12287 12288
f 12289 12290 12291
f 2088 12292 12293
f 12294 12295 12296
f 12297 12298 12299
f 12300 12301 12302
f 2089 12303 12304
f 12305 12306 12307
f 2090 12308 12309
f 12310 12311 12312
f 2091 12313 12314
f 12315 12316 12317
f 2092 12318 12319
f 12320 12321 12322
f 2093 12323 12324
f 12325 12326 12327
f 2094 12328 12329
f 12330 12331 12332
f 2095 12333 12334
f 12335 12336 12337
f 2096 12338 12339
f 12340 12341 12342
f 2097 12343 12344
f 12345 12346 12347
f 2098 12348 12349
f 12350 12351 12352
f 2099 12353 12354
f 12355 12356 12357
f 2100 12358 12359
f 12360 12361 12362
f 2101 12363 12364
f 12365 12366 12367
f 2102 12368 12369
f 12370 12371 12372
f 2103 12373 12374
f 12375 12376 12377
f 2104 12378 12379
f 12380 12381 12382
f 2105 12383 12384
f 12385 12386 12387
f 2106 12388 12389
f 12390 12391 12392
f 2107 12393 12394
f 12395 12396 12397
f 2108 12398 12399
f 12400 12401 12402
f 2109 12403 12404
f 12405 12406 12407
f 2110 12408 12409
f 12410 12411 12412
f 2111 12413 12414
f 12415 12416 12417
f 2112 12418 12419
f 12420 12421 12422
f 2113 12423 12424
f 12425 12426 12427
f 2114 12428 12429
f 12430 12431 12432
f 2115 12433 12434
f 12435 12436 12437
f 2116 12438 12439
f 12440 12441 12442
f 2117 12443 12444
f 12445 12446 12447
f 2118 12448 12449
f 12450 12451 12452
f 2119 12453 12454
f 12455 12456 12457
f 2120 12458 12459
f 12460 12461 12462
f 2121 12463 12464
f 12465 12466 12467
f 2122 12468 12469
f 12470 12471 12472
f 2123 12473 12474
f 12475 12476 12477
f 2124 12478 12479
f 12480 12481 12482
f 2125 12483 12484
f 12485 12486 12487
f 2126 12488 12489
f 12490 12491 12492
f 2127 12493 12494
f 12495 12496 12497
f 2128 12498 12499
f 12500 12501 12502
f 2129 12503 12504
f 12505 12506 12507
f 2130 12508 12509
f 12510 12511 12512
f 2131 12513 12514
f 12515 12516 12517
f 2132 12518 12519
f 12520 12521 12522
f 12523 12524 12525
f 12526 12527 12528
f 12529 12530 12531
f 12532 12533 12534
f 12535 12536 12537
f 12538 12539 12540
f 12541 12542 12543
f 12544 12545 12546
f 12547 12548 12549
f 12550 12551 12552
f 12553 12554 12555
f 12556 12557 12558
f 12559 12560 12561
f 12562 12563 12564
f 12565 12566 12567
f 12568 12569 12570
f 12571 12572 12573
f 12574 12575 12576
f 12577 12578 12579
f 12580 12581 12582
f 12583 12584 12585
f 12586 12587 12588
f 12589 12590 12591
f 12592 12593 12594
f 12595 12596 12597
f 12598 12599 12600
f 12601 12602 12603
f 12604 12605 12606
f 12607 12608 12609
f 12610 12611 12612
f 12613 12614 12615
f 12616 12617 12618
f 12619 12620 12621
f 12622 12623 12624
f 12625 12626 12627
f 12628 12629 12630
f 12631 12632 12633
f 12634 12635 12636
f 12637 12638 12639
f 12640 12641 12642
f 12643 12644 12645
f 12646 12647 12648
f 12649 12650 12651
f 12652 12653 12654
f 12655 12656 12657
f 12658 12659 12660
f 12661 12662 12663
f 12664 12665 12666
f 12667 12668 12669
f 12670 12671 12672
f 12673 12674 12675
f 12676 12677 12678
f 12679 12680 12681
f 12682 12683 12684
f 12685 12686 12687
f 12688 12689 12690
f 12691 12692 12693
f 12694 12695 12696
f 12697 12698 12699
f 12700 12701 12702
f 12703 12704 12705
f 12706 12707 12708
f 12709 12710 12711
f 12712 12713 12714
f 12715 12716 12717
f 12718 12719 12720
f 12721 12722 12723
f 12724 12725 12726
f 12727 12728 12729
f 12730 12731 12732
f 12733 12734 12735
f 12736 12737 12738
f 12739 12740 12741
f 12742 12743 12744
f 12745 12746 12747
f 12748 12749 12750
f 12751 12752 12753
f 12754 12755 12756
f 12757 12758 12759
f 12760 12761 12762
f 12763 12764 12765
f 12766 12767 12768
f 12769 12770 12771
f 12772 12773 12774
f 12775 12776 12777
f 12778 12779 12780
f 12781 12782 12783
f 12784 12785 12786
f 12787 12788 12789
f 12790 12791 12792
f 12793 12794 12795
f 12796 12797 12798
f 12799 12800 12801
f 12802 12803 12804
f 12805 12806 12807
f 12808 12809 12810
f 12811 12812 12813
f 12814 12815 12816
f 12817 12818 12819
f 12820 12821 12822
f 12823 12824 12825
f 12826 12827 12828
f 12829 12830 12831
f 12832 12833 12834
f 12835 12836 12837
f 12838 12839 12840
f 12841 12842 12843
f 12844 12845 12846
f 12847 12848 12849
f 12850 12851 12852
f 12853 12854 12855
f 12856 12857 12858
f 12859 12860 12861
f 12862 12863 12864
f 12865 12866 12867
f 12868 12869 12870
f 12871 12872 12873
f 12874 12875 12876
f 12877 12878 12879
f 12880 12881 12882
f 12883 12884 12885
f 12886 12887 12888
f 12889 12890 12891
f 12892 12893 12894
f 12895 12896 12897
f 12898 12899 12900
f 12901 12902 12903
f 12904 12905 12906
f 12907 12908 12909
f 12910 12911 12912
f 12913 12914 12915
f 12916 12917 12918
f 12919 12920 12921
f 12922 12923 12924

